Index,run_temperature,A1_score,A2_score,B1_score,B2_score,B3_score,B4_score,C1_score,C2_score,C3_score,D1_score,D2_score,Type,Research Activity,Regional Coverage,Size,Institution,T1 - University Rules/Policies/Regulations,T2 - Center for Teaching & Learning,T3 - AI Institute/Initiative/Center/Hub/AI@U,T4 - Library/Library Guides,T5 - Academic Integrity/Honor Code,T6 - AI Steering Committee/Task Force,T7 - Other Relevant Links,all-links,A1_urls,A2_urls,B1_urls,B2_urls,B3_urls,B4_urls,C1_urls,C2_urls,C3_urls,D1_urls,D2_urls,mean_A,mean_B,mean_C,mean_D,ACAI_equal,rank_equal,ACAI_indicators,rank_indicators,ACAI_policy_heavy,rank_policy_heavy,ACAI_teaching_heavy,rank_teaching_heavy
U1,0.5,0.5,0.5,0.8333333333333334,0.5,0.8333333333333334,0.0,1.0,0.0,0.5,0.0,0.0,Public Research-Oriented,R1,South,~80k students,Texas A&M University,"- https://www.it.tamu.edu/security-and-policy/it-policy/research-security-compliance/cloud-services-research.html  
- https://www.it.tamu.edu/ai-services/index.html  
- https://policies.tamus.edu/15-99-08.pdf 
- https://policies.tamus.edu/29-01-05.pdf 
- https://ai.tamu.edu/teach-with-ai/use-guidelines-and-ethics.html 
- https://www.cyber.tamus.edu/policy/guidelines/ai/ 
- https://service.tamu.edu/TDClient/36/Portal/KB/ArticleDet?ID=1019 ","- https://cte.tamu.edu/initiatives/gen-ai/index.html 
- https://genai.tamids.tamu.edu/opportunities/gaire/ ","- https://ai.tamu.edu/index.html 
- https://tamids.tamu.edu/  
- https://genai.tamids.tamu.edu/   
- https://genai.tamids.tamu.edu/about-genai/   
- https://www.it.tamu.edu/about/strategic-initiatives/ai-framework.html","- https://tamu.libguides.com/c.php?g=1289555 
- https://tamu.libguides.com/c.php?g=1491584 ","- https://aggiehonor.tamu.edu/rules-procedures/sr20.html 
- https://ai.tamu.edu/teach-with-ai/use-guidelines-and-ethics.html ",- https://www.tamus.edu/catie/workgroups/emergingtech/ ,"- https://genai.tamids.tamu.edu/   
- https://www.it.tamu.edu/ai-services/index.html   ","- https://www.it.tamu.edu/security-and-policy/it-policy/research-security-compliance/cloud-services-research.html
- https://www.it.tamu.edu/ai-services/index.html
- https://policies.tamus.edu/15-99-08.pdf
- https://policies.tamus.edu/29-01-05.pdf
- https://ai.tamu.edu/teach-with-ai/use-guidelines-and-ethics.html
- https://www.cyber.tamus.edu/policy/guidelines/ai/
- https://service.tamu.edu/TDClient/36/Portal/KB/ArticleDet?ID=1019
- https://cte.tamu.edu/initiatives/gen-ai/index.html
- https://genai.tamids.tamu.edu/opportunities/gaire/
- https://ai.tamu.edu/index.html
- https://tamids.tamu.edu/
- https://genai.tamids.tamu.edu/
- https://genai.tamids.tamu.edu/about-genai/
- https://www.it.tamu.edu/about/strategic-initiatives/ai-framework.html
- https://tamu.libguides.com/c.php?g=1289555
- https://tamu.libguides.com/c.php?g=1491584
- https://aggiehonor.tamu.edu/rules-procedures/sr20.html
- https://www.tamus.edu/catie/workgroups/emergingtech/",https://www.cyber.tamus.edu/policy/guidelines/ai/; https://policies.tamus.edu/29-01-05.pdf,https://policies.tamus.edu/15-99-08.pdf,https://genai.tamids.tamu.edu/opportunities/gaire/; https://genai.tamids.tamu.edu/about-genai/; https://www.it.tamu.edu/ai-services/index.html,https://policies.tamus.edu/29-01-05.pdf; https://policies.tamus.edu/15-99-08.pdf,https://www.tamus.edu/catie/workgroups/emergingtech/; https://policies.tamus.edu/29-01-05.pdf,https://genai.tamids.tamu.edu/about-genai/; https://www.it.tamu.edu/ai-services/index.html; https://policies.tamus.edu/29-01-05.pdf,https://policies.tamus.edu/29-01-05.pdf; https://www.tamus.edu/catie/workgroups/emergingtech/,https://policies.tamus.edu/29-01-05.pdf; https://www.tamus.edu/catie/workgroups/emergingtech/,https://policies.tamus.edu/29-01-05.pdf; https://policies.tamus.edu/15-99-08.pdf,https://aggiehonor.tamu.edu/rules-procedures/sr20.html; https://policies.tamus.edu/29-01-05.pdf; https://www.cyber.tamus.edu/policy/guidelines/ai/,https://aggiehonor.tamu.edu/rules-procedures/sr20.html,0.5,0.5416666666666667,0.5,0.0,38.54166666666667,57.5,42.42424242424242,55.0,34.027777777777786,55.0,41.66666666666667,59.0
U1,1.0,0.6666666666666666,0.5,1.0,0.5,0.8333333333333334,0.0,1.0,0.0,0.3333333333333333,0.0,0.0,Public Research-Oriented,R1,South,~80k students,Texas A&M University,"- https://www.it.tamu.edu/security-and-policy/it-policy/research-security-compliance/cloud-services-research.html  
- https://www.it.tamu.edu/ai-services/index.html  
- https://policies.tamus.edu/15-99-08.pdf 
- https://policies.tamus.edu/29-01-05.pdf 
- https://ai.tamu.edu/teach-with-ai/use-guidelines-and-ethics.html 
- https://www.cyber.tamus.edu/policy/guidelines/ai/ 
- https://service.tamu.edu/TDClient/36/Portal/KB/ArticleDet?ID=1019 ","- https://cte.tamu.edu/initiatives/gen-ai/index.html 
- https://genai.tamids.tamu.edu/opportunities/gaire/ ","- https://ai.tamu.edu/index.html 
- https://tamids.tamu.edu/  
- https://genai.tamids.tamu.edu/   
- https://genai.tamids.tamu.edu/about-genai/   
- https://www.it.tamu.edu/about/strategic-initiatives/ai-framework.html","- https://tamu.libguides.com/c.php?g=1289555 
- https://tamu.libguides.com/c.php?g=1491584 ","- https://aggiehonor.tamu.edu/rules-procedures/sr20.html 
- https://ai.tamu.edu/teach-with-ai/use-guidelines-and-ethics.html ",- https://www.tamus.edu/catie/workgroups/emergingtech/ ,"- https://genai.tamids.tamu.edu/   
- https://www.it.tamu.edu/ai-services/index.html   ","- https://www.it.tamu.edu/security-and-policy/it-policy/research-security-compliance/cloud-services-research.html
- https://www.it.tamu.edu/ai-services/index.html
- https://policies.tamus.edu/15-99-08.pdf
- https://policies.tamus.edu/29-01-05.pdf
- https://ai.tamu.edu/teach-with-ai/use-guidelines-and-ethics.html
- https://www.cyber.tamus.edu/policy/guidelines/ai/
- https://service.tamu.edu/TDClient/36/Portal/KB/ArticleDet?ID=1019
- https://cte.tamu.edu/initiatives/gen-ai/index.html
- https://genai.tamids.tamu.edu/opportunities/gaire/
- https://ai.tamu.edu/index.html
- https://tamids.tamu.edu/
- https://genai.tamids.tamu.edu/
- https://genai.tamids.tamu.edu/about-genai/
- https://www.it.tamu.edu/about/strategic-initiatives/ai-framework.html
- https://tamu.libguides.com/c.php?g=1289555
- https://tamu.libguides.com/c.php?g=1491584
- https://aggiehonor.tamu.edu/rules-procedures/sr20.html
- https://www.tamus.edu/catie/workgroups/emergingtech/",https://www.cyber.tamus.edu/policy/guidelines/ai/; https://genai.tamids.tamu.edu/about-genai/,https://policies.tamus.edu/15-99-08.pdf,https://www.it.tamu.edu/ai-services/index.html; https://genai.tamids.tamu.edu/,https://genai.tamids.tamu.edu/about-genai/; https://www.it.tamu.edu/security-and-policy/it-policy/research-security-compliance/cloud-services-research.html,https://policies.tamus.edu/29-01-05.pdf; https://www.tamus.edu/catie/workgroups/emergingtech/,https://cte.tamu.edu/initiatives/gen-ai/index.html; https://ai.tamu.edu/teach-with-ai/use-guidelines-and-ethics.html,https://policies.tamus.edu/29-01-05.pdf,https://policies.tamus.edu/29-01-05.pdf; https://www.tamus.edu/catie/workgroups/emergingtech/,https://policies.tamus.edu/29-01-05.pdf; https://www.cyber.tamus.edu/policy/guidelines/ai/,https://policies.tamus.edu/29-01-05.pdf; https://www.cyber.tamus.edu/policy/guidelines/ai/; https://policies.tamus.edu/15-99-08.pdf,https://aggiehonor.tamu.edu/rules-procedures/sr20.html,0.5833333333333333,0.5833333333333334,0.4444444444444444,0.0,40.27777777777777,54.0,43.93939393939394,55.0,34.25925925925925,54.0,43.88888888888889,56.0
U1,1.5,0.8333333333333334,0.16666666666666666,0.8333333333333334,0.6666666666666666,0.8333333333333334,0.0,1.0,0.0,0.16666666666666666,0.0,0.0,Public Research-Oriented,R1,South,~80k students,Texas A&M University,"- https://www.it.tamu.edu/security-and-policy/it-policy/research-security-compliance/cloud-services-research.html  
- https://www.it.tamu.edu/ai-services/index.html  
- https://policies.tamus.edu/15-99-08.pdf 
- https://policies.tamus.edu/29-01-05.pdf 
- https://ai.tamu.edu/teach-with-ai/use-guidelines-and-ethics.html 
- https://www.cyber.tamus.edu/policy/guidelines/ai/ 
- https://service.tamu.edu/TDClient/36/Portal/KB/ArticleDet?ID=1019 ","- https://cte.tamu.edu/initiatives/gen-ai/index.html 
- https://genai.tamids.tamu.edu/opportunities/gaire/ ","- https://ai.tamu.edu/index.html 
- https://tamids.tamu.edu/  
- https://genai.tamids.tamu.edu/   
- https://genai.tamids.tamu.edu/about-genai/   
- https://www.it.tamu.edu/about/strategic-initiatives/ai-framework.html","- https://tamu.libguides.com/c.php?g=1289555 
- https://tamu.libguides.com/c.php?g=1491584 ","- https://aggiehonor.tamu.edu/rules-procedures/sr20.html 
- https://ai.tamu.edu/teach-with-ai/use-guidelines-and-ethics.html ",- https://www.tamus.edu/catie/workgroups/emergingtech/ ,"- https://genai.tamids.tamu.edu/   
- https://www.it.tamu.edu/ai-services/index.html   ","- https://www.it.tamu.edu/security-and-policy/it-policy/research-security-compliance/cloud-services-research.html
- https://www.it.tamu.edu/ai-services/index.html
- https://policies.tamus.edu/15-99-08.pdf
- https://policies.tamus.edu/29-01-05.pdf
- https://ai.tamu.edu/teach-with-ai/use-guidelines-and-ethics.html
- https://www.cyber.tamus.edu/policy/guidelines/ai/
- https://service.tamu.edu/TDClient/36/Portal/KB/ArticleDet?ID=1019
- https://cte.tamu.edu/initiatives/gen-ai/index.html
- https://genai.tamids.tamu.edu/opportunities/gaire/
- https://ai.tamu.edu/index.html
- https://tamids.tamu.edu/
- https://genai.tamids.tamu.edu/
- https://genai.tamids.tamu.edu/about-genai/
- https://www.it.tamu.edu/about/strategic-initiatives/ai-framework.html
- https://tamu.libguides.com/c.php?g=1289555
- https://tamu.libguides.com/c.php?g=1491584
- https://aggiehonor.tamu.edu/rules-procedures/sr20.html
- https://www.tamus.edu/catie/workgroups/emergingtech/",https://www.cyber.tamus.edu/policy/guidelines/ai/; https://policies.tamus.edu/15-99-08.pdf,https://www.cyber.tamus.edu/policy/guidelines/ai/; https://policies.tamus.edu/29-01-05.pdf; https://service.tamu.edu/TDClient/36/Portal/KB/ArticleDet?ID=1019; https://www.it.tamu.edu/ai-services/index.html,https://www.tamus.edu/catie/workgroups/emergingtech/; https://genai.tamids.tamu.edu/opportunities/gaire/,https://policies.tamus.edu/29-01-05.pdf,https://www.tamus.edu/catie/workgroups/emergingtech/,https://www.tamus.edu/catie/workgroups/emergingtech/; https://genai.tamids.tamu.edu/opportunities/gaire/; https://www.cyber.tamus.edu/policy/guidelines/ai/; https://policies.tamus.edu/29-01-05.pdf,https://policies.tamus.edu/29-01-05.pdf,https://policies.tamus.edu/29-01-05.pdf; https://www.tamus.edu/catie/workgroups/emergingtech/; https://www.cyber.tamus.edu/policy/guidelines/ai/,https://policies.tamus.edu/29-01-05.pdf,https://policies.tamus.edu/29-01-05.pdf; https://www.cyber.tamus.edu/policy/guidelines/ai/; https://aggiehonor.tamu.edu/rules-procedures/sr20.html,https://aggiehonor.tamu.edu/rules-procedures/sr20.html,0.5,0.5833333333333334,0.3888888888888889,0.0,36.80555555555556,60.5,40.909090909090914,60.0,31.01851851851852,57.0,41.111111111111114,62.0
U10,0.5,0.5,1.0,1.0,1.0,1.0,1.0,1.0,0.8333333333333334,0.6666666666666666,0.0,0.0,Public Research-Oriented,R1,West,~12k students,University of Wyoming,- https://www.uwyo.edu/regs-policies/_files/docs/regulations-2023/uwreg2-114approved7-14-23.pdf ,- https://uwyo.libguides.com/aisupport/faculty ,"- https://www.uwyo.edu/president/initiatives/ai4wy/index.html   
- https://www.uwyo.edu/president/initiatives/ai4wy/about-us.html   
- https://www.uwyo.edu/president/initiatives/ai4wy/opportunities.html   
- https://www.uwyo.edu/soc/engagement/community-industry/wyo-ai.html   ",- https://uwyo.libguides.com/aisupport ,- https://www.uwyo.edu/regs-policies/_files/docs/regulations-2023/uwreg2-114approved7-14-23.pdf ,- https://www.uwyo.edu/acadaffairs/resources/ai-committee.html ,"- https://www.uwyo.edu/president/initiatives/ai4wy/index.html   
- https://www.uwyo.edu/president/initiatives/ai4wy/about-us.html   
- https://www.uwyo.edu/president/initiatives/ai4wy/opportunities.html     ","- https://www.uwyo.edu/regs-policies/_files/docs/regulations-2023/uwreg2-114approved7-14-23.pdf
- https://uwyo.libguides.com/aisupport/faculty
- https://www.uwyo.edu/president/initiatives/ai4wy/index.html
- https://www.uwyo.edu/president/initiatives/ai4wy/about-us.html
- https://www.uwyo.edu/president/initiatives/ai4wy/opportunities.html
- https://www.uwyo.edu/soc/engagement/community-industry/wyo-ai.html
- https://uwyo.libguides.com/aisupport
- https://www.uwyo.edu/acadaffairs/resources/ai-committee.html",https://www.uwyo.edu/regs-policies/_files/docs/regulations-2023/uwreg2-114approved7-14-23.pdf; https://www.uwyo.edu/acadaffairs/_files/docs/final-report-aigw-february-2023.pdf,https://www.uwyo.edu/acadaffairs/_files/docs/ai-syllabus-recs-01-11-24-ppt.pdf; https://www.uwyo.edu/regs-policies/_files/docs/regulations-2023/uwreg2-114approved7-14-23.pdf,https://www.uwyo.edu/acadaffairs/resources/ai-committee.html; https://www.uwyo.edu/acadaffairs/_files/docs/2025-ai-committee-revised-charge-letter.pdf,https://www.uwyo.edu/acadaffairs/_files/docs/ai-syllabus-recs-01-11-24-ppt.pdf; https://www.uwyo.edu/acadaffairs/_files/docs/final-report-aigw-february-2023.pdf,https://www.uwyo.edu/acadaffairs/resources/ai-committee.html; https://www.uwyo.edu/acadaffairs/_files/docs/2025-ai-committee-revised-charge-letter.pdf,https://www.uwyo.edu/acadaffairs/_files/docs/ai-syllabus-recs-01-11-24-ppt.pdf; https://www.uwyo.edu/acadaffairs/_files/docs/final-report-aigw-february-2023.pdf,https://www.uwyo.edu/acadaffairs/resources/ai-committee.html; https://www.uwyo.edu/acadaffairs/_files/docs/2025-ai-committee-revised-charge-letter.pdf,https://www.uwyo.edu/acadaffairs/resources/ai-committee.html,https://www.uwyo.edu/acadaffairs/resources/ai-committee.html; https://www.uwyo.edu/acadaffairs/_files/docs/2025-ai-committee-revised-charge-letter.pdf,https://www.uwyo.edu/regs-policies/_files/docs/regulations-2023/uwreg2-114approved7-14-23.pdf,https://www.uwyo.edu/regs-policies/_files/docs/regulations-2023/uwreg2-114approved7-14-23.pdf,0.75,1.0,0.8333333333333334,0.0,64.58333333333334,15.5,72.72727272727273,7.0,56.94444444444445,19.0,71.66666666666667,12.0
U10,1.0,0.5,0.5,0.6666666666666666,0.5,1.0,0.0,0.8333333333333334,0.3333333333333333,0.6666666666666666,0.0,0.16666666666666666,Public Research-Oriented,R1,West,~12k students,University of Wyoming,- https://www.uwyo.edu/regs-policies/_files/docs/regulations-2023/uwreg2-114approved7-14-23.pdf ,- https://uwyo.libguides.com/aisupport/faculty ,"- https://www.uwyo.edu/president/initiatives/ai4wy/index.html   
- https://www.uwyo.edu/president/initiatives/ai4wy/about-us.html   
- https://www.uwyo.edu/president/initiatives/ai4wy/opportunities.html   
- https://www.uwyo.edu/soc/engagement/community-industry/wyo-ai.html   ",- https://uwyo.libguides.com/aisupport ,- https://www.uwyo.edu/regs-policies/_files/docs/regulations-2023/uwreg2-114approved7-14-23.pdf ,- https://www.uwyo.edu/acadaffairs/resources/ai-committee.html ,"- https://www.uwyo.edu/president/initiatives/ai4wy/index.html   
- https://www.uwyo.edu/president/initiatives/ai4wy/about-us.html   
- https://www.uwyo.edu/president/initiatives/ai4wy/opportunities.html     ","- https://www.uwyo.edu/regs-policies/_files/docs/regulations-2023/uwreg2-114approved7-14-23.pdf
- https://uwyo.libguides.com/aisupport/faculty
- https://www.uwyo.edu/president/initiatives/ai4wy/index.html
- https://www.uwyo.edu/president/initiatives/ai4wy/about-us.html
- https://www.uwyo.edu/president/initiatives/ai4wy/opportunities.html
- https://www.uwyo.edu/soc/engagement/community-industry/wyo-ai.html
- https://uwyo.libguides.com/aisupport
- https://www.uwyo.edu/acadaffairs/resources/ai-committee.html",https://www.uwyo.edu/regs-policies/_files/docs/regulations-2023/uwreg2-114approved7-14-23.pdf; https://www.uwyo.edu/acadaffairs/_files/docs/guidelines-for-acknowledging-use-of-ai-in-reports-and-publications-06-18-24.pdf,https://www.uwyo.edu/regs-policies/_files/docs/regulations-2023/uwreg2-114approved7-14-23.pdf; https://www.uwyo.edu/acadaffairs/_files/docs/guidelines-for-acknowledging-use-of-ai-in-reports-and-publications-06-18-24.pdf,https://www.uwyo.edu/acadaffairs/resources/ai-committee.html,https://www.uwyo.edu/regs-policies/_files/docs/regulations-2023/uwreg2-114approved7-14-23.pdf,https://www.uwyo.edu/acadaffairs/resources/ai-committee.html,https://www.uwyo.edu/acadaffairs/resources/ai-committee.html; https://www.uwyo.edu/regs-policies/_files/docs/regulations-2023/uwreg2-114approved7-14-23.pdf,https://www.uwyo.edu/acadaffairs/resources/ai-committee.html; https://www.uwyo.edu/president/initiatives/ai4wy/about-us.html,https://www.uwyo.edu/acadaffairs/resources/ai-committee.html; https://www.uwyo.edu/president/initiatives/ai4wy/about-us.html,https://www.uwyo.edu/acadaffairs/resources/ai-committee.html,https://www.uwyo.edu/regs-policies/_files/docs/regulations-2023/uwreg2-114approved7-14-23.pdf,https://www.uwyo.edu/regs-policies/_files/docs/regulations-2023/uwreg2-114approved7-14-23.pdf,0.5,0.5416666666666666,0.6111111111111112,0.08333333333333333,43.40277777777777,51.0,46.96969696969697,50.5,40.50925925925925,50.0,45.55555555555556,53.0
U10,1.5,0.5,0.8333333333333334,1.0,0.8333333333333334,0.8333333333333334,0.6666666666666666,1.0,0.6666666666666666,0.8333333333333334,0.0,0.16666666666666666,Public Research-Oriented,R1,West,~12k students,University of Wyoming,- https://www.uwyo.edu/regs-policies/_files/docs/regulations-2023/uwreg2-114approved7-14-23.pdf ,- https://uwyo.libguides.com/aisupport/faculty ,"- https://www.uwyo.edu/president/initiatives/ai4wy/index.html   
- https://www.uwyo.edu/president/initiatives/ai4wy/about-us.html   
- https://www.uwyo.edu/president/initiatives/ai4wy/opportunities.html   
- https://www.uwyo.edu/soc/engagement/community-industry/wyo-ai.html   ",- https://uwyo.libguides.com/aisupport ,- https://www.uwyo.edu/regs-policies/_files/docs/regulations-2023/uwreg2-114approved7-14-23.pdf ,- https://www.uwyo.edu/acadaffairs/resources/ai-committee.html ,"- https://www.uwyo.edu/president/initiatives/ai4wy/index.html   
- https://www.uwyo.edu/president/initiatives/ai4wy/about-us.html   
- https://www.uwyo.edu/president/initiatives/ai4wy/opportunities.html     ","- https://www.uwyo.edu/regs-policies/_files/docs/regulations-2023/uwreg2-114approved7-14-23.pdf
- https://uwyo.libguides.com/aisupport/faculty
- https://www.uwyo.edu/president/initiatives/ai4wy/index.html
- https://www.uwyo.edu/president/initiatives/ai4wy/about-us.html
- https://www.uwyo.edu/president/initiatives/ai4wy/opportunities.html
- https://www.uwyo.edu/soc/engagement/community-industry/wyo-ai.html
- https://uwyo.libguides.com/aisupport
- https://www.uwyo.edu/acadaffairs/resources/ai-committee.html",https://www.uwyo.edu/acadaffairs/_files/docs/final-report-aigw-february-2023.pdf; https://www.uwyo.edu/acadaffairs/_files/docs/ai-syllabus-recs-01-11-24-ppt.pdf,https://www.uwyo.edu/acadaffairs/_files/docs/ai-syllabus-recs-01-11-24-ppt.pdf; https://www.uwyo.edu/acadaffairs/_files/docs/guidelines-for-acknowledging-use-of-ai-in-reports-and-publications-06-18-24.pdf,https://www.uwyo.edu/acadaffairs/resources/ai-committee.html; https://www.uwyo.edu/acadaffairs/_files/docs/2025-ai-committee-revised-charge-letter.pdf; https://www.uwyo.edu/acadaffairs/_files/docs/final-report-aigw-february-2023.pdf,https://www.uwyo.edu/acadaffairs/_files/docs/ai-syllabus-recs-01-11-24-ppt.pdf,https://www.uwyo.edu/acadaffairs/resources/ai-committee.html; https://www.uwyo.edu/acadaffairs/_files/docs/2025-ai-committee-revised-charge-letter.pdf,https://www.uwyo.edu/acadaffairs/_files/docs/ai-syllabus-recs-01-11-24-ppt.pdf; https://www.uwyo.edu/acadaffairs/_files/docs/final-report-aigw-february-2023.pdf,https://www.uwyo.edu/acadaffairs/resources/ai-committee.html; https://www..uwyo.edu/acadaffairs/_files/docs/2025-ai-committee-revised-charge-letter.pdf,https://www.uwyo.edu/acadaffairs/resources/ai-committee.html; https://www.uwyo.edu/acadaffairs/_files/docs/final-report-aigw-february-2023.pdf,https://www.uwyo.edu/acadaffairs/resources/ai-committee.html; https://www.uwyo.edu/acadaffairs/_files/docs/2025-ai-committee-revised-charge-letter.pdf,https://www.uwyo.edu/regs-policies/_files/docs/regulations-2023/uwreg2-114approved7-14-23.pdf; https://www.uwyo.edu/acadaffairs/_files/docs/final-report-aigw-february-2023.pdf,https://www.uwyo.edu/regs-policies/_files/docs/regulations-2023/uwreg2-114approved7-14-23.pdf; https://www.uwyo.edu/acadaffairs/_files/docs/2025-ai-committee-revised-charge-letter.pdf,0.6666666666666667,0.8333333333333334,0.8333333333333334,0.08333333333333333,60.41666666666667,20.0,66.66666666666667,14.5,55.55555555555556,21.0,65.00000000000001,22.0
U11,0.5,0.8333333333333334,0.8333333333333334,1.0,1.0,1.0,1.0,1.0,0.0,0.0,0.6666666666666666,0.16666666666666666,Public Research-Oriented,R1,West,~46k students,"University of California, Berkeley","- https://oercs.berkeley.edu/appropriate-use-generative-ai-tools   
- https://ai.berkeley.edu/guidance-use-ai   
- https://ai.berkeley.edu/resources/licensed-generative-ai-tools   
- https://ai.universityofcalifornia.edu/   
- https://ai.universityofcalifornia.edu/governance-transparency/ ","- https://teaching.berkeley.edu/teaching-strategies/genai-teaching  
- https://teaching.berkeley.edu/teaching-strategies/genai-teaching/communicating-course-policies-and-talking-students   
- https://teaching.berkeley.edu/research-assessment/creating-framework-valued-learning-outcomes-2030 ","- https://ai.berkeley.edu/   
- https://ai.berkeley.edu/centers-and-programs-focused-ai   
- https://ai.berkeley.edu/research/   
- https://ai.berkeley.edu/uc-berkeley-ai-community   
- https://ai.berkeley.edu/resources/campus-ai-sandbox   
- https://cltc.berkeley.edu/program/ai-policy-hub/ ","- https://www.lib.berkeley.edu/about/conditions-of-use-for-electronic-resources   
- https://guides.lib.berkeley.edu/text-mining ",,"- https://ai.berkeley.edu/ai-governance-and-advisory-bodies   
- https://oercs.berkeley.edu/ai-governing-advisory-bodies   
- https://oercs.berkeley.edu/artificial-intelligence 
- https://evcp.berkeley.edu/initiatives/provosts-advisory-council-artificial-intelligence-pac-ai ","- https://www.berkeley.edu/ai/  
- https://ai.berkeley.edu/home   
- https://ai.berkeley.edu/uc-berkeley-ai-community   
- https://technology.berkeley.edu/AI   
- https://oercs.berkeley.edu/artificial-intelligence   
- https://vcresearch.berkeley.edu/research-unit/c3ai-digital-transformation-institute   
- https://cto.berkeley.edu/ai/uc-berkeley-ai-community ","- https://oercs.berkeley.edu/appropriate-use-generative-ai-tools
- https://ai.berkeley.edu/guidance-use-ai
- https://ai.berkeley.edu/resources/licensed-generative-ai-tools
- https://ai.universityofcalifornia.edu/
- https://ai.universityofcalifornia.edu/governance-transparency/
- https://teaching.berkeley.edu/teaching-strategies/genai-teaching
- https://teaching.berkeley.edu/teaching-strategies/genai-teaching/communicating-course-policies-and-talking-students
- https://teaching.berkeley.edu/research-assessment/creating-framework-valued-learning-outcomes-2030
- https://ai.berkeley.edu/
- https://ai.berkeley.edu/centers-and-programs-focused-ai
- https://ai.berkeley.edu/research/
- https://ai.berkeley.edu/uc-berkeley-ai-community
- https://ai.berkeley.edu/resources/campus-ai-sandbox
- https://cltc.berkeley.edu/program/ai-policy-hub/
- https://www.lib.berkeley.edu/about/conditions-of-use-for-electronic-resources
- https://guides.lib.berkeley.edu/text-mining
- https://ai.berkeley.edu/ai-governance-and-advisory-bodies
- https://oercs.berkeley.edu/ai-governing-advisory-bodies
- https://oercs.berkeley.edu/artificial-intelligence
- https://evcp.berkeley.edu/initiatives/provosts-advisory-council-artificial-intelligence-pac-ai
- https://www.berkeley.edu/ai/
- https://ai.berkeley.edu/home
- https://technology.berkeley.edu/AI
- https://vcresearch.berkeley.edu/research-unit/c3ai-digital-transformation-institute
- https://cto.berkeley.edu/ai/uc-berkeley-ai-community",https://teaching.berkeley.edu/teaching-strategies/genai-teaching/understanding-genai-and-campus-expectations; https://ai.universityofcalifornia.edu/_files/documents/ai-council-uc-ai-glossary.pdf,https://teaching.berkeley.edu/teaching-strategies/genai-teaching/communicating-course-policies-and-talking-students,https://teaching.berkeley.edu/teaching-strategies/genai-teaching; https://teaching.berkeley.edu/teaching-strategies/genai-teaching/communicating-course-policies-and-talking-students; https://teaching.berkeley.edu/teaching-strategies/genai-teaching/understanding-genai-and-campus-expectations,https://teaching.berkeley.edu/teaching-strategies/genai-teaching/communicating-course-policies-and-talking-students; https://oercs.berkeley.edu/appropriate-use-generative-ai-tools,https://teaching.berkeley.edu/teaching-strategies/genai-teaching/understanding-genai-and-campus-expectations,https://teaching.berkeley.edu/teaching-strategies/genai-teaching/communicating-course-policies-and-talking-students,https://evcp.berkeley.edu/initiatives/provosts-advisory-council-artificial-intelligence-pac-ai; https://ai.berkeley.edu/ai-governance-and-advisory-bodies; https://oercs.berkeley.edu/ai-governing-advisory-bodies,https://ai.berkeley.edu/ai-governance-and-advisory-bodies; https://oercs.berkeley.edu/ai-governing-advisory-bodies; https://ai.universityofcalifornia.edu/governance-transparency/,https://ai.universityofcalifornia.edu/governance-transparency/; https://oercs.berkeley.edu/appropriate-use-generative-ai-tools,https://teaching.berkeley.edu/teaching-strategies/genai-teaching/communicating-course-policies-and-talking-students; https://oercs.berkeley.edu/appropriate-use-generative-ai-tools,https://teaching.berkeley.edu/teaching-strategies/genai-teaching/communicating-course-policies-and-talking-students; https://oercs.berkeley.edu/appropriate-use-generative-ai-tools,0.8333333333333334,1.0,0.3333333333333333,0.41666666666666663,64.58333333333334,15.5,68.18181818181817,16.0,55.55555555555555,22.5,71.66666666666667,12.0
U11,1.0,0.8333333333333334,1.0,1.0,1.0,1.0,1.0,1.0,0.16666666666666666,0.16666666666666666,0.3333333333333333,0.0,Public Research-Oriented,R1,West,~46k students,"University of California, Berkeley","- https://oercs.berkeley.edu/appropriate-use-generative-ai-tools   
- https://ai.berkeley.edu/guidance-use-ai   
- https://ai.berkeley.edu/resources/licensed-generative-ai-tools   
- https://ai.universityofcalifornia.edu/   
- https://ai.universityofcalifornia.edu/governance-transparency/ ","- https://teaching.berkeley.edu/teaching-strategies/genai-teaching  
- https://teaching.berkeley.edu/teaching-strategies/genai-teaching/communicating-course-policies-and-talking-students   
- https://teaching.berkeley.edu/research-assessment/creating-framework-valued-learning-outcomes-2030 ","- https://ai.berkeley.edu/   
- https://ai.berkeley.edu/centers-and-programs-focused-ai   
- https://ai.berkeley.edu/research/   
- https://ai.berkeley.edu/uc-berkeley-ai-community   
- https://ai.berkeley.edu/resources/campus-ai-sandbox   
- https://cltc.berkeley.edu/program/ai-policy-hub/ ","- https://www.lib.berkeley.edu/about/conditions-of-use-for-electronic-resources   
- https://guides.lib.berkeley.edu/text-mining ",,"- https://ai.berkeley.edu/ai-governance-and-advisory-bodies   
- https://oercs.berkeley.edu/ai-governing-advisory-bodies   
- https://oercs.berkeley.edu/artificial-intelligence 
- https://evcp.berkeley.edu/initiatives/provosts-advisory-council-artificial-intelligence-pac-ai ","- https://www.berkeley.edu/ai/  
- https://ai.berkeley.edu/home   
- https://ai.berkeley.edu/uc-berkeley-ai-community   
- https://technology.berkeley.edu/AI   
- https://oercs.berkeley.edu/artificial-intelligence   
- https://vcresearch.berkeley.edu/research-unit/c3ai-digital-transformation-institute   
- https://cto.berkeley.edu/ai/uc-berkeley-ai-community ","- https://oercs.berkeley.edu/appropriate-use-generative-ai-tools
- https://ai.berkeley.edu/guidance-use-ai
- https://ai.berkeley.edu/resources/licensed-generative-ai-tools
- https://ai.universityofcalifornia.edu/
- https://ai.universityofcalifornia.edu/governance-transparency/
- https://teaching.berkeley.edu/teaching-strategies/genai-teaching
- https://teaching.berkeley.edu/teaching-strategies/genai-teaching/communicating-course-policies-and-talking-students
- https://teaching.berkeley.edu/research-assessment/creating-framework-valued-learning-outcomes-2030
- https://ai.berkeley.edu/
- https://ai.berkeley.edu/centers-and-programs-focused-ai
- https://ai.berkeley.edu/research/
- https://ai.berkeley.edu/uc-berkeley-ai-community
- https://ai.berkeley.edu/resources/campus-ai-sandbox
- https://cltc.berkeley.edu/program/ai-policy-hub/
- https://www.lib.berkeley.edu/about/conditions-of-use-for-electronic-resources
- https://guides.lib.berkeley.edu/text-mining
- https://ai.berkeley.edu/ai-governance-and-advisory-bodies
- https://oercs.berkeley.edu/ai-governing-advisory-bodies
- https://oercs.berkeley.edu/artificial-intelligence
- https://evcp.berkeley.edu/initiatives/provosts-advisory-council-artificial-intelligence-pac-ai
- https://www.berkeley.edu/ai/
- https://ai.berkeley.edu/home
- https://technology.berkeley.edu/AI
- https://vcresearch.berkeley.edu/research-unit/c3ai-digital-transformation-institute
- https://cto.berkeley.edu/ai/uc-berkeley-ai-community",https://oercs.berkeley.edu/appropriate-use-generative-ai-tools,https://teaching.berkeley.edu/teaching-strategies/genai-teaching/communicating-course-policies-and-talking-students,https://teaching.berkeley.edu/teaching-strategies/genai-teaching; https://teaching.berkeley.edu/teaching-strategies/genai-teaching/communicating-course-policies-and-talking-students,https://teaching.berkeley.edu/teaching-strategies/genai-teaching/communicating-course-policies-and-talking-students; https://oercs.berkeley.edu/appropriate-use-generative-ai-tools,https://ai.berkeley.edu/ai-governance-and-advisory-bodies; https://teaching.berkeley.edu/teaching-strategies/genai-teaching/communicating-course-policies-and-talking-students,https://teaching.berkeley.edu/teaching-strategies/genai-teaching/communicating-course-policies-and-talking-students,https://evcp.berkeley.edu/initiatives/provosts-advisory-council-artificial-intelligence-pac-ai; https://ai.berkeley.edu/ai-governance-and-advisory-bodies; https://oercs.berkeley.edu/ai-governing-advisory-bodies,https://ai.berkeley.edu/ai-governance-and-advisory-bodies; https://evcp.berkeley.edu/initiatives/provosts-advisory-council-artificial-intelligence-pac-ai; https://ai.universityofcalifornia.edu/governance-transparency/,https://ai.universityofcalifornia.edu/governance-transparency/,https://teaching.berkeley.edu/teaching-strategies/genai-teaching/communicating-course-policies-and-talking-students; https://oercs.berkeley.edu/appropriate-use-generative-ai-tools,https://teaching.berkeley.edu/teaching-strategies/genai-teaching/communicating-course-policies-and-talking-students; https://oercs.berkeley.edu/appropriate-use-generative-ai-tools,0.9166666666666667,1.0,0.4444444444444445,0.16666666666666666,63.19444444444444,20.0,68.18181818181819,16.0,52.314814814814824,31.0,70.55555555555556,16.0
U11,1.5,0.6666666666666666,1.0,1.0,1.0,0.6666666666666666,1.0,1.0,0.0,0.3333333333333333,0.6666666666666666,0.3333333333333333,Public Research-Oriented,R1,West,~46k students,"University of California, Berkeley","- https://oercs.berkeley.edu/appropriate-use-generative-ai-tools   
- https://ai.berkeley.edu/guidance-use-ai   
- https://ai.berkeley.edu/resources/licensed-generative-ai-tools   
- https://ai.universityofcalifornia.edu/   
- https://ai.universityofcalifornia.edu/governance-transparency/ ","- https://teaching.berkeley.edu/teaching-strategies/genai-teaching  
- https://teaching.berkeley.edu/teaching-strategies/genai-teaching/communicating-course-policies-and-talking-students   
- https://teaching.berkeley.edu/research-assessment/creating-framework-valued-learning-outcomes-2030 ","- https://ai.berkeley.edu/   
- https://ai.berkeley.edu/centers-and-programs-focused-ai   
- https://ai.berkeley.edu/research/   
- https://ai.berkeley.edu/uc-berkeley-ai-community   
- https://ai.berkeley.edu/resources/campus-ai-sandbox   
- https://cltc.berkeley.edu/program/ai-policy-hub/ ","- https://www.lib.berkeley.edu/about/conditions-of-use-for-electronic-resources   
- https://guides.lib.berkeley.edu/text-mining ",,"- https://ai.berkeley.edu/ai-governance-and-advisory-bodies   
- https://oercs.berkeley.edu/ai-governing-advisory-bodies   
- https://oercs.berkeley.edu/artificial-intelligence 
- https://evcp.berkeley.edu/initiatives/provosts-advisory-council-artificial-intelligence-pac-ai ","- https://www.berkeley.edu/ai/  
- https://ai.berkeley.edu/home   
- https://ai.berkeley.edu/uc-berkeley-ai-community   
- https://technology.berkeley.edu/AI   
- https://oercs.berkeley.edu/artificial-intelligence   
- https://vcresearch.berkeley.edu/research-unit/c3ai-digital-transformation-institute   
- https://cto.berkeley.edu/ai/uc-berkeley-ai-community ","- https://oercs.berkeley.edu/appropriate-use-generative-ai-tools
- https://ai.berkeley.edu/guidance-use-ai
- https://ai.berkeley.edu/resources/licensed-generative-ai-tools
- https://ai.universityofcalifornia.edu/
- https://ai.universityofcalifornia.edu/governance-transparency/
- https://teaching.berkeley.edu/teaching-strategies/genai-teaching
- https://teaching.berkeley.edu/teaching-strategies/genai-teaching/communicating-course-policies-and-talking-students
- https://teaching.berkeley.edu/research-assessment/creating-framework-valued-learning-outcomes-2030
- https://ai.berkeley.edu/
- https://ai.berkeley.edu/centers-and-programs-focused-ai
- https://ai.berkeley.edu/research/
- https://ai.berkeley.edu/uc-berkeley-ai-community
- https://ai.berkeley.edu/resources/campus-ai-sandbox
- https://cltc.berkeley.edu/program/ai-policy-hub/
- https://www.lib.berkeley.edu/about/conditions-of-use-for-electronic-resources
- https://guides.lib.berkeley.edu/text-mining
- https://ai.berkeley.edu/ai-governance-and-advisory-bodies
- https://oercs.berkeley.edu/ai-governing-advisory-bodies
- https://oercs.berkeley.edu/artificial-intelligence
- https://evcp.berkeley.edu/initiatives/provosts-advisory-council-artificial-intelligence-pac-ai
- https://www.berkeley.edu/ai/
- https://ai.berkeley.edu/home
- https://technology.berkeley.edu/AI
- https://vcresearch.berkeley.edu/research-unit/c3ai-digital-transformation-institute
- https://cto.berkeley.edu/ai/uc-berkeley-ai-community",https://oercs.berkeley.edu/appropriate-use-generative-ai-tools,https://teaching.berkeley.edu/teaching-strategies/genai-teaching/communicating-course-policies-and-talking-students,https://teaching.berkeley.edu/teaching-strategies/genai-teaching; https://teaching.berkeley.edu/teaching-strategies/genai-teaching/communicating-course-policies-and-talking-students,https://oercs.berkeley.edu/appropriate-use-generative-ai-tools; https://teaching.berkeley.edu/teaching-strategies/genai-teaching/communicating-course-policies-and-talking-students,https://ai.berkeley.edu/ai-governance-and-advisory-bodies; https://teaching.berkeley.edu/teaching-strategies/genai-teaching/communicating-course-policies-and-talking-students,https://teaching.berkeley.edu/teaching-strategies/genai-teaching/communicating-course-policies-and-talking-students,https://ai.berkeley.edu/ai-governance-and-advisory-bodies; https://evcp.berkeley.edu/initiatives/provosts-advisory-council-artificial-intelligence-pac-ai; https://ai.universityofcalifornia.edu/,https://ai.berkeley.edu/ai-governance-and-advisory-bodies; https://evcp.berkeley.edu/initiatives/provosts-advisory-council-artificial-intelligence-pac-ai; https://ai.universityofcalifornia.edu/governance-transparency/,https://oercs.berkeley.edu/appropriate-use-generative-ai-tools; https://ai.berkeley.edu/guidance-use-ai,https://teaching.berkeley.edu/teaching-strategies/genai-teaching/communicating-course-policies-and-talking-students; https://teaching.berkeley.edu/teaching-strategies/genai-teaching,https://teaching.berkeley.edu/teaching-strategies/genai-teaching/communicating-course-policies-and-talking-students; https://oercs.berkeley.edu/appropriate-use-generative-ai-tools,0.8333333333333333,0.9166666666666666,0.4444444444444444,0.5,67.36111111111111,6.0,69.69696969696969,9.0,60.64814814814815,14.0,72.22222222222221,7.5
U12,0.5,1.0,0.5,1.0,0.8333333333333334,0.16666666666666666,1.0,0.6666666666666666,0.16666666666666666,0.5,0.6666666666666666,0.16666666666666666,Public Research-Oriented,R1,West,~52k students,University of Washington-Seattle,"- https://it.uw.edu/guides/security-authentication/artificial-intelligence-guidelines/   
- https://ois.uw.edu/guides-by-topic/security-authentication/artificial-intelligence-guidelines    
- https://finance.uw.edu/recmgt/UW-records-ai-guidance ","- https://teaching.washington.edu/learn/#ai-teaching-using-ai-to-advance-learning   
- https://teaching.washington.edu/learn/ai-to-advance-learning/ ","- https://xpai.engr.uw.edu/   
- https://globeai.uw.edu/    
- https://www.sciencehub.uw.edu/   
- https://it.uw.edu/guides/artificial-intelligence/ ",,- https://www.washington.edu/cssc/for-students/academic-misconduct/ ,- https://it.uw.edu/initiatives/artificial-intelligence-ai/ ,"- https://www.sciencehub.uw.edu/   
- https://xpai.engr.uw.edu/   
- https://raise.uw.edu/  
- https://raise.uw.edu/ai-for-all/    
- https://it.uw.edu/uw-it/uw-it-strategy/technology-strategy-roadmap/ai-strategy/   ","- https://it.uw.edu/guides/security-authentication/artificial-intelligence-guidelines/
- https://ois.uw.edu/guides-by-topic/security-authentication/artificial-intelligence-guidelines
- https://finance.uw.edu/recmgt/UW-records-ai-guidance
- https://teaching.washington.edu/learn/#ai-teaching-using-ai-to-advance-learning
- https://teaching.washington.edu/learn/ai-to-advance-learning/
- https://xpai.engr.uw.edu/
- https://globeai.uw.edu/
- https://www.sciencehub.uw.edu/
- https://it.uw.edu/guides/artificial-intelligence/
- https://www.washington.edu/cssc/for-students/academic-misconduct/
- https://it.uw.edu/initiatives/artificial-intelligence-ai/
- https://raise.uw.edu/
- https://raise.uw.edu/ai-for-all/
- https://it.uw.edu/uw-it/uw-it-strategy/technology-strategy-roadmap/ai-strategy/",https://teaching.washington.edu/course-design/ai/,https://teaching.washington.edu/course-design/ai/sample-ai-syllabus-statements/,https://teaching.washington.edu/learn/ai-to-advance-learning/; https://teaching.washington.edu/course-design/ai/,https://teaching.washington.edu/course-design/ai/,https://it.uw.edu/guides/security-authentication/artificial-intelligence-guidelines/,https://teaching.washington.edu/course-design/creating-your-syllabus/; https://teaching.washington.edu/course-design/ai/sample-ai-syllabus-statements/,https://it.uw.edu/guides/security-authentication/artificial-intelligence-guidelines/,https://it.uw.edu/guides/security-authentication/artificial-intelligence-guidelines/; https://it.uw.edu/uw-it/uw-it-strategy/technology-strategy-roadmap/ai-strategy/; https://teaching.washington.edu/course-design/ai/; https://www.washington.edu/cssc/for-students/academic-misconduct/; https://raise.uw.edu/,https://it.uw.edu/uw-it/uw-it-strategy/technology-strategy-roadmap/ai-strategy/; https://it.uw.edu/guides/security-authentication/artificial-intelligence-guidelines/,https://teaching.washington.edu/course-design/ai/sample-ai-syllabus-statements/; https://teaching.washington.edu/course-design/ai/,https://www.washington.edu/cssc/for-students/academic-misconduct/; https://www.washington.edu/cssc/faq/,0.75,0.75,0.4444444444444444,0.41666666666666663,59.02777777777778,29.0,60.606060606060595,32.0,53.70370370370371,29.0,62.22222222222222,31.0
U12,1.0,0.8333333333333334,0.3333333333333333,1.0,0.8333333333333334,0.16666666666666666,0.6666666666666666,0.6666666666666666,0.0,0.5,0.3333333333333333,0.0,Public Research-Oriented,R1,West,~52k students,University of Washington-Seattle,"- https://it.uw.edu/guides/security-authentication/artificial-intelligence-guidelines/   
- https://ois.uw.edu/guides-by-topic/security-authentication/artificial-intelligence-guidelines    
- https://finance.uw.edu/recmgt/UW-records-ai-guidance ","- https://teaching.washington.edu/learn/#ai-teaching-using-ai-to-advance-learning   
- https://teaching.washington.edu/learn/ai-to-advance-learning/ ","- https://xpai.engr.uw.edu/   
- https://globeai.uw.edu/    
- https://www.sciencehub.uw.edu/   
- https://it.uw.edu/guides/artificial-intelligence/ ",,- https://www.washington.edu/cssc/for-students/academic-misconduct/ ,- https://it.uw.edu/initiatives/artificial-intelligence-ai/ ,"- https://www.sciencehub.uw.edu/   
- https://xpai.engr.uw.edu/   
- https://raise.uw.edu/  
- https://raise.uw.edu/ai-for-all/    
- https://it.uw.edu/uw-it/uw-it-strategy/technology-strategy-roadmap/ai-strategy/   ","- https://it.uw.edu/guides/security-authentication/artificial-intelligence-guidelines/
- https://ois.uw.edu/guides-by-topic/security-authentication/artificial-intelligence-guidelines
- https://finance.uw.edu/recmgt/UW-records-ai-guidance
- https://teaching.washington.edu/learn/#ai-teaching-using-ai-to-advance-learning
- https://teaching.washington.edu/learn/ai-to-advance-learning/
- https://xpai.engr.uw.edu/
- https://globeai.uw.edu/
- https://www.sciencehub.uw.edu/
- https://it.uw.edu/guides/artificial-intelligence/
- https://www.washington.edu/cssc/for-students/academic-misconduct/
- https://it.uw.edu/initiatives/artificial-intelligence-ai/
- https://raise.uw.edu/
- https://raise.uw.edu/ai-for-all/
- https://it.uw.edu/uw-it/uw-it-strategy/technology-strategy-roadmap/ai-strategy/",https://ois.uw.edu/guides-by-topic/security-authentication/artificial-intelligence-guidelines/,https://it.uw.edu/guides/security-authentication/artificial-intelligence-guidelines/; https://ois.uw.edu/guides-by-topic/security-authentication/artificial-intelligence-guidelines/; https://teaching.washington.edu/learn/ai-to-advance-learning/; https://www.washington.edu/cssc/for-students/academic-misconduct/; https://finance.uw.edu/recmgt/UW-records-ai-guidance,https://teaching.washington.edu/learn/ai-to-advance-learning/; https://teaching.washington.edu/learn/#ai-teaching-using-ai-to-advance-learning,https://ois.uw.edu/guides-by-topic/security-authentication/artificial-intelligence-guidelines/; https://www.washington.edu/cssc/for-students/academic-misconduct/,https://teaching.washington.edu/learn/#ai-teaching-using-ai-to-advance-learning,https://teaching.washington.edu/learn/ai-to-advance-learning/; https://teaching.washington.edu/learn/#ai-teaching-using-ai-to-advance-learning; https://it.uw.edu/guides/security-authentication/artificial-intelligence-guidelines/,https://it.uw.edu/guides/security-authentication/artificial-intelligence-guidelines/; https://finance.uw.edu/recmgt/UW-records-ai-guidance,https://it.uw.edu/guides/security-authentication/artificial-intelligence-guidelines/; https://ois.uw.edu/guides-by-topic/security-authentication/artificial-intelligence-guidelines/; https://it.uw.edu/uw-it/uw-it-strategy/technology-strategy-roadmap/ai-strategy/; https://raise.uw.edu/ai-for-all/,https://it.uw.edu/guides/security-authentication/artificial-intelligence-guidelines/; https://it.uw.edu/uw-it/uw-it-strategy/technology-strategy-roadmap/ai-strategy/,https://www.washington.edu/cssc/for-students/academic-misconduct/; https://teaching.washington.edu/learn/ai-to-advance-learning/; https://it.uw.edu/guides/security-authentication/artificial-intelligence-guidelines/; https://ois.uw.edu/guides-by-topic/security-authentication/artificial-intelligence-guidelines/,https://www.washington.edu/cssc/for-students/academic-misconduct/,0.5833333333333334,0.6666666666666666,0.38888888888888884,0.16666666666666666,45.13888888888889,49.0,48.48484848484848,48.5,39.351851851851855,52.0,49.444444444444436,49.0
U12,1.5,0.6666666666666666,0.5,1.0,0.5,0.16666666666666666,0.6666666666666666,0.5,0.0,0.5,0.3333333333333333,0.0,Public Research-Oriented,R1,West,~52k students,University of Washington-Seattle,"- https://it.uw.edu/guides/security-authentication/artificial-intelligence-guidelines/   
- https://ois.uw.edu/guides-by-topic/security-authentication/artificial-intelligence-guidelines    
- https://finance.uw.edu/recmgt/UW-records-ai-guidance ","- https://teaching.washington.edu/learn/#ai-teaching-using-ai-to-advance-learning   
- https://teaching.washington.edu/learn/ai-to-advance-learning/ ","- https://xpai.engr.uw.edu/   
- https://globeai.uw.edu/    
- https://www.sciencehub.uw.edu/   
- https://it.uw.edu/guides/artificial-intelligence/ ",,- https://www.washington.edu/cssc/for-students/academic-misconduct/ ,- https://it.uw.edu/initiatives/artificial-intelligence-ai/ ,"- https://www.sciencehub.uw.edu/   
- https://xpai.engr.uw.edu/   
- https://raise.uw.edu/  
- https://raise.uw.edu/ai-for-all/    
- https://it.uw.edu/uw-it/uw-it-strategy/technology-strategy-roadmap/ai-strategy/   ","- https://it.uw.edu/guides/security-authentication/artificial-intelligence-guidelines/
- https://ois.uw.edu/guides-by-topic/security-authentication/artificial-intelligence-guidelines
- https://finance.uw.edu/recmgt/UW-records-ai-guidance
- https://teaching.washington.edu/learn/#ai-teaching-using-ai-to-advance-learning
- https://teaching.washington.edu/learn/ai-to-advance-learning/
- https://xpai.engr.uw.edu/
- https://globeai.uw.edu/
- https://www.sciencehub.uw.edu/
- https://it.uw.edu/guides/artificial-intelligence/
- https://www.washington.edu/cssc/for-students/academic-misconduct/
- https://it.uw.edu/initiatives/artificial-intelligence-ai/
- https://raise.uw.edu/
- https://raise.uw.edu/ai-for-all/
- https://it.uw.edu/uw-it/uw-it-strategy/technology-strategy-roadmap/ai-strategy/",https://ois.uw.edu/guides-by-topic/security-authentication/artificial-intelligence-guidelines/; https://teaching.washington.edu/course-design/ai/,https://teaching.washington.edu/course-design/ai/sample-ai-syllabus-statements/,https://teaching.washington.edu/course-design/ai/; https://teaching.washington.edu/learn/ai-to-advance-learning/,https://teaching.washington.edu/course-design/ai/; https://teaching.washington.edu/course-design/ai/sample-ai-syllabus-statements/,https://teaching.washington.edu/course-design/ai/; https://teaching.washington.edu/learn/ai-to-advance-learning/,https://teaching.washington.edu/course-design/creating-your-syllabus/; https://teaching.washington.edu/course-design/ai/sample-ai-syllabus-statements/,https://it.uw.edu/guides/security-authentication/artificial-intelligence-guidelines/; https://ois.uw.edu/guides-by-topic/security-authentication/artificial-intelligence-guidelines/; https://www.washington.edu/provost/2025/01/30/ai-town-hall-links/,https://it.uw.edu/guides/security-authentication/artificial-intelligence-guidelines/; https://www.washington.edu/provost/2025/01/30/ai-town-hall-links/,https://it.uw.edu/uw-it/uw-it-strategy/technology-strategy-roadmap/ai-strategy/; https://it.uw.edu/guides/security-authentication/artificial-intelligence-guidelines/,https://teaching.washington.edu/course-design/ai/sample-ai-syllabus-statements/; https://teaching.washington.edu/learn/ai-to-advance-learning/,https://www.washington.edu/cssc/for-students/academic-misconduct/; https://www.washington.edu/cssc/report-it/,0.5833333333333333,0.5833333333333334,0.3333333333333333,0.16666666666666666,41.666666666666664,55.5,43.93939393939394,55.0,36.11111111111111,56.0,45.0,55.0
U13,0.5,0.5,0.5,1.0,0.5,0.6666666666666666,0.0,1.0,0.0,0.3333333333333333,0.0,0.0,Public Research-Oriented,R1,West,~78k students,Arizona State University,"- https://ai.asu.edu/ai-tools   
- https://ai.asu.edu/policy-and-resources ","- https://provost.asu.edu/generative-ai 
- https://ai.asu.edu/ai-tools/learning-design-suite ","- https://ai.asu.edu/   
- https://smartchallenges.asu.edu/ ",- https://libguides.asu.edu/generativeai ,,"- https://ai.asu.edu/ai-tools/asu-ai-advisory-committee   
- https://ai.asu.edu/faculty-ethics-committee-ai-technology ","- https://ai.asu.edu/   
- https://lx.asu.edu/tech-hub-ai    ","- https://ai.asu.edu/ai-tools
- https://ai.asu.edu/policy-and-resources
- https://provost.asu.edu/generative-ai
- https://ai.asu.edu/ai-tools/learning-design-suite
- https://ai.asu.edu/
- https://smartchallenges.asu.edu/
- https://libguides.asu.edu/generativeai
- https://ai.asu.edu/ai-tools/asu-ai-advisory-committee
- https://ai.asu.edu/faculty-ethics-committee-ai-technology
- https://lx.asu.edu/tech-hub-ai",https://provost.asu.edu/generative-ai; https://ai.asu.edu/digital-trust-guidelines,https://ai.asu.edu/digital-trust-guidelines; https://provost.asu.edu/academic-integrity/policy,https://provost.asu.edu/generative-ai; https://ai.asu.edu/ai-tools/learning-design-suite; https://ai.asu.edu/digital-trust-guidelines; https://lx.asu.edu/tech-hub-ai,https://ai.asu.edu/digital-trust-guidelines; https://ai.asu.edu/ai-tools/learning-design-suite; https://lx.asu.edu/tech-hub-ai,https://ai.asu.edu/faculty-ethics-committee-ai-technology,https://provost.asu.edu/generative-ai; https://ai.asu.edu/digital-trust-guidelines; https://provost.asu.edu/academic-integrity/resources/faculty,https://ai.asu.edu/ai-tools/asu-ai-advisory-committee,https://ai.asu.edu/ai-tools/asu-ai-advisory-committee; https://ai.asu.edu/faculty-ethics-committee-ai-technology; https://provost.asu.edu/generative-ai,https://provost.asu.edu/generative-ai; https://ai.asu.edu/faculty-ethics-committee-ai-technology,https://provost.asu.edu/academic-integrity/resources/faculty; https://provost.asu.edu/academic-integrity/policy; https://ai.asu.edu/digital-trust-guidelines,https://provost.asu.edu/academic-integrity/policy; https://ai.asu.edu/digital-trust-guidelines,0.5,0.5416666666666666,0.4444444444444444,0.0,37.15277777777777,60.0,40.909090909090914,57.0,32.175925925925924,59.0,40.55555555555556,61.0
U13,1.0,0.5,0.3333333333333333,1.0,0.5,0.6666666666666666,0.16666666666666666,1.0,0.16666666666666666,0.16666666666666666,0.0,0.0,Public Research-Oriented,R1,West,~78k students,Arizona State University,"- https://ai.asu.edu/ai-tools   
- https://ai.asu.edu/policy-and-resources ","- https://provost.asu.edu/generative-ai 
- https://ai.asu.edu/ai-tools/learning-design-suite ","- https://ai.asu.edu/   
- https://smartchallenges.asu.edu/ ",- https://libguides.asu.edu/generativeai ,,"- https://ai.asu.edu/ai-tools/asu-ai-advisory-committee   
- https://ai.asu.edu/faculty-ethics-committee-ai-technology ","- https://ai.asu.edu/   
- https://lx.asu.edu/tech-hub-ai    ","- https://ai.asu.edu/ai-tools
- https://ai.asu.edu/policy-and-resources
- https://provost.asu.edu/generative-ai
- https://ai.asu.edu/ai-tools/learning-design-suite
- https://ai.asu.edu/
- https://smartchallenges.asu.edu/
- https://libguides.asu.edu/generativeai
- https://ai.asu.edu/ai-tools/asu-ai-advisory-committee
- https://ai.asu.edu/faculty-ethics-committee-ai-technology
- https://lx.asu.edu/tech-hub-ai",https://provost.asu.edu/generative-ai; https://ai.asu.edu/digital-trust-guidelines,https://ai.asu.edu/digital-trust-guidelines,https://provost.asu.edu/generative-ai; https://ai.asu.edu/digital-trust-guidelines; https://lx.asu.edu/tech-hub-ai,https://lx.asu.edu/tech-hub-ai; https://ai.asu.edu/ai-tools/learning-design-suite,https://ai.asu.edu/faculty-ethics-committee-ai-technology; https://ai.asu.edu/ai-tools/learning-design-suite,https://provost.asu.edu/academic-integrity/resources/faculty,https://ai.asu.edu/ai-tools/asu-ai-advisory-committee,https://provost.asu.edu/academic-integrity/policy; https://provost.asu.edu/sites/default/files/academic-integrity-policy.pdf,https://ai.asu.edu/policy-and-resources; https://ai.asu.edu/digital-trust-guidelines; https://provost.asu.edu/generative-ai,https://ai.asu.edu/digital-trust-guidelines; https://provost.asu.edu/academic-integrity/resources/faculty; https://provost.asu.edu/sites/default/files/academic-integrity-policy.pdf,https://provost.asu.edu/sites/default/files/academic-integrity-policy.pdf,0.41666666666666663,0.5833333333333333,0.4444444444444445,0.0,36.11111111111111,61.0,40.909090909090914,57.5,31.48148148148148,55.0,40.55555555555556,61.0
U13,1.5,0.8333333333333334,0.8333333333333334,1.0,0.5,0.6666666666666666,0.5,1.0,0.16666666666666666,0.16666666666666666,0.0,0.0,Public Research-Oriented,R1,West,~78k students,Arizona State University,"- https://ai.asu.edu/ai-tools   
- https://ai.asu.edu/policy-and-resources ","- https://provost.asu.edu/generative-ai 
- https://ai.asu.edu/ai-tools/learning-design-suite ","- https://ai.asu.edu/   
- https://smartchallenges.asu.edu/ ",- https://libguides.asu.edu/generativeai ,,"- https://ai.asu.edu/ai-tools/asu-ai-advisory-committee   
- https://ai.asu.edu/faculty-ethics-committee-ai-technology ","- https://ai.asu.edu/   
- https://lx.asu.edu/tech-hub-ai    ","- https://ai.asu.edu/ai-tools
- https://ai.asu.edu/policy-and-resources
- https://provost.asu.edu/generative-ai
- https://ai.asu.edu/ai-tools/learning-design-suite
- https://ai.asu.edu/
- https://smartchallenges.asu.edu/
- https://libguides.asu.edu/generativeai
- https://ai.asu.edu/ai-tools/asu-ai-advisory-committee
- https://ai.asu.edu/faculty-ethics-committee-ai-technology
- https://lx.asu.edu/tech-hub-ai",https://provost.asu.edu/generative-ai,https://libguides.asu.edu/generativeai/citation; https://libguides.asu.edu/generativeai/acknowledgement,https://provost.asu.edu/generative-ai; https://ai.asu.edu/digital-trust-guidelines; https://lx.asu.edu/tech-hub-ai,https://libguides.asu.edu/generativeai/acknowledgement; https://provost.asu.edu/learning-expectations,https://ai.asu.edu/faculty-ethics-committee-ai-technology; https://ai.asu.edu/ai-tools/learning-design-suite,https://provost.asu.edu/learning-expectations,https://ai.asu.edu/ai-tools/asu-ai-advisory-committee; https://ai.asu.edu/faculty-ethics-committee-ai-technology,https://ai.asu.edu/; https://ai.asu.edu/policy-and-resources; https://ai.asu.edu/ai-tools/asu-ai-advisory-committee,https://ai.asu.edu/policy-and-resources; https://ai.asu.edu/digital-trust-guidelines; https://provost.asu.edu/generative-ai,https://ai.asu.edu/digital-trust-guidelines; https://provost.asu.edu/generative-ai; https://libguides.asu.edu/generativeai,https://ai.asu.edu/digital-trust-guidelines; https://provost.asu.edu/generative-ai; https://provost.asu.edu/learning-expectations,0.8333333333333334,0.6666666666666666,0.4444444444444445,0.0,48.61111111111111,46.0,51.515151515151516,43.0,39.81481481481482,48.0,52.22222222222223,46.0
U14,0.5,0.5,0.5,1.0,0.8333333333333334,1.0,0.5,1.0,0.5,0.16666666666666666,0.0,0.0,Public Research-Oriented,R2,West,~42k students,"California State University, Long Beach","- https://www.csulb.edu/information-technology/ai-technology/ai-guidelines   
- https://www.csulb.edu/information-technology/ai-technology/student-guidelines-generative-ai   
- https://www.csulb.edu/information-technology/ai-technology/article/genai-dos-and-donts   
- https://www.csulb.edu/information-technology/ai-technology/ai-for-teaching-and-learning   
- https://www.csulb.edu/information-technology/ai-technology/ai-steering-committee   
- https://genai.calstate.edu/guidelines-safe-and-responsible-use-generative-ai-tools   
- https://genai.calstate.edu/about/systemwide-generative-ai-committee ",- https://www.csulb.edu/information-technology/ai-technology/ai-for-teaching-and-learning ,"- https://www.csulb.edu/information-technology/ai-technology/ai-guidelines   
- https://www.csulb.edu/information-technology/ai-technology/academic-ai-subcommittee 
- https://www.csulb.edu/information-technology/ai-technology ","- https://www.csulb.edu/artificial-intelligence-tools-inside-library-resources 
- https://csulb.libguides.com/chatbotsandai 
- https://csulb.libguides.com/onlineEduTools/aiChatBots ","- https://www.csulb.edu/information-technology/ai-technology/student-guidelines-generative-ai   
- https://www.csulb.edu/information-technology/ai-technology/ai-guidelines   
- https://www.csulb.edu/academic-senate/policy-academic-integrity-regarding-cheating-and-plagiarism ","- https://www.csulb.edu/information-technology/ai-technology/academic-ai-subcommittee   
- https://www.csulb.edu/information-technology/ai-technology/ai-guidelines   
- https://www.csulb.edu/information-technology/ai-technology/ai-for-teaching-and-learning   
- https://genai.calstate.edu/about/systemwide-generative-ai-committee 
- https://www.csulb.edu/information-technology/ai-technology/ai-steering-committee ",- https://www.csulb.edu/information-technology/ai-technology   ,"- https://www.csulb.edu/information-technology/ai-technology/ai-guidelines
- https://www.csulb.edu/information-technology/ai-technology/student-guidelines-generative-ai
- https://www.csulb.edu/information-technology/ai-technology/article/genai-dos-and-donts
- https://www.csulb.edu/information-technology/ai-technology/ai-for-teaching-and-learning
- https://www.csulb.edu/information-technology/ai-technology/ai-steering-committee
- https://genai.calstate.edu/guidelines-safe-and-responsible-use-generative-ai-tools
- https://genai.calstate.edu/about/systemwide-generative-ai-committee
- https://www.csulb.edu/information-technology/ai-technology/academic-ai-subcommittee
- https://www.csulb.edu/information-technology/ai-technology
- https://www.csulb.edu/artificial-intelligence-tools-inside-library-resources
- https://csulb.libguides.com/chatbotsandai
- https://csulb.libguides.com/onlineEduTools/aiChatBots
- https://www.csulb.edu/academic-senate/policy-academic-integrity-regarding-cheating-and-plagiarism",https://www.csulb.edu/information-technology/ai-technology/student-guidelines-generative-ai; https://www.csulb.edu/information-technology/ai-technology/ai-guidelines,https://www.csulb.edu/information-technology/ai-technology/student-guidelines-generative-ai; https://www.csulb.edu/information-technology/ai-technology/article/genai-dos-and-donts,https://www.csulb.edu/information-technology/ai-technology/ai-for-teaching-and-learning; https://www.csulb.edu/information-technology/ai-technology,https://www.csulb.edu/information-technology/ai-technology/ai-for-teaching-and-learning; https://www.csulb.edu/information-technology/ai-technology/student-guidelines-generative-ai; https://www.csulb.edu/information-technology/ai-technology/article/genai-dos-and-donts,https://www.csulb.edu/information-technology/ai-technology/academic-ai-subcommittee,https://www.csulb.edu/information-technology/ai-technology/ai-for-teaching-and-learning,https://www.csulb.edu/information-technology/ai-technology/ai-steering-committee,https://www.csulb.edu/information-technology/ai-technology/ai-steering-committee; https://www.csulb.edu/information-technology/ai-technology/academic-ai-subcommittee; https://www.csulb.edu/academic-senate/policy-academic-integrity-regarding-cheating-and-plagiarism,https://www.csulb.edu/information-technology/ai-technology/student-guidelines-generative-ai,https://www.csulb.edu/information-technology/ai-technology/ai-for-teaching-and-learning; https://www.csulb.edu/academic-senate/policy-academic-integrity-regarding-cheating-and-plagiarism; https://www.csulb.edu/information-technology/ai-technology/academic-ai-subcommittee,https://www.csulb.edu/academic-senate/policy-academic-integrity-regarding-cheating-and-plagiarism,0.5,0.8333333333333334,0.5555555555555556,0.0,47.22222222222223,49.0,54.545454545454554,39.0,40.74074074074075,50.5,54.44444444444445,46.5
U14,1.0,0.5,0.5,1.0,1.0,0.8333333333333334,1.0,1.0,0.6666666666666666,0.5,0.5,0.16666666666666666,Public Research-Oriented,R2,West,~42k students,"California State University, Long Beach","- https://www.csulb.edu/information-technology/ai-technology/ai-guidelines   
- https://www.csulb.edu/information-technology/ai-technology/student-guidelines-generative-ai   
- https://www.csulb.edu/information-technology/ai-technology/article/genai-dos-and-donts   
- https://www.csulb.edu/information-technology/ai-technology/ai-for-teaching-and-learning   
- https://www.csulb.edu/information-technology/ai-technology/ai-steering-committee   
- https://genai.calstate.edu/guidelines-safe-and-responsible-use-generative-ai-tools   
- https://genai.calstate.edu/about/systemwide-generative-ai-committee ",- https://www.csulb.edu/information-technology/ai-technology/ai-for-teaching-and-learning ,"- https://www.csulb.edu/information-technology/ai-technology/ai-guidelines   
- https://www.csulb.edu/information-technology/ai-technology/academic-ai-subcommittee 
- https://www.csulb.edu/information-technology/ai-technology ","- https://www.csulb.edu/artificial-intelligence-tools-inside-library-resources 
- https://csulb.libguides.com/chatbotsandai 
- https://csulb.libguides.com/onlineEduTools/aiChatBots ","- https://www.csulb.edu/information-technology/ai-technology/student-guidelines-generative-ai   
- https://www.csulb.edu/information-technology/ai-technology/ai-guidelines   
- https://www.csulb.edu/academic-senate/policy-academic-integrity-regarding-cheating-and-plagiarism ","- https://www.csulb.edu/information-technology/ai-technology/academic-ai-subcommittee   
- https://www.csulb.edu/information-technology/ai-technology/ai-guidelines   
- https://www.csulb.edu/information-technology/ai-technology/ai-for-teaching-and-learning   
- https://genai.calstate.edu/about/systemwide-generative-ai-committee 
- https://www.csulb.edu/information-technology/ai-technology/ai-steering-committee ",- https://www.csulb.edu/information-technology/ai-technology   ,"- https://www.csulb.edu/information-technology/ai-technology/ai-guidelines
- https://www.csulb.edu/information-technology/ai-technology/student-guidelines-generative-ai
- https://www.csulb.edu/information-technology/ai-technology/article/genai-dos-and-donts
- https://www.csulb.edu/information-technology/ai-technology/ai-for-teaching-and-learning
- https://www.csulb.edu/information-technology/ai-technology/ai-steering-committee
- https://genai.calstate.edu/guidelines-safe-and-responsible-use-generative-ai-tools
- https://genai.calstate.edu/about/systemwide-generative-ai-committee
- https://www.csulb.edu/information-technology/ai-technology/academic-ai-subcommittee
- https://www.csulb.edu/information-technology/ai-technology
- https://www.csulb.edu/artificial-intelligence-tools-inside-library-resources
- https://csulb.libguides.com/chatbotsandai
- https://csulb.libguides.com/onlineEduTools/aiChatBots
- https://www.csulb.edu/academic-senate/policy-academic-integrity-regarding-cheating-and-plagiarism",https://www.csulb.edu/information-technology/ai-technology/student-guidelines-generative-ai,https://www.csulb.edu/information-technology/ai-technology/student-guidelines-generative-ai; https://www.csulb.edu/information-technology/ai-technology/article/genai-dos-and-donts,https://www.csulb.edu/information-technology/ai-technology/ai-for-teaching-and-learning,https://www.csulb.edu/information-technology/ai-technology/student-guidelines-generative-ai; https://www.csulb.edu/information-technology/ai-technology/article/genai-dos-and-donts; https://www.csulb.edu/information-technology/ai-technology/ai-for-teaching-and-learning,https://www.csulb.edu/information-technology/ai-technology/academic-ai-subcommittee,https://www.csulb.edu/information-technology/ai-technology/ai-for-teaching-and-learning,https://www.csulb.edu/information-technology/ai-technology/ai-steering-committee,https://www.csulb.edu/information-technology/ai-technology/ai-steering-committee; https://www.csulb.edu/information-technology/ai-technology/academic-ai-subcommittee,https://www.csulb.edu/information-technology/ai-technology/student-guidelines-generative-ai,https://www.csulb.edu/information-technology/ai-technology/ai-guidelines; https://www.csulb.edu/academic-senate/policy-academic-integrity-regarding-cheating-and-plagiarism; https://www.csulb.edu/information-technology/ai-technology/ai-for-teaching-and-learning,https://www.csulb.edu/academic-senate/policy-academic-integrity-regarding-cheating-and-plagiarism,0.5,0.9583333333333334,0.7222222222222222,0.3333333333333333,62.84722222222223,21.0,69.6969696969697,14.5,59.49074074074073,17.0,69.44444444444446,19.0
U14,1.5,0.5,0.5,1.0,1.0,1.0,0.8333333333333334,1.0,0.6666666666666666,0.5,0.6666666666666666,0.3333333333333333,Public Research-Oriented,R2,West,~42k students,"California State University, Long Beach","- https://www.csulb.edu/information-technology/ai-technology/ai-guidelines   
- https://www.csulb.edu/information-technology/ai-technology/student-guidelines-generative-ai   
- https://www.csulb.edu/information-technology/ai-technology/article/genai-dos-and-donts   
- https://www.csulb.edu/information-technology/ai-technology/ai-for-teaching-and-learning   
- https://www.csulb.edu/information-technology/ai-technology/ai-steering-committee   
- https://genai.calstate.edu/guidelines-safe-and-responsible-use-generative-ai-tools   
- https://genai.calstate.edu/about/systemwide-generative-ai-committee ",- https://www.csulb.edu/information-technology/ai-technology/ai-for-teaching-and-learning ,"- https://www.csulb.edu/information-technology/ai-technology/ai-guidelines   
- https://www.csulb.edu/information-technology/ai-technology/academic-ai-subcommittee 
- https://www.csulb.edu/information-technology/ai-technology ","- https://www.csulb.edu/artificial-intelligence-tools-inside-library-resources 
- https://csulb.libguides.com/chatbotsandai 
- https://csulb.libguides.com/onlineEduTools/aiChatBots ","- https://www.csulb.edu/information-technology/ai-technology/student-guidelines-generative-ai   
- https://www.csulb.edu/information-technology/ai-technology/ai-guidelines   
- https://www.csulb.edu/academic-senate/policy-academic-integrity-regarding-cheating-and-plagiarism ","- https://www.csulb.edu/information-technology/ai-technology/academic-ai-subcommittee   
- https://www.csulb.edu/information-technology/ai-technology/ai-guidelines   
- https://www.csulb.edu/information-technology/ai-technology/ai-for-teaching-and-learning   
- https://genai.calstate.edu/about/systemwide-generative-ai-committee 
- https://www.csulb.edu/information-technology/ai-technology/ai-steering-committee ",- https://www.csulb.edu/information-technology/ai-technology   ,"- https://www.csulb.edu/information-technology/ai-technology/ai-guidelines
- https://www.csulb.edu/information-technology/ai-technology/student-guidelines-generative-ai
- https://www.csulb.edu/information-technology/ai-technology/article/genai-dos-and-donts
- https://www.csulb.edu/information-technology/ai-technology/ai-for-teaching-and-learning
- https://www.csulb.edu/information-technology/ai-technology/ai-steering-committee
- https://genai.calstate.edu/guidelines-safe-and-responsible-use-generative-ai-tools
- https://genai.calstate.edu/about/systemwide-generative-ai-committee
- https://www.csulb.edu/information-technology/ai-technology/academic-ai-subcommittee
- https://www.csulb.edu/information-technology/ai-technology
- https://www.csulb.edu/artificial-intelligence-tools-inside-library-resources
- https://csulb.libguides.com/chatbotsandai
- https://csulb.libguides.com/onlineEduTools/aiChatBots
- https://www.csulb.edu/academic-senate/policy-academic-integrity-regarding-cheating-and-plagiarism",https://www.csulb.edu/information-technology/ai-technology/student-guidelines-generative-ai; https://www.csulb.edu/information-technology/ai-technology/ai-guidelines,https://www.csulb.edu/information-technology/ai-technology/student-guidelines-generative-ai; https://www.csulb.edu/information-technology/ai-technology/article/genai-dos-and-donts,https://www.csulb.edu/information-technology/ai-technology/ai-for-teaching-and-learning,https://www.csulb.edu/information-technology/ai-technology/ai-for-teaching-and-learning; https://www.csulb.edu/information-technology/ai-technology/student-guidelines-generative-ai; https://www.csulb.edu/information-technology/ai-technology/article/genai-dos-and-donts,https://www.csulb.edu/information-technology/ai-technology/academic-ai-subcommittee,https://www.csulb.edu/information-technology/ai-technology/ai-for-teaching-and-learning,https://www.csulb.edu/information-technology/ai-technology/ai-steering-committee; https://genai.calstate.edu/about/systemwide-generative-ai-committee,https://www.csulb.edu/information-technology/ai-technology/academic-ai-subcommittee,https://www.csulb.edu/information-technology/ai-technology/student-guidelines-generative-ai,https://www.csulb.edu/information-technology/ai-technology/ai-for-teaching-and-learning,https://www.csulb.edu/academic-senate/policy-academic-integrity-regarding-cheating-and-plagiarism; https://www.csulb.edu/information-technology/ai-technology/ai-for-teaching-and-learning,0.5,0.9583333333333334,0.7222222222222222,0.5,67.0138888888889,8.0,72.72727272727273,2.5,65.04629629629629,5.0,72.77777777777779,5.0
U15,0.5,0.8333333333333334,0.0,1.0,0.6666666666666666,1.0,0.6666666666666666,0.6666666666666666,0.3333333333333333,0.16666666666666666,0.0,0.16666666666666666,Public Research-Oriented,R2,West,~38k students,San José State University,"- https://www.sjsu.edu/it/security/cybersecurity/ai-best-practices.php   
- https://library.sjsu.edu/chatgpt 
- https://library.sjsu.edu/plagiarism/ai-and-plagiarism ","- https://www.sjsu.edu/cfeti/teaching-resources/   
- https://www.sjsu.edu/cfeti/teaching-resources/ai-pedagogies/ai-faculty-fellow-events.php ","- https://sjsu.foleon.com/ai/sjsu-ai/ 
- https://www.sjsu.edu/it/campus-initiatives/ai-resources/index.php ","- https://library.sjsu.edu/librarychatbot   
- https://library.sjsu.edu/kingbot   
- https://www.sjlibrary.org/policy/chatbot-policy   
- https://library.sjsu.edu/chatgpt   
- https://library.sjsu.edu/OneSearch-research-assistant   
- https://library.sjsu.edu/librarychatbot ","- https://library.sjsu.edu/chatgpt/mystudentcheated   
- https://library.sjsu.edu/chatgpt 
- https://www.sjsu.edu/studentconduct/conduct-processes/academic-integrity.php ",- https://www.sjsu.edu/president/priorities-and-initiatives/artificial-intelligence/index.php ,"- https://www.sjsu.edu/it/campus-initiatives/ai-resources/index.php 
- https://www.sjsu.edu/it/campus-initiatives/index.php ","- https://www.sjsu.edu/it/security/cybersecurity/ai-best-practices.php
- https://library.sjsu.edu/chatgpt
- https://library.sjsu.edu/plagiarism/ai-and-plagiarism
- https://www.sjsu.edu/cfeti/teaching-resources/
- https://www.sjsu.edu/cfeti/teaching-resources/ai-pedagogies/ai-faculty-fellow-events.php
- https://sjsu.foleon.com/ai/sjsu-ai/
- https://www.sjsu.edu/it/campus-initiatives/ai-resources/index.php
- https://library.sjsu.edu/librarychatbot
- https://library.sjsu.edu/kingbot
- https://www.sjlibrary.org/policy/chatbot-policy
- https://library.sjsu.edu/OneSearch-research-assistant
- https://library.sjsu.edu/chatgpt/mystudentcheated
- https://www.sjsu.edu/studentconduct/conduct-processes/academic-integrity.php
- https://www.sjsu.edu/president/priorities-and-initiatives/artificial-intelligence/index.php
- https://www.sjsu.edu/it/campus-initiatives/index.php",https://www.sjsu.edu/cfeti/teaching-resources/ai-pedagogies/ai-resources.php,https://www.sjsu.edu/cfeti/teaching-resources/ai-pedagogies/ai-resources.php; https://www.sjsu.edu/it/campus-initiatives/ai-resources/chatgpt/chatgpt-faq.php,https://www.sjsu.edu/cfeti/teaching-resources/ai-pedagogies/ai-resources.php; https://www.sjsu.edu/cfeti/teaching-resources/ai-pedagogies/ai-literacy.php; https://www.sjsu.edu/cfeti/teaching-resources/ai-pedagogies/ai-faculty-fellow-events.php,https://www.sjsu.edu/cfeti/teaching-resources/ai-pedagogies/ai-resources.php; https://www.sjsu.edu/president/priorities-and-initiatives/artificial-intelligence/index.php,https://www.sjsu.edu/cfeti/teaching-resources/ai-pedagogies/ai-faculty-fellows.php; https://www.sjsu.edu/cfeti/teaching-resources/ai-pedagogies/ai-faculty-fellow-events.php,https://www.sjsu.edu/cfeti/teaching-resources/ai-pedagogies/ai-resources.php,https://www.sjsu.edu/president/priorities-and-initiatives/artificial-intelligence/index.php,https://www.sjsu.edu/president/priorities-and-initiatives/artificial-intelligence/index.php,https://www.sjsu.edu/president/priorities-and-initiatives/artificial-intelligence/index.php; https://www.sjsu.edu/it/campus-initiatives/ai-resources/index.php,https://www.sjsu.edu/studentconduct/conduct-processes/academic-integrity.php; https://www.sjsu.edu/studentconduct/docs/SJSU-Academic-Integrity-Policy-F15-7.pdf; https://www.sjsu.edu/cfeti/teaching-resources/ai-pedagogies/ai-resources.php,https://www.sjsu.edu/studentconduct/conduct-processes/academic-integrity.php; https://www.sjsu.edu/studentconduct/docs/SJSU-Academic-Integrity-Policy-F15-7.pdf,0.4166666666666667,0.8333333333333333,0.3888888888888889,0.08333333333333333,43.05555555555555,53.0,50.0,48.0,36.57407407407407,54.0,51.11111111111111,50.0
U15,1.0,0.5,0.3333333333333333,1.0,0.6666666666666666,0.8333333333333334,0.6666666666666666,1.0,1.0,0.16666666666666666,0.0,0.3333333333333333,Public Research-Oriented,R2,West,~38k students,San José State University,"- https://www.sjsu.edu/it/security/cybersecurity/ai-best-practices.php   
- https://library.sjsu.edu/chatgpt 
- https://library.sjsu.edu/plagiarism/ai-and-plagiarism ","- https://www.sjsu.edu/cfeti/teaching-resources/   
- https://www.sjsu.edu/cfeti/teaching-resources/ai-pedagogies/ai-faculty-fellow-events.php ","- https://sjsu.foleon.com/ai/sjsu-ai/ 
- https://www.sjsu.edu/it/campus-initiatives/ai-resources/index.php ","- https://library.sjsu.edu/librarychatbot   
- https://library.sjsu.edu/kingbot   
- https://www.sjlibrary.org/policy/chatbot-policy   
- https://library.sjsu.edu/chatgpt   
- https://library.sjsu.edu/OneSearch-research-assistant   
- https://library.sjsu.edu/librarychatbot ","- https://library.sjsu.edu/chatgpt/mystudentcheated   
- https://library.sjsu.edu/chatgpt 
- https://www.sjsu.edu/studentconduct/conduct-processes/academic-integrity.php ",- https://www.sjsu.edu/president/priorities-and-initiatives/artificial-intelligence/index.php ,"- https://www.sjsu.edu/it/campus-initiatives/ai-resources/index.php 
- https://www.sjsu.edu/it/campus-initiatives/index.php ","- https://www.sjsu.edu/it/security/cybersecurity/ai-best-practices.php
- https://library.sjsu.edu/chatgpt
- https://library.sjsu.edu/plagiarism/ai-and-plagiarism
- https://www.sjsu.edu/cfeti/teaching-resources/
- https://www.sjsu.edu/cfeti/teaching-resources/ai-pedagogies/ai-faculty-fellow-events.php
- https://sjsu.foleon.com/ai/sjsu-ai/
- https://www.sjsu.edu/it/campus-initiatives/ai-resources/index.php
- https://library.sjsu.edu/librarychatbot
- https://library.sjsu.edu/kingbot
- https://www.sjlibrary.org/policy/chatbot-policy
- https://library.sjsu.edu/OneSearch-research-assistant
- https://library.sjsu.edu/chatgpt/mystudentcheated
- https://www.sjsu.edu/studentconduct/conduct-processes/academic-integrity.php
- https://www.sjsu.edu/president/priorities-and-initiatives/artificial-intelligence/index.php
- https://www.sjsu.edu/it/campus-initiatives/index.php",https://www.sjsu.edu/it/security/cybersecurity/ai-best-practices.php,https://www.sjsu.edu/it/security/cybersecurity/ai-best-practices.php; https://www.sjsu.edu/cfeti/teaching-resources/ai-pedagogies/ai-resources.php,https://www.sjsu.edu/cfeti/teaching-resources/ai-pedagogies/index.php; https://www.sjsu.edu/cfeti/teaching-resources/ai-pedagogies/ai-resources.php; https://www.sjsu.edu/cfeti/teaching-resources/ai-pedagogies/ai-faculty-fellow-events.php,https://www.sjsu.edu/cfeti/teaching-resources/ai-pedagogies/ai-resources.php; https://www.sjsu.edu/cfeti/teaching-resources/ai-pedagogies/ai-faculty-fellow-events.php,https://www.sjsu.edu/cfeti/teaching-resources/ai-pedagogies/ai-faculty-fellows.php; https://www.sjsu.edu/cfeti/teaching-resources/ai-pedagogies/ai-faculty-fellow-events.php; https://www.sjsu.edu/cfeti/teaching-resources/ai-pedagogies/index.php,https://www.sjsu.edu/cfeti/teaching-resources/ai-pedagogies/ai-resources.php,https://www.sjsu.edu/president/priorities-and-initiatives/artificial-intelligence/index.php,https://www.sjsu.edu/president/priorities-and-initiatives/artificial-intelligence/index.php,https://www.sjsu.edu/president/priorities-and-initiatives/artificial-intelligence/index.php; https://www.sjsu.edu/it/security/cybersecurity/ai-best-practices.php; https://www.sjsu.edu/it/campus-initiatives/ai-resources/index.php,https://www.sjsu.edu/studentconduct/conduct-processes/academic-integrity.php; https://www.sjsu.edu/studentconduct/docs/SJSU-Academic-Integrity-Policy-F15-7.pdf,https://www.sjsu.edu/studentconduct/docs/SJSU-Academic-Integrity-Policy-F15-7.pdf; https://www.sjsu.edu/studentconduct/conduct-processes/academic-integrity.php,0.41666666666666663,0.7916666666666666,0.7222222222222222,0.16666666666666666,52.43055555555555,41.0,59.09090909090908,36.5,49.76851851851852,37.0,57.77777777777777,38.5
U15,1.5,0.6666666666666666,0.3333333333333333,1.0,0.6666666666666666,1.0,1.0,0.3333333333333333,0.3333333333333333,0.16666666666666666,0.0,0.3333333333333333,Public Research-Oriented,R2,West,~38k students,San José State University,"- https://www.sjsu.edu/it/security/cybersecurity/ai-best-practices.php   
- https://library.sjsu.edu/chatgpt 
- https://library.sjsu.edu/plagiarism/ai-and-plagiarism ","- https://www.sjsu.edu/cfeti/teaching-resources/   
- https://www.sjsu.edu/cfeti/teaching-resources/ai-pedagogies/ai-faculty-fellow-events.php ","- https://sjsu.foleon.com/ai/sjsu-ai/ 
- https://www.sjsu.edu/it/campus-initiatives/ai-resources/index.php ","- https://library.sjsu.edu/librarychatbot   
- https://library.sjsu.edu/kingbot   
- https://www.sjlibrary.org/policy/chatbot-policy   
- https://library.sjsu.edu/chatgpt   
- https://library.sjsu.edu/OneSearch-research-assistant   
- https://library.sjsu.edu/librarychatbot ","- https://library.sjsu.edu/chatgpt/mystudentcheated   
- https://library.sjsu.edu/chatgpt 
- https://www.sjsu.edu/studentconduct/conduct-processes/academic-integrity.php ",- https://www.sjsu.edu/president/priorities-and-initiatives/artificial-intelligence/index.php ,"- https://www.sjsu.edu/it/campus-initiatives/ai-resources/index.php 
- https://www.sjsu.edu/it/campus-initiatives/index.php ","- https://www.sjsu.edu/it/security/cybersecurity/ai-best-practices.php
- https://library.sjsu.edu/chatgpt
- https://library.sjsu.edu/plagiarism/ai-and-plagiarism
- https://www.sjsu.edu/cfeti/teaching-resources/
- https://www.sjsu.edu/cfeti/teaching-resources/ai-pedagogies/ai-faculty-fellow-events.php
- https://sjsu.foleon.com/ai/sjsu-ai/
- https://www.sjsu.edu/it/campus-initiatives/ai-resources/index.php
- https://library.sjsu.edu/librarychatbot
- https://library.sjsu.edu/kingbot
- https://www.sjlibrary.org/policy/chatbot-policy
- https://library.sjsu.edu/OneSearch-research-assistant
- https://library.sjsu.edu/chatgpt/mystudentcheated
- https://www.sjsu.edu/studentconduct/conduct-processes/academic-integrity.php
- https://www.sjsu.edu/president/priorities-and-initiatives/artificial-intelligence/index.php
- https://www.sjsu.edu/it/campus-initiatives/index.php",https://www.sjsu.edu/it/security/cybersecurity/ai-best-practices.php,https://www.sjsu.edu/it/security/cybersecurity/ai-best-practices.php,https://www.sjsu.edu/cfeti/teaching-resources/; https://www.sjsu.edu/cfeti/teaching-resources/ai-pedagogies/ai-resources.php,https://www.sjsu.edu/cfeti/teaching-resources/ai-pedagogies/ai-resources.php; https://www.sjsu.edu/cfeti/teaching-resources/ai-pedagogies/ai-faculty-fellow-events.php,https://www.sjsu.edu/cfeti/teaching-resources/ai-pedagogies/ai-faculty-fellows.php; https://www.sjsu.edu/cfeti/teaching-resources/ai-pedagogies/ai-faculty-fellow-events.php,https://www.sjsu.edu/cfeti/teaching-resources/ai-pedagogies/ai-resources.php,https://www.sjsu.edu/president/priorities-and-initiatives/artificial-intelligence/index.php; https://www.sjsu.edu/it/campus-initiatives/ai-resources/index.php; https://www.sjsu.edu/it/campus-initiatives/index.php,https://www.sjsu.edu/president/priorities-and-initiatives/artificial-intelligence/index.php; https://www.sjsu.edu/it/campus-initiatives/ai-resources/index.php; https://www.sjsu.edu/it/campus-initiatives/index.php,https://www.sjsu.edu/president/priorities-and-initiatives/artificial-intelligence/index.php; https://www.sjsu.edu/it/campus-initiatives/ai-resources/chatgpt/chatgpt-faq.php,https://www.sjsu.edu/studentconduct/conduct-processes/academic-integrity.php; https://www.sjsu.edu/studentconduct/docs/SJSU-Academic-Integrity-Policy-F15-7.pdf; https://www.sjsu.edu/cfeti/teaching-resources/ai-pedagogies/ai-resources.php,https://www.sjsu.edu/studentconduct/conduct-processes/academic-integrity.php,0.5,0.9166666666666666,0.27777777777777773,0.16666666666666666,46.52777777777777,49.0,53.03030303030302,42.0,38.425925925925924,49.0,55.55555555555555,40.0
U16,0.5,1.0,0.5,1.0,0.8333333333333334,0.8333333333333334,1.0,1.0,0.16666666666666666,0.3333333333333333,0.8333333333333334,0.3333333333333333,Public Research-Oriented,R2,West,~20k students,Portland State University,"- https://www.pdx.edu/academic-affairs/ai   
- https://www.pdx.edu/dean-student-life/academic-misconduct   
- https://oaiplus.pdx.edu/syllabus-template/ ","- https://www.pdx.edu/academic-affairs/ai   
- https://www.pdx.edu/academic-innovation/teaching-innovation   ",- https://www.pdx.edu/academic-affairs/ai ,"- https://guides.library.pdx.edu/home/topics  
- https://guides.library.pdx.edu/AIresearch 
- https://guides.library.pdx.edu/c.php?g=1446447&p=10749323 
- https://guides.library.pdx.edu/cite/AI 
- https://guides.library.pdx.edu/c.php?g=1446447&p=10833506 ",- https://www.pdx.edu/dean-student-life/academic-misconduct   ,- https://www.pdx.edu/academic-affairs/ai ,"- https://www.pdx.edu/academic-affairs/ai 
- https://www.pdx.edu/technology/notebooklm 
- https://www.pdx.edu/technology/gemini 
- https://sites.google.com/pdx.edu/innovaite-psu/home ","- https://www.pdx.edu/academic-affairs/ai
- https://www.pdx.edu/dean-student-life/academic-misconduct
- https://oaiplus.pdx.edu/syllabus-template/
- https://www.pdx.edu/academic-innovation/teaching-innovation
- https://guides.library.pdx.edu/home/topics
- https://guides.library.pdx.edu/AIresearch
- https://guides.library.pdx.edu/c.php?g=1446447&p=10749323
- https://guides.library.pdx.edu/cite/AI
- https://guides.library.pdx.edu/c.php?g=1446447&p=10833506
- https://www.pdx.edu/technology/notebooklm
- https://www.pdx.edu/technology/gemini
- https://sites.google.com/pdx.edu/innovaite-psu/home",https://oaiplus.pdx.edu/generative-ai-for-teaching/; https://www.pdx.edu/academic-affairs/ai,https://oaiplus.pdx.edu/syllabus-template/; https://www.pdx.edu/academic-affairs/ai,https://www.pdx.edu/academic-affairs/ai; https://oaiplus.pdx.edu/generative-ai-for-teaching/; https://sites.google.com/pdx.edu/innovaite-psu/innovaite-academy,https://oaiplus.pdx.edu/generative-ai-for-teaching/; https://www.pdx.edu/dean-student-life/academic-misconduct; https://oaiplus.pdx.edu/syllabus-template/,https://www.pdx.edu/academic-affairs/ai; https://sites.google.com/pdx.edu/innovaite-psu/home,https://oaiplus.pdx.edu/syllabus-template/; https://www.pdx.edu/academic-affairs/ai,https://www.pdx.edu/academic-affairs/ai,https://www.pdx.edu/academic-affairs/ai,https://www.pdx.edu/academic-affairs/ai; https://oaiplus.pdx.edu/generative-ai-for-teaching/,https://www.pdx.edu/dean-student-life/academic-misconduct,https://www.pdx.edu/dean-student-life/academic-misconduct,0.75,0.9166666666666667,0.5,0.5833333333333334,68.75000000000001,8.0,71.21212121212122,9.5,63.88888888888889,11.5,73.33333333333334,8.5
U16,1.0,0.8333333333333334,0.5,1.0,1.0,0.8333333333333334,1.0,0.6666666666666666,0.16666666666666666,0.16666666666666666,0.5,0.3333333333333333,Public Research-Oriented,R2,West,~20k students,Portland State University,"- https://www.pdx.edu/academic-affairs/ai   
- https://www.pdx.edu/dean-student-life/academic-misconduct   
- https://oaiplus.pdx.edu/syllabus-template/ ","- https://www.pdx.edu/academic-affairs/ai   
- https://www.pdx.edu/academic-innovation/teaching-innovation   ",- https://www.pdx.edu/academic-affairs/ai ,"- https://guides.library.pdx.edu/home/topics  
- https://guides.library.pdx.edu/AIresearch 
- https://guides.library.pdx.edu/c.php?g=1446447&p=10749323 
- https://guides.library.pdx.edu/cite/AI 
- https://guides.library.pdx.edu/c.php?g=1446447&p=10833506 ",- https://www.pdx.edu/dean-student-life/academic-misconduct   ,- https://www.pdx.edu/academic-affairs/ai ,"- https://www.pdx.edu/academic-affairs/ai 
- https://www.pdx.edu/technology/notebooklm 
- https://www.pdx.edu/technology/gemini 
- https://sites.google.com/pdx.edu/innovaite-psu/home ","- https://www.pdx.edu/academic-affairs/ai
- https://www.pdx.edu/dean-student-life/academic-misconduct
- https://oaiplus.pdx.edu/syllabus-template/
- https://www.pdx.edu/academic-innovation/teaching-innovation
- https://guides.library.pdx.edu/home/topics
- https://guides.library.pdx.edu/AIresearch
- https://guides.library.pdx.edu/c.php?g=1446447&p=10749323
- https://guides.library.pdx.edu/cite/AI
- https://guides.library.pdx.edu/c.php?g=1446447&p=10833506
- https://www.pdx.edu/technology/notebooklm
- https://www.pdx.edu/technology/gemini
- https://sites.google.com/pdx.edu/innovaite-psu/home",https://www.pdx.edu/academic-affairs/ai; https://www.pdx.edu/dean-student-life/academic-misconduct,https://oaiplus.pdx.edu/syllabus-template/; https://www.pdx.edu/dean-student-life/academic-misconduct,https://www.pdx.edu/academic-affairs/ai; https://sites.google.com/pdx.edu/innovaite-psu/home; https://sites.google.com/pdx.edu/innovaite-psu/innovaite-academy; https://www.pdx.edu/academic-innovation/,https://oaiplus.pdx.edu/syllabus-template/; https://www.pdx.edu/dean-student-life/academic-misconduct; https://www.pdx.edu/technology/notebooklm; https://www.pdx.edu/technology/gemini,https://sites.google.com/pdx.edu/innovaite-psu/home; https://www.pdx.edu/academic-affairs/ai,https://oaiplus.pdx.edu/syllabus-template/; https://www.pdx.edu/academic-affairs/ai,https://www.pdx.edu/academic-affairs/ai; https://sites.google.com/pdx.edu/innovaite-psu/home,https://www.pdx.edu/academic-affairs/ai; https://www.pdx.edu/dean-student-life/academic-misconduct,https://www.pdx.edu/academic-affairs/ai; https://sites.google.com/pdx.edu/innovaite-psu/guidance-on-the-use-of-genai,https://www.pdx.edu/dean-student-life/academic-misconduct; https://oaiplus.pdx.edu/syllabus-template/,https://www.pdx.edu/dean-student-life/academic-misconduct,0.6666666666666667,0.9583333333333334,0.3333333333333333,0.41666666666666663,59.375,27.0,63.63636363636363,23.5,52.083333333333336,33.0,66.66666666666667,24.0
U16,1.5,0.8333333333333334,0.5,1.0,1.0,0.6666666666666666,0.8333333333333334,0.6666666666666666,0.16666666666666666,0.3333333333333333,0.5,0.3333333333333333,Public Research-Oriented,R2,West,~20k students,Portland State University,"- https://www.pdx.edu/academic-affairs/ai   
- https://www.pdx.edu/dean-student-life/academic-misconduct   
- https://oaiplus.pdx.edu/syllabus-template/ ","- https://www.pdx.edu/academic-affairs/ai   
- https://www.pdx.edu/academic-innovation/teaching-innovation   ",- https://www.pdx.edu/academic-affairs/ai ,"- https://guides.library.pdx.edu/home/topics  
- https://guides.library.pdx.edu/AIresearch 
- https://guides.library.pdx.edu/c.php?g=1446447&p=10749323 
- https://guides.library.pdx.edu/cite/AI 
- https://guides.library.pdx.edu/c.php?g=1446447&p=10833506 ",- https://www.pdx.edu/dean-student-life/academic-misconduct   ,- https://www.pdx.edu/academic-affairs/ai ,"- https://www.pdx.edu/academic-affairs/ai 
- https://www.pdx.edu/technology/notebooklm 
- https://www.pdx.edu/technology/gemini 
- https://sites.google.com/pdx.edu/innovaite-psu/home ","- https://www.pdx.edu/academic-affairs/ai
- https://www.pdx.edu/dean-student-life/academic-misconduct
- https://oaiplus.pdx.edu/syllabus-template/
- https://www.pdx.edu/academic-innovation/teaching-innovation
- https://guides.library.pdx.edu/home/topics
- https://guides.library.pdx.edu/AIresearch
- https://guides.library.pdx.edu/c.php?g=1446447&p=10749323
- https://guides.library.pdx.edu/cite/AI
- https://guides.library.pdx.edu/c.php?g=1446447&p=10833506
- https://www.pdx.edu/technology/notebooklm
- https://www.pdx.edu/technology/gemini
- https://sites.google.com/pdx.edu/innovaite-psu/home",https://www.pdx.edu/academic-affairs/ai; https://oaiplus.pdx.edu/generative-ai-for-teaching/,https://oaiplus.pdx.edu/syllabus-template/,https://www.pdx.edu/academic-affairs/ai; https://oaiplus.pdx.edu/generative-ai-for-teaching/; https://sites.google.com/pdx.edu/innovaite-psu/home,https://oaiplus.pdx.edu/syllabus-template/; https://www.pdx.edu/dean-student-life/academic-misconduct; https://oaiplus.pdx.edu/generative-ai-for-teaching/; https://oaiplus.pdx.edu/faculty-field-notes-for-ai/,https://www.pdx.edu/academic-affairs/ai; https://sites.google.com/pdx.edu/innovaite-psu/home,https://oaiplus.pdx.edu/syllabus-template/; https://www.pdx.edu/academic-affairs/ai,https://www.pdx.edu/academic-affairs/ai,https://www.pdx.edu/academic-affairs/ai; https://sites.google.com/pdx.edu/innovaite-psu/home,https://sites.google.com/pdx.edu/innovaite-psu/guidance-on-the-use-of-genai,https://www.pdx.edu/dean-student-life/academic-misconduct,https://www.pdx.edu/dean-student-life/academic-misconduct,0.6666666666666667,0.875,0.38888888888888884,0.41666666666666663,58.68055555555556,25.0,62.121212121212125,23.5,52.54629629629629,28.0,64.44444444444444,23.0
U17,0.5,0.8333333333333334,0.5,1.0,1.0,0.16666666666666666,1.0,0.0,0.0,0.5,1.0,0.0,Public Research-Oriented,R2,West,~11k students,University of Colorado Colorado Springs,"- https://oit.uccs.edu/artificial-intelligence
- https://www.cu.edu/service-desk/how-guides/guidance-artificial-intelligence-tools-use 
- https://ai.uccs.edu/ ","- https://ai.uccs.edu/ 
- https://frc.uccs.edu/teaching_resources 
- https://frc.uccs.edu/teaching_resources/ai_in_academics ","- https://ai.uccs.edu/ 
- https://www.cu.edu/uis/ai-resources 
- https://oit.uccs.edu/artificial-intelligence ","- https://libguides.uccs.edu/airesearch   
- https://ai.uccs.edu/ 
- https://libguides.uccs.edu/tcid_ai",- https://ai.uccs.edu/ ,,"- https://ai.uccs.edu/  
- https://c3innovation.uccs.edu/  ","- https://oit.uccs.edu/artificial-intelligence
- https://www.cu.edu/service-desk/how-guides/guidance-artificial-intelligence-tools-use
- https://ai.uccs.edu/
- https://frc.uccs.edu/teaching_resources
- https://frc.uccs.edu/teaching_resources/ai_in_academics
- https://www.cu.edu/uis/ai-resources
- https://libguides.uccs.edu/airesearch
- https://libguides.uccs.edu/tcid_ai
- https://c3innovation.uccs.edu/",https://www.cu.edu/uis/ai-resources; https://oit.uccs.edu/artificial-intelligence,https://frc.uccs.edu/teaching_resources/ai_in_academics; https://oit.uccs.edu/artificial-intelligence; https://ai.uccs.edu/,https://frc.uccs.edu/teaching_resources/ai_in_academics,https://oit.uccs.edu/artificial-intelligence; https://frc.uccs.edu/teaching_resources/ai_in_academics; https://www.cu.edu/service-desk/how-guides/guidance-artificial-intelligence-tools-use,https://frc.uccs.edu/teaching_resources/ai_in_academics; https://oit.uccs.edu/artificial-intelligence; https://ai.uccs.edu/; https://www.cu.edu/uis/ai-resources; https://www.cu.edu/service-desk/how-guides/guidance-artificial-intelligence-tools-use; https://c3innovation.uccs.edu/,https://frc.uccs.edu/teaching_resources/ai_in_academics,https://oit.uccs.edu/artificial-intelligence; https://www.cu.edu/uis/ai-resources; https://www.cu.edu/service-desk/how-guides/guidance-artificial-intelligence-tools-use; https://ai.uccs.edu/,https://ai.uccs.edu/; https://oit.uccs.edu/artificial-intelligence; https://c3innovation.uccs.edu/,https://www.cu.edu/uis/ai-resources,https://frc.uccs.edu/teaching_resources/ai_in_academics,https://frc.uccs.edu/teaching_resources/ai_in_academics; https://ai.uccs.edu/; https://oit.uccs.edu/artificial-intelligence; https://www.cu.edu/service-desk/how-guides/guidance-artificial-intelligence-tools-use,0.6666666666666667,0.7916666666666666,0.16666666666666666,0.5,53.125,39.5,54.54545454545454,40.5,46.527777777777786,42.0,58.33333333333333,39.0
U17,1.0,0.5,0.5,1.0,1.0,0.0,0.6666666666666666,0.16666666666666666,0.0,0.0,0.5,0.0,Public Research-Oriented,R2,West,~11k students,University of Colorado Colorado Springs,"- https://oit.uccs.edu/artificial-intelligence
- https://www.cu.edu/service-desk/how-guides/guidance-artificial-intelligence-tools-use 
- https://ai.uccs.edu/ ","- https://ai.uccs.edu/ 
- https://frc.uccs.edu/teaching_resources 
- https://frc.uccs.edu/teaching_resources/ai_in_academics ","- https://ai.uccs.edu/ 
- https://www.cu.edu/uis/ai-resources 
- https://oit.uccs.edu/artificial-intelligence ","- https://libguides.uccs.edu/airesearch   
- https://ai.uccs.edu/ 
- https://libguides.uccs.edu/tcid_ai",- https://ai.uccs.edu/ ,,"- https://ai.uccs.edu/  
- https://c3innovation.uccs.edu/  ","- https://oit.uccs.edu/artificial-intelligence
- https://www.cu.edu/service-desk/how-guides/guidance-artificial-intelligence-tools-use
- https://ai.uccs.edu/
- https://frc.uccs.edu/teaching_resources
- https://frc.uccs.edu/teaching_resources/ai_in_academics
- https://www.cu.edu/uis/ai-resources
- https://libguides.uccs.edu/airesearch
- https://libguides.uccs.edu/tcid_ai
- https://c3innovation.uccs.edu/",https://frc.uccs.edu/teaching_resources/ai_in_academics; https://oit.uccs.edu/artificial-intelligence,https://frc.uccs.edu/teaching_resources/ai_in_academics; https://ai.uccs.edu/,https://frc.uccs.edu/teaching_resources/ai_in_academics,https://frc.uccs.edu/teaching_resources/ai_in_academics; https://oit.uccs.edu/artificial-intelligence,https://frc.uccs.edu/teaching_resources; https://frc.uccs.edu/teaching_resources/ai_in_academics; https://ai.uccs.edu/; https://c3innovation.uccs.edu/,https://frc.uccs.edu/teaching_resources/ai_in_academics,https://oit.uccs.edu/artificial-intelligence; https://ai.uccs.edu/; https://www.cu.edu/service-desk/how-guides/guidance-artificial-intelligence-tools-use; https://www.cu.edu/uis/ai-resources,https://oit.uccs.edu/artificial-intelligence; https://ai.uccs.edu/; https://www.cu.edu/uis/ai-resources,https://oit.uccs.edu/artificial-intelligence; https://ai.uccs.edu/; https://www.cu.edu/service-desk/how-guides/guidance-artificial-intelligence-tools-use; https://www.cu.edu/uis/ai-resources,https://frc.uccs.edu/teaching_resources/ai_in_academics,https://frc.uccs.edu/teaching_resources/ai_in_academics; https://www.cu.edu/service-desk/how-guides/guidance-artificial-intelligence-tools-use; https://oit.uccs.edu/artificial-intelligence; https://ai.uccs.edu/,0.5,0.6666666666666666,0.05555555555555555,0.25,36.80555555555555,59.0,39.39393939393939,60.0,29.629629629629626,58.5,42.77777777777778,58.0
U17,1.5,0.8333333333333334,0.5,1.0,1.0,0.0,1.0,0.16666666666666666,0.0,0.0,0.6666666666666666,0.0,Public Research-Oriented,R2,West,~11k students,University of Colorado Colorado Springs,"- https://oit.uccs.edu/artificial-intelligence
- https://www.cu.edu/service-desk/how-guides/guidance-artificial-intelligence-tools-use 
- https://ai.uccs.edu/ ","- https://ai.uccs.edu/ 
- https://frc.uccs.edu/teaching_resources 
- https://frc.uccs.edu/teaching_resources/ai_in_academics ","- https://ai.uccs.edu/ 
- https://www.cu.edu/uis/ai-resources 
- https://oit.uccs.edu/artificial-intelligence ","- https://libguides.uccs.edu/airesearch   
- https://ai.uccs.edu/ 
- https://libguides.uccs.edu/tcid_ai",- https://ai.uccs.edu/ ,,"- https://ai.uccs.edu/  
- https://c3innovation.uccs.edu/  ","- https://oit.uccs.edu/artificial-intelligence
- https://www.cu.edu/service-desk/how-guides/guidance-artificial-intelligence-tools-use
- https://ai.uccs.edu/
- https://frc.uccs.edu/teaching_resources
- https://frc.uccs.edu/teaching_resources/ai_in_academics
- https://www.cu.edu/uis/ai-resources
- https://libguides.uccs.edu/airesearch
- https://libguides.uccs.edu/tcid_ai
- https://c3innovation.uccs.edu/",https://www.cu.edu/uis/ai-resources; https://oit.uccs.edu/artificial-intelligence,https://frc.uccs.edu/teaching_resources/ai_in_academics; https://ai.uccs.edu/,https://frc.uccs.edu/teaching_resources/ai_in_academics,https://oit.uccs.edu/artificial-intelligence; https://frc.uccs.edu/teaching_resources/ai_in_academics; https://www.cu.edu/service-desk/how-guides/guidance-artificial-intelligence-tools-use,https://oit.uccs.edu/artificial-intelligence; https://ai.uccs.edu/; https://frc.uccs.edu/teaching_resources/ai_in_academics; https://c3innovation.uccs.edu/,https://frc.uccs.edu/teaching_resources/ai_in_academics,https://oit.uccs.edu/artificial-intelligence,https://oit.uccs.edu/artificial-intelligence; https://ai.uccs.edu/; https://c3innovation.uccs.edu/,https://www.cu.edu/uis/ai-resources; https://oit.uccs.edu/artificial-intelligence; https://ai.uccs.edu/,https://frc.uccs.edu/teaching_resources/ai_in_academics,https://frc.uccs.edu/teaching_resources/ai_in_academics; https://ai.uccs.edu/,0.6666666666666667,0.75,0.05555555555555555,0.3333333333333333,45.13888888888889,51.0,46.969696969696976,48.0,36.574074074074076,54.0,51.11111111111112,49.0
U18,0.5,0.5,0.5,1.0,1.0,1.0,1.0,1.0,0.6666666666666666,0.0,1.0,0.5,Public Research-Oriented,R1,Midwest,~52k students,University of Michigan at Ann Arbor,"- https://safecomputing.umich.edu/protect-the-u/safely-use-sensitive-data/AI-and-UM-Data   
- https://genai.umich.edu/resources 
- https://its.umich.edu/about/ai-transparency 
- https://genai.umich.edu/resources/faculty/course-policies 
- https://genai.umich.edu/resources/students ","- https://crlt.umich.edu/genai   
- https://crlt.umich.edu/GenAILC ","- https://aiim.umich.edu/   
- https://e-hail.umich.edu/   
- https://midas.umich.edu/research/research-resources/generative-ai-hub/  
- https://genai.umich.edu/initiatives 
- https://genai.umich.edu/ ","- https://guides.lib.umich.edu/genai-library-instruction   
- https://www.lib.umich.edu/about-us/policies/statement-appropriate-use-electronic-resources/ 
- https://guides.lib.umich.edu/UMMSAI ","- https://academictechnology.umich.edu/instructional-resources/generative-ai/academic-integrity-resources   
- https://crlt.umich.edu/academic-integrity-genai   
- https://sites.lsa.umich.edu/learningteachingconsulting/home/teaching-methods/guidelines-for-using-generative-ai/ethical-issues-surrounding-genai-tools/ 
- https://teamdynamix.umich.edu/TDClient/30/Portal/KB/ArticleDet?ID=11803 ","- https://it.umich.edu/strategy-planning/gaia 
- https://genai.umich.edu/committee-report ","- https://aiim.umich.edu/   
- https://ai.engin.umich.edu/   
- https://midas.umich.edu/research/research-resources/generative-ai-hub/   
- https://genai.umich.edu/   
- https://caen.engin.umich.edu/ai/   
- https://it.umich.edu/community/communities-of-practice/directory/artificial-intelligence   
- https://micde.umich.edu/   ","- https://safecomputing.umich.edu/protect-the-u/safely-use-sensitive-data/AI-and-UM-Data
- https://genai.umich.edu/resources
- https://its.umich.edu/about/ai-transparency
- https://genai.umich.edu/resources/faculty/course-policies
- https://genai.umich.edu/resources/students
- https://crlt.umich.edu/genai
- https://crlt.umich.edu/GenAILC
- https://aiim.umich.edu/
- https://e-hail.umich.edu/
- https://midas.umich.edu/research/research-resources/generative-ai-hub/
- https://genai.umich.edu/initiatives
- https://genai.umich.edu/
- https://guides.lib.umich.edu/genai-library-instruction
- https://www.lib.umich.edu/about-us/policies/statement-appropriate-use-electronic-resources/
- https://guides.lib.umich.edu/UMMSAI
- https://academictechnology.umich.edu/instructional-resources/generative-ai/academic-integrity-resources
- https://crlt.umich.edu/academic-integrity-genai
- https://sites.lsa.umich.edu/learningteachingconsulting/home/teaching-methods/guidelines-for-using-generative-ai/ethical-issues-surrounding-genai-tools/
- https://teamdynamix.umich.edu/TDClient/30/Portal/KB/ArticleDet?ID=11803
- https://it.umich.edu/strategy-planning/gaia
- https://genai.umich.edu/committee-report
- https://ai.engin.umich.edu/
- https://caen.engin.umich.edu/ai/
- https://it.umich.edu/community/communities-of-practice/directory/artificial-intelligence
- https://micde.umich.edu/",https://genai.umich.edu/resources/faculty/course-policies; https://genai.umich.edu/resources/faculty,https://genai.umich.edu/resources/faculty; https://genai.umich.edu/resources/faculty/course-policies; https://teamdynamix.umich.edu/TDClient/30/Portal/KB/ArticleDet?ID=11803,https://genai.umich.edu/resources/faculty; https://academictechnology.umich.edu/instructional-resources/generative-ai/academic-integrity-resources; https://crlt.umich.edu/genai,https://genai.umich.edu/resources/prompt-library; https://genai.umich.edu/resources/faculty/course-policies; https://its.umich.edu/about/ai-transparency,https://it.umich.edu/strategy-planning/gaia; https://academictechnology.umich.edu/instructional-resources/generative-ai/academic-integrity-resources,https://genai.umich.edu/resources/faculty/course-policies,https://it.umich.edu/strategy-planning/gaia; https://genai.umich.edu/committee-report,https://it.umich.edu/strategy-planning/gaia; https://genai.umich.edu/committee-report,https://genai.umich.edu/committee-report; https://it.umich.edu/strategy-planning/gaia; https://its.umich.edu/about/ai-transparency,https://teamdynamix.umich.edu/TDClient/30/Portal/KB/ArticleDet?ID=11803; https://genai.umich.edu/resources/faculty; https://genai.umich.edu/resources/faculty/course-policies,https://teamdynamix.umich.edu/TDClient/30/Portal/KB/ArticleDet?ID=11803; https://genai.umich.edu/resources/faculty,0.5,1.0,0.5555555555555555,0.75,70.13888888888889,6.0,74.24242424242424,5.0,68.5185185185185,4.5,76.11111111111111,5.0
U18,1.0,0.5,0.5,1.0,1.0,1.0,1.0,1.0,0.3333333333333333,0.0,1.0,0.5,Public Research-Oriented,R1,Midwest,~52k students,University of Michigan at Ann Arbor,"- https://safecomputing.umich.edu/protect-the-u/safely-use-sensitive-data/AI-and-UM-Data   
- https://genai.umich.edu/resources 
- https://its.umich.edu/about/ai-transparency 
- https://genai.umich.edu/resources/faculty/course-policies 
- https://genai.umich.edu/resources/students ","- https://crlt.umich.edu/genai   
- https://crlt.umich.edu/GenAILC ","- https://aiim.umich.edu/   
- https://e-hail.umich.edu/   
- https://midas.umich.edu/research/research-resources/generative-ai-hub/  
- https://genai.umich.edu/initiatives 
- https://genai.umich.edu/ ","- https://guides.lib.umich.edu/genai-library-instruction   
- https://www.lib.umich.edu/about-us/policies/statement-appropriate-use-electronic-resources/ 
- https://guides.lib.umich.edu/UMMSAI ","- https://academictechnology.umich.edu/instructional-resources/generative-ai/academic-integrity-resources   
- https://crlt.umich.edu/academic-integrity-genai   
- https://sites.lsa.umich.edu/learningteachingconsulting/home/teaching-methods/guidelines-for-using-generative-ai/ethical-issues-surrounding-genai-tools/ 
- https://teamdynamix.umich.edu/TDClient/30/Portal/KB/ArticleDet?ID=11803 ","- https://it.umich.edu/strategy-planning/gaia 
- https://genai.umich.edu/committee-report ","- https://aiim.umich.edu/   
- https://ai.engin.umich.edu/   
- https://midas.umich.edu/research/research-resources/generative-ai-hub/   
- https://genai.umich.edu/   
- https://caen.engin.umich.edu/ai/   
- https://it.umich.edu/community/communities-of-practice/directory/artificial-intelligence   
- https://micde.umich.edu/   ","- https://safecomputing.umich.edu/protect-the-u/safely-use-sensitive-data/AI-and-UM-Data
- https://genai.umich.edu/resources
- https://its.umich.edu/about/ai-transparency
- https://genai.umich.edu/resources/faculty/course-policies
- https://genai.umich.edu/resources/students
- https://crlt.umich.edu/genai
- https://crlt.umich.edu/GenAILC
- https://aiim.umich.edu/
- https://e-hail.umich.edu/
- https://midas.umich.edu/research/research-resources/generative-ai-hub/
- https://genai.umich.edu/initiatives
- https://genai.umich.edu/
- https://guides.lib.umich.edu/genai-library-instruction
- https://www.lib.umich.edu/about-us/policies/statement-appropriate-use-electronic-resources/
- https://guides.lib.umich.edu/UMMSAI
- https://academictechnology.umich.edu/instructional-resources/generative-ai/academic-integrity-resources
- https://crlt.umich.edu/academic-integrity-genai
- https://sites.lsa.umich.edu/learningteachingconsulting/home/teaching-methods/guidelines-for-using-generative-ai/ethical-issues-surrounding-genai-tools/
- https://teamdynamix.umich.edu/TDClient/30/Portal/KB/ArticleDet?ID=11803
- https://it.umich.edu/strategy-planning/gaia
- https://genai.umich.edu/committee-report
- https://ai.engin.umich.edu/
- https://caen.engin.umich.edu/ai/
- https://it.umich.edu/community/communities-of-practice/directory/artificial-intelligence
- https://micde.umich.edu/",https://genai.umich.edu/resources/students; https://genai.umich.edu/resources/faculty/course-policies,https://genai.umich.edu/resources/faculty/course-policies; https://teamdynamix.umich.edu/TDClient/30/Portal/KB/ArticleDet?ID=11803,https://genai.umich.edu/resources/faculty/course-policies; https://academictechnology.umich.edu/instructional-resources/generative-ai/academic-integrity-resources; https://crlt.umich.edu/GenAILC,https://genai.umich.edu/resources/prompt-library; https://genai.umich.edu/resources/faculty/course-policies; https://its.umich.edu/about/ai-transparency,https://crlt.umich.edu/GenAILC,https://genai.umich.edu/resources/faculty/course-policies,https://it.umich.edu/strategy-planning/gaia; https://genai.umich.edu/committee-report,https://genai.umich.edu/committee-report,https://genai.umich.edu/resources; https://genai.umich.edu/committee-report; https://it.umich.edu/strategy-planning/gaia,https://teamdynamix.umich.edu/TDClient/30/Portal/KB/ArticleDet?ID=11803; https://genai.umich.edu/resources/faculty/course-policies,https://teamdynamix.umich.edu/TDClient/30/Portal/KB/ArticleDet?ID=11803,0.5,1.0,0.4444444444444444,0.75,67.36111111111111,11.0,71.2121212121212,13.0,64.81481481481481,7.5,73.88888888888889,8.5
U18,1.5,0.5,0.5,1.0,1.0,1.0,1.0,1.0,0.6666666666666666,0.0,1.0,0.3333333333333333,Public Research-Oriented,R1,Midwest,~52k students,University of Michigan at Ann Arbor,"- https://safecomputing.umich.edu/protect-the-u/safely-use-sensitive-data/AI-and-UM-Data   
- https://genai.umich.edu/resources 
- https://its.umich.edu/about/ai-transparency 
- https://genai.umich.edu/resources/faculty/course-policies 
- https://genai.umich.edu/resources/students ","- https://crlt.umich.edu/genai   
- https://crlt.umich.edu/GenAILC ","- https://aiim.umich.edu/   
- https://e-hail.umich.edu/   
- https://midas.umich.edu/research/research-resources/generative-ai-hub/  
- https://genai.umich.edu/initiatives 
- https://genai.umich.edu/ ","- https://guides.lib.umich.edu/genai-library-instruction   
- https://www.lib.umich.edu/about-us/policies/statement-appropriate-use-electronic-resources/ 
- https://guides.lib.umich.edu/UMMSAI ","- https://academictechnology.umich.edu/instructional-resources/generative-ai/academic-integrity-resources   
- https://crlt.umich.edu/academic-integrity-genai   
- https://sites.lsa.umich.edu/learningteachingconsulting/home/teaching-methods/guidelines-for-using-generative-ai/ethical-issues-surrounding-genai-tools/ 
- https://teamdynamix.umich.edu/TDClient/30/Portal/KB/ArticleDet?ID=11803 ","- https://it.umich.edu/strategy-planning/gaia 
- https://genai.umich.edu/committee-report ","- https://aiim.umich.edu/   
- https://ai.engin.umich.edu/   
- https://midas.umich.edu/research/research-resources/generative-ai-hub/   
- https://genai.umich.edu/   
- https://caen.engin.umich.edu/ai/   
- https://it.umich.edu/community/communities-of-practice/directory/artificial-intelligence   
- https://micde.umich.edu/   ","- https://safecomputing.umich.edu/protect-the-u/safely-use-sensitive-data/AI-and-UM-Data
- https://genai.umich.edu/resources
- https://its.umich.edu/about/ai-transparency
- https://genai.umich.edu/resources/faculty/course-policies
- https://genai.umich.edu/resources/students
- https://crlt.umich.edu/genai
- https://crlt.umich.edu/GenAILC
- https://aiim.umich.edu/
- https://e-hail.umich.edu/
- https://midas.umich.edu/research/research-resources/generative-ai-hub/
- https://genai.umich.edu/initiatives
- https://genai.umich.edu/
- https://guides.lib.umich.edu/genai-library-instruction
- https://www.lib.umich.edu/about-us/policies/statement-appropriate-use-electronic-resources/
- https://guides.lib.umich.edu/UMMSAI
- https://academictechnology.umich.edu/instructional-resources/generative-ai/academic-integrity-resources
- https://crlt.umich.edu/academic-integrity-genai
- https://sites.lsa.umich.edu/learningteachingconsulting/home/teaching-methods/guidelines-for-using-generative-ai/ethical-issues-surrounding-genai-tools/
- https://teamdynamix.umich.edu/TDClient/30/Portal/KB/ArticleDet?ID=11803
- https://it.umich.edu/strategy-planning/gaia
- https://genai.umich.edu/committee-report
- https://ai.engin.umich.edu/
- https://caen.engin.umich.edu/ai/
- https://it.umich.edu/community/communities-of-practice/directory/artificial-intelligence
- https://micde.umich.edu/",https://genai.umich.edu/resources/faculty/instructor-guide; https://safecomputing.umich.edu/protect-the-u/safely-use-sensitive-data/AI-and-UM-Data,https://teamdynamix.umich.edu/TDClient/30/Portal/KB/ArticleDet?ID=11803; https://genai.umich.edu/resources/faculty/course-policies,https://genai.umich.edu/resources/faculty/instructor-guide; https://genai.umich.edu/resources/training; https://academictechnology.umich.edu/instructional-resources/generative-ai/academic-integrity-resources; https://crlt.umich.edu/genai,https://genai.umich.edu/resources/prompt-library; https://its.umich.edu/about/ai-transparency; https://genai.umich.edu/use-cases; https://safecomputing.umich.edu/protect-the-u/safely-use-sensitive-data/AI-and-UM-Data,https://academictechnology.umich.edu/instructional-resources/generative-ai/learning-community; https://crlt.umich.edu/GenAILC,https://genai.umich.edu/resources/faculty/course-policies,https://it.umich.edu/strategy-planning/gaia; https://genai.umich.edu/committee-report; https://academictechnology.umich.edu/instructional-resources/generative-ai/gaia-committee,https://it.umich.edu/strategy-planning/gaia,https://genai.umich.edu/resources; https://genai.umich.edu/committee-report; https://its.umich.edu/about/ai-transparency,https://teamdynamix.umich.edu/TDClient/30/Portal/KB/ArticleDet?ID=11803; https://genai.umich.edu/resources/faculty/course-policies,https://teamdynamix.umich.edu/TDClient/30/Portal/KB/ArticleDet?ID=11803,0.5,1.0,0.5555555555555555,0.6666666666666666,68.05555555555554,4.5,72.72727272727272,5.0,65.74074074074073,3.0,74.44444444444443,2.5
U19,0.5,0.8333333333333334,1.0,1.0,1.0,0.8333333333333334,0.8333333333333334,0.8333333333333334,0.0,0.5,1.0,0.16666666666666666,Public Research-Oriented,R1,Midwest,~55k students,University of Illinois Urbana-Champaign,"- https://genai.illinois.edu/ethical-and-responsible-use-of-generative-ai/  
- https://genai.illinois.edu/  
- https://guides.library.illinois.edu/generativeAI/ethics   
- https://guides.library.illinois.edu/generativeAI/privacy   
- https://guides.library.illinois.edu/generativeAI/documenting  
- https://extension.illinois.edu/commit/ai-guidelines 
- https://ldlprogram.web.illinois.edu/academic-integrity-statement/ 
- https://www.vpaa.uillinois.edu/digital_risk_management/generative_ai/principles 
- https://extension.illinois.edu/commit/ai-guidelines 
- https://genai.illinois.edu/best-practices-using-generative-ai-in-research/ ","- https://citl.illinois.edu/   
- https://citl.illinois.edu/innovate-us   
- https://citl.illinois.edu/learn-new-technologies/generative-artificial-intelligence-gen-ai ","- https://ai.ncsa.illinois.edu/   
- https://www.ncsa.illinois.edu/research/artificial-intelligence/   
- https://aice.illinois.edu/   
- https://research.illinois.edu/strategic-partnerships/c3ai   
- https://genai.illinois.edu/ ","- https://guides.library.illinois.edu/generativeAI   
- https://guides.library.illinois.edu/generativeAI/researchai   
- https://guides.library.illinois.edu/generativeAI/ethics   
- https://guides.library.illinois.edu/generativeAI/experts   ","- https://genai.illinois.edu/best-practices-teaching-and-learning/   
- https://genai.illinois.edu/best-practice-notify-learners-of-expectations-for-using-generative-ai-to-support-learning/   
- https://genai.illinois.edu/best-practice-acknowledge-ai-use-and-cite-ai-generated-content/  
- https://genai.illinois.edu/best-practice-use-generative-ai-for-assessment-and-feedback/  
- https://genai.illinois.edu/best-practice-leverage-personalized-learning-support/   
- https://citl.illinois.edu/generative-artificial-intelligence-gen-ai/teaching-implications   ","- https://provost.illinois.edu/about/committees/education-2/campus-ai-curriculum-task-force/ 
- https://boldly.illinois.edu/being-bold/ ","- https://ncsa.illinois.edu/research/artificial-intelligence/   
- https://ai.ncsa.illinois.edu/     
- https://ai.ncsa.illinois.edu/center-for-artificial-intelligence-innovation/   
- https://citl.illinois.edu/learn-new-technologies/generative-artificial-intelligence-gen-ai  
- https://research.illinois.edu/researchunit/artificial-intelligence-future-agricultural-resilience-management-and-sustainability    
- https://icap.sustainability.illinois.edu/project-update/artificial-intelligence-managing-%E2%80%9Chigh-tunnel%E2%80%9D-food-production   ","- https://genai.illinois.edu/ethical-and-responsible-use-of-generative-ai/
- https://genai.illinois.edu/
- https://guides.library.illinois.edu/generativeAI/ethics
- https://guides.library.illinois.edu/generativeAI/privacy
- https://guides.library.illinois.edu/generativeAI/documenting
- https://extension.illinois.edu/commit/ai-guidelines
- https://ldlprogram.web.illinois.edu/academic-integrity-statement/
- https://www.vpaa.uillinois.edu/digital_risk_management/generative_ai/principles
- https://genai.illinois.edu/best-practices-using-generative-ai-in-research/
- https://citl.illinois.edu/
- https://citl.illinois.edu/innovate-us
- https://citl.illinois.edu/learn-new-technologies/generative-artificial-intelligence-gen-ai
- https://ai.ncsa.illinois.edu/
- https://www.ncsa.illinois.edu/research/artificial-intelligence/
- https://aice.illinois.edu/
- https://research.illinois.edu/strategic-partnerships/c3ai
- https://guides.library.illinois.edu/generativeAI
- https://guides.library.illinois.edu/generativeAI/researchai
- https://guides.library.illinois.edu/generativeAI/experts
- https://genai.illinois.edu/best-practices-teaching-and-learning/
- https://genai.illinois.edu/best-practice-notify-learners-of-expectations-for-using-generative-ai-to-support-learning/
- https://genai.illinois.edu/best-practice-acknowledge-ai-use-and-cite-ai-generated-content/
- https://genai.illinois.edu/best-practice-use-generative-ai-for-assessment-and-feedback/
- https://genai.illinois.edu/best-practice-leverage-personalized-learning-support/
- https://citl.illinois.edu/generative-artificial-intelligence-gen-ai/teaching-implications
- https://provost.illinois.edu/about/committees/education-2/campus-ai-curriculum-task-force/
- https://boldly.illinois.edu/being-bold/
- https://ncsa.illinois.edu/research/artificial-intelligence/
- https://ai.ncsa.illinois.edu/center-for-artificial-intelligence-innovation/
- https://research.illinois.edu/researchunit/artificial-intelligence-future-agricultural-resilience-management-and-sustainability
- https://icap.sustainability.illinois.edu/project-update/artificial-intelligence-managing-%E2%80%9Chigh-tunnel%E2%80%9D-food-production",https://extension.illinois.edu/commit/ai-guidelines; https://genai.illinois.edu/ethical-and-responsible-use-of-generative-ai/,https://genai.illinois.edu/best-practice-acknowledge-ai-use-and-cite-ai-generated-content/; https://genai.illinois.edu/best-practices-using-generative-ai-in-research/,https://genai.illinois.edu/best-practices-teaching-and-learning/; https://citl.illinois.edu/learn-new-technologies/generative-artificial-intelligence-gen-ai,https://genai.illinois.edu/best-practice-notify-learners-of-expectations-for-using-generative-ai-to-support-learning/,https://provost.illinois.edu/about/committees/education-2/campus-ai-curriculum-task-force/,https://genai.illinois.edu/best-practice-notify-learners-of-expectations-for-using-generative-ai-to-support-learning/,https://www.vpaa.uillinois.edu/digital_risk_management/generative_ai/principles,https://genai.illinois.edu/; https://www.vpaa.uillinois.edu/digital_risk_management/generative_ai/principles,https://genai.illinois.edu/updates/; https://www.vpaa.uillinois.edu/digital_risk_management/generative_ai/principles,https://genai.illinois.edu/best-practice-acknowledge-ai-use-and-cite-ai-generated-content/,https://genai.illinois.edu/best-practice-acknowledge-ai-use-and-cite-ai-generated-content/; https://ldlprogram.web.illinois.edu/academic-integrity-statement/,0.9166666666666667,0.9166666666666667,0.4444444444444445,0.5833333333333334,71.52777777777779,5.0,72.72727272727273,7.0,64.81481481481482,10.0,75.55555555555557,6.0
U19,1.0,0.8333333333333334,0.8333333333333334,1.0,1.0,0.8333333333333334,0.8333333333333334,0.6666666666666666,0.0,0.3333333333333333,1.0,0.3333333333333333,Public Research-Oriented,R1,Midwest,~55k students,University of Illinois Urbana-Champaign,"- https://genai.illinois.edu/ethical-and-responsible-use-of-generative-ai/  
- https://genai.illinois.edu/  
- https://guides.library.illinois.edu/generativeAI/ethics   
- https://guides.library.illinois.edu/generativeAI/privacy   
- https://guides.library.illinois.edu/generativeAI/documenting  
- https://extension.illinois.edu/commit/ai-guidelines 
- https://ldlprogram.web.illinois.edu/academic-integrity-statement/ 
- https://www.vpaa.uillinois.edu/digital_risk_management/generative_ai/principles 
- https://extension.illinois.edu/commit/ai-guidelines 
- https://genai.illinois.edu/best-practices-using-generative-ai-in-research/ ","- https://citl.illinois.edu/   
- https://citl.illinois.edu/innovate-us   
- https://citl.illinois.edu/learn-new-technologies/generative-artificial-intelligence-gen-ai ","- https://ai.ncsa.illinois.edu/   
- https://www.ncsa.illinois.edu/research/artificial-intelligence/   
- https://aice.illinois.edu/   
- https://research.illinois.edu/strategic-partnerships/c3ai   
- https://genai.illinois.edu/ ","- https://guides.library.illinois.edu/generativeAI   
- https://guides.library.illinois.edu/generativeAI/researchai   
- https://guides.library.illinois.edu/generativeAI/ethics   
- https://guides.library.illinois.edu/generativeAI/experts   ","- https://genai.illinois.edu/best-practices-teaching-and-learning/   
- https://genai.illinois.edu/best-practice-notify-learners-of-expectations-for-using-generative-ai-to-support-learning/   
- https://genai.illinois.edu/best-practice-acknowledge-ai-use-and-cite-ai-generated-content/  
- https://genai.illinois.edu/best-practice-use-generative-ai-for-assessment-and-feedback/  
- https://genai.illinois.edu/best-practice-leverage-personalized-learning-support/   
- https://citl.illinois.edu/generative-artificial-intelligence-gen-ai/teaching-implications   ","- https://provost.illinois.edu/about/committees/education-2/campus-ai-curriculum-task-force/ 
- https://boldly.illinois.edu/being-bold/ ","- https://ncsa.illinois.edu/research/artificial-intelligence/   
- https://ai.ncsa.illinois.edu/     
- https://ai.ncsa.illinois.edu/center-for-artificial-intelligence-innovation/   
- https://citl.illinois.edu/learn-new-technologies/generative-artificial-intelligence-gen-ai  
- https://research.illinois.edu/researchunit/artificial-intelligence-future-agricultural-resilience-management-and-sustainability    
- https://icap.sustainability.illinois.edu/project-update/artificial-intelligence-managing-%E2%80%9Chigh-tunnel%E2%80%9D-food-production   ","- https://genai.illinois.edu/ethical-and-responsible-use-of-generative-ai/
- https://genai.illinois.edu/
- https://guides.library.illinois.edu/generativeAI/ethics
- https://guides.library.illinois.edu/generativeAI/privacy
- https://guides.library.illinois.edu/generativeAI/documenting
- https://extension.illinois.edu/commit/ai-guidelines
- https://ldlprogram.web.illinois.edu/academic-integrity-statement/
- https://www.vpaa.uillinois.edu/digital_risk_management/generative_ai/principles
- https://genai.illinois.edu/best-practices-using-generative-ai-in-research/
- https://citl.illinois.edu/
- https://citl.illinois.edu/innovate-us
- https://citl.illinois.edu/learn-new-technologies/generative-artificial-intelligence-gen-ai
- https://ai.ncsa.illinois.edu/
- https://www.ncsa.illinois.edu/research/artificial-intelligence/
- https://aice.illinois.edu/
- https://research.illinois.edu/strategic-partnerships/c3ai
- https://guides.library.illinois.edu/generativeAI
- https://guides.library.illinois.edu/generativeAI/researchai
- https://guides.library.illinois.edu/generativeAI/experts
- https://genai.illinois.edu/best-practices-teaching-and-learning/
- https://genai.illinois.edu/best-practice-notify-learners-of-expectations-for-using-generative-ai-to-support-learning/
- https://genai.illinois.edu/best-practice-acknowledge-ai-use-and-cite-ai-generated-content/
- https://genai.illinois.edu/best-practice-use-generative-ai-for-assessment-and-feedback/
- https://genai.illinois.edu/best-practice-leverage-personalized-learning-support/
- https://citl.illinois.edu/generative-artificial-intelligence-gen-ai/teaching-implications
- https://provost.illinois.edu/about/committees/education-2/campus-ai-curriculum-task-force/
- https://boldly.illinois.edu/being-bold/
- https://ncsa.illinois.edu/research/artificial-intelligence/
- https://ai.ncsa.illinois.edu/center-for-artificial-intelligence-innovation/
- https://research.illinois.edu/researchunit/artificial-intelligence-future-agricultural-resilience-management-and-sustainability
- https://icap.sustainability.illinois.edu/project-update/artificial-intelligence-managing-%E2%80%9Chigh-tunnel%E2%80%9D-food-production",https://genai.illinois.edu/best-practice-acknowledge-ai-use-and-cite-ai-generated-content/; https://citl.illinois.edu/generative-artificial-intelligence-gen-ai/teaching-implications,https://genai.illinois.edu/best-practice-acknowledge-ai-use-and-cite-ai-generated-content/; https://genai.illinois.edu/best-practices-using-generative-ai-in-research/,https://genai.illinois.edu/best-practices-teaching-and-learning/; https://citl.illinois.edu/learn-new-technologies/generative-artificial-intelligence-gen-ai; https://citl.illinois.edu/generative-artificial-intelligence-gen-ai/teaching-implications,https://genai.illinois.edu/best-practice-notify-learners-of-expectations-for-using-generative-ai-to-support-learning/,https://provost.illinois.edu/about/committees/education-2/campus-ai-curriculum-task-force/; https://genai.illinois.edu/best-practices-teaching-and-learning/,https://genai.illinois.edu/best-practice-notify-learners-of-expectations-for-using-generative-ai-to-support-learning/; https://citl.illinois.edu/generative-artificial-intelligence-gen-ai/teaching-implications,https://www.vpaa.uillinois.edu/digital_risk_management/generative_ai/principles; https://genai.illinois.edu/best-practices-collaboration-and-advocacy/,https://genai.illinois.edu/; https://www.vpaa.uillinois.edu/digital_risk_management/generative_ai/principles; https://provost.illinois.edu/about/committees/education-2/campus-ai-curriculum-task-force/,https://genai.illinois.edu/updates/,https://genai.illinois.edu/best-practice-acknowledge-ai-use-and-cite-ai-generated-content/; https://citl.illinois.edu/generative-artificial-intelligence-gen-ai/teaching-implications,https://citl.illinois.edu/generative-artificial-intelligence-gen-ai/teaching-implications,0.8333333333333334,0.9166666666666667,0.3333333333333333,0.6666666666666666,68.75,9.0,69.6969696969697,14.5,62.5,12.0,73.33333333333334,10.0
U19,1.5,1.0,0.8333333333333334,1.0,0.8333333333333334,1.0,0.5,0.5,0.0,0.5,1.0,0.0,Public Research-Oriented,R1,Midwest,~55k students,University of Illinois Urbana-Champaign,"- https://genai.illinois.edu/ethical-and-responsible-use-of-generative-ai/  
- https://genai.illinois.edu/  
- https://guides.library.illinois.edu/generativeAI/ethics   
- https://guides.library.illinois.edu/generativeAI/privacy   
- https://guides.library.illinois.edu/generativeAI/documenting  
- https://extension.illinois.edu/commit/ai-guidelines 
- https://ldlprogram.web.illinois.edu/academic-integrity-statement/ 
- https://www.vpaa.uillinois.edu/digital_risk_management/generative_ai/principles 
- https://extension.illinois.edu/commit/ai-guidelines 
- https://genai.illinois.edu/best-practices-using-generative-ai-in-research/ ","- https://citl.illinois.edu/   
- https://citl.illinois.edu/innovate-us   
- https://citl.illinois.edu/learn-new-technologies/generative-artificial-intelligence-gen-ai ","- https://ai.ncsa.illinois.edu/   
- https://www.ncsa.illinois.edu/research/artificial-intelligence/   
- https://aice.illinois.edu/   
- https://research.illinois.edu/strategic-partnerships/c3ai   
- https://genai.illinois.edu/ ","- https://guides.library.illinois.edu/generativeAI   
- https://guides.library.illinois.edu/generativeAI/researchai   
- https://guides.library.illinois.edu/generativeAI/ethics   
- https://guides.library.illinois.edu/generativeAI/experts   ","- https://genai.illinois.edu/best-practices-teaching-and-learning/   
- https://genai.illinois.edu/best-practice-notify-learners-of-expectations-for-using-generative-ai-to-support-learning/   
- https://genai.illinois.edu/best-practice-acknowledge-ai-use-and-cite-ai-generated-content/  
- https://genai.illinois.edu/best-practice-use-generative-ai-for-assessment-and-feedback/  
- https://genai.illinois.edu/best-practice-leverage-personalized-learning-support/   
- https://citl.illinois.edu/generative-artificial-intelligence-gen-ai/teaching-implications   ","- https://provost.illinois.edu/about/committees/education-2/campus-ai-curriculum-task-force/ 
- https://boldly.illinois.edu/being-bold/ ","- https://ncsa.illinois.edu/research/artificial-intelligence/   
- https://ai.ncsa.illinois.edu/     
- https://ai.ncsa.illinois.edu/center-for-artificial-intelligence-innovation/   
- https://citl.illinois.edu/learn-new-technologies/generative-artificial-intelligence-gen-ai  
- https://research.illinois.edu/researchunit/artificial-intelligence-future-agricultural-resilience-management-and-sustainability    
- https://icap.sustainability.illinois.edu/project-update/artificial-intelligence-managing-%E2%80%9Chigh-tunnel%E2%80%9D-food-production   ","- https://genai.illinois.edu/ethical-and-responsible-use-of-generative-ai/
- https://genai.illinois.edu/
- https://guides.library.illinois.edu/generativeAI/ethics
- https://guides.library.illinois.edu/generativeAI/privacy
- https://guides.library.illinois.edu/generativeAI/documenting
- https://extension.illinois.edu/commit/ai-guidelines
- https://ldlprogram.web.illinois.edu/academic-integrity-statement/
- https://www.vpaa.uillinois.edu/digital_risk_management/generative_ai/principles
- https://genai.illinois.edu/best-practices-using-generative-ai-in-research/
- https://citl.illinois.edu/
- https://citl.illinois.edu/innovate-us
- https://citl.illinois.edu/learn-new-technologies/generative-artificial-intelligence-gen-ai
- https://ai.ncsa.illinois.edu/
- https://www.ncsa.illinois.edu/research/artificial-intelligence/
- https://aice.illinois.edu/
- https://research.illinois.edu/strategic-partnerships/c3ai
- https://guides.library.illinois.edu/generativeAI
- https://guides.library.illinois.edu/generativeAI/researchai
- https://guides.library.illinois.edu/generativeAI/experts
- https://genai.illinois.edu/best-practices-teaching-and-learning/
- https://genai.illinois.edu/best-practice-notify-learners-of-expectations-for-using-generative-ai-to-support-learning/
- https://genai.illinois.edu/best-practice-acknowledge-ai-use-and-cite-ai-generated-content/
- https://genai.illinois.edu/best-practice-use-generative-ai-for-assessment-and-feedback/
- https://genai.illinois.edu/best-practice-leverage-personalized-learning-support/
- https://citl.illinois.edu/generative-artificial-intelligence-gen-ai/teaching-implications
- https://provost.illinois.edu/about/committees/education-2/campus-ai-curriculum-task-force/
- https://boldly.illinois.edu/being-bold/
- https://ncsa.illinois.edu/research/artificial-intelligence/
- https://ai.ncsa.illinois.edu/center-for-artificial-intelligence-innovation/
- https://research.illinois.edu/researchunit/artificial-intelligence-future-agricultural-resilience-management-and-sustainability
- https://icap.sustainability.illinois.edu/project-update/artificial-intelligence-managing-%E2%80%9Chigh-tunnel%E2%80%9D-food-production",https://citl.illinois.edu/learn-new-technologies/generative-artificial-intelligence-gen-ai,https://genai.illinois.edu/best-practice-acknowledge-ai-use-and-cite-ai-generated-content/; https://genai.illinois.edu/best-practice-notify-learners-of-expectations-for-using-generative-ai-to-support-learning/,https://citl.illinois.edu/generative-artificial-intelligence-gen-ai/teaching-implications; https://genai.illinois.edu/best-practices-teaching-and-learning/,https://genai.illinois.edu/best-practice-notify-learners-of-expectations-for-using-generative-ai-to-support-learning/; https://citl.illinois.edu/generative-artificial-intelligence-gen-ai/teaching-implications,https://provost.illinois.edu/about/committees/education-2/campus-ai-curriculum-task-force/,https://genai.illinois.edu/best-practice-notify-learners-of-expectations-for-using-generative-ai-to-support-learning/; https://citl.illinois.edu/generative-artificial-intelligence-gen-ai/teaching-implications,https://www.vpaa.uillinois.edu/digital_risk_management/generative_ai/principles,,https://citl.illinois.edu/learn-new-technologies/generative-artificial-intelligence-gen-ai; https://genai.illinois.edu/,https://genai.illinois.edu/best-practice-acknowledge-ai-use-and-cite-ai-generated-content/; https://citl.illinois.edu/generative-artificial-intelligence-gen-ai/teaching-implications,,0.9166666666666667,0.8333333333333334,0.3333333333333333,0.5,64.58333333333334,14.5,65.15151515151516,18.5,56.94444444444444,19.0,68.33333333333333,16.0
U2,0.5,1.0,0.6666666666666666,1.0,1.0,0.3333333333333333,1.0,0.5,0.0,0.5,1.0,0.0,Public Research-Oriented,R1,South,~55k students,University of Texas at Austin,"- https://provost.utexas.edu/the-office/academic-affairs/office-of-academic-technology/responsible-adoption-of-ai-tools/   
- https://security.utexas.edu/ai-tools   
- https://provost.utexas.edu/the-office/academic-affairs/office-of-academic-technology/limitations/   
- https://ctl.utexas.edu/generative-ai-teaching-and-learning-policies   ","- https://ctl.utexas.edu/homepage   
- https://ctl.utexas.edu/teaching-technology/generative-ai-teaching-and-learning-introduction   
- https://ctl.utexas.edu/generative-ai-teaching-and-learning-tools   
- https://ctl.utexas.edu/generative-ai-teaching-and-learning-policies   
- https://provost.utexas.edu/the-office/academic-affairs/office-of-academic-technology/ai-detection-software-guidance/ ","- https://ai.utexas.edu/   
- https://ml.utexas.edu/   
- https://robotics.utexas.edu/   
- https://goodsystems.utexas.edu/   ","- https://guides.lib.utexas.edu/AI   
- https://guides.lib.utexas.edu/AI/teaching  ","- https://guides.lib.utexas.edu/AI/academic_integrity   
- https://provost.utexas.edu/the-office/academic-affairs/your-syllabus-at-ut-austin/   
- https://provost.utexas.edu/the-office/academic-affairs/office-of-academic-technology/ai-detection-software-guidance/   
- https://ctl.utexas.edu/generative-ai-teaching-and-learning-policies ",,"- https://ai.utexas.edu/   
- https://ai.utexas.edu/industry/collaborative-research   ","- https://provost.utexas.edu/the-office/academic-affairs/office-of-academic-technology/responsible-adoption-of-ai-tools/
- https://security.utexas.edu/ai-tools
- https://provost.utexas.edu/the-office/academic-affairs/office-of-academic-technology/limitations/
- https://ctl.utexas.edu/generative-ai-teaching-and-learning-policies
- https://ctl.utexas.edu/homepage
- https://ctl.utexas.edu/teaching-technology/generative-ai-teaching-and-learning-introduction
- https://ctl.utexas.edu/generative-ai-teaching-and-learning-tools
- https://provost.utexas.edu/the-office/academic-affairs/office-of-academic-technology/ai-detection-software-guidance/
- https://ai.utexas.edu/
- https://ml.utexas.edu/
- https://robotics.utexas.edu/
- https://goodsystems.utexas.edu/
- https://guides.lib.utexas.edu/AI
- https://guides.lib.utexas.edu/AI/teaching
- https://guides.lib.utexas.edu/AI/academic_integrity
- https://provost.utexas.edu/the-office/academic-affairs/your-syllabus-at-ut-austin/
- https://ai.utexas.edu/industry/collaborative-research",https://provost.utexas.edu/the-office/academic-affairs/office-of-academic-technology/responsible-adoption-of-ai-tools/; https://ctl.utexas.edu/generative-ai-teaching-and-learning-definitions; https://provost.utexas.edu/the-office/academic-affairs/office-of-academic-technology/ai-detection-software-guidance/,https://ctl.utexas.edu/generative-ai-teaching-and-learning-syllabus-statements; https://ctl.utexas.edu/generative-ai-teaching-and-learning-assessment,https://ctl.utexas.edu/teaching-technology/generative-ai-teaching-and-learning-introduction; https://ctl.utexas.edu/generative-ai-teaching-and-learning-policies; https://ctl.utexas.edu/generative-ai-teaching-and-learning-assignments; https://ctl.utexas.edu/generative-ai-teaching-and-learning-prompt-design,https://ctl.utexas.edu/generative-ai-teaching-and-learning-assignments; https://ctl.utexas.edu/generative-ai-teaching-and-learning-prompt-design; https://security.utexas.edu/ai-tools,https://ctl.utexas.edu/generative-ai-teaching-and-learning-policies; https://provost.utexas.edu/the-office/academic-affairs/office-of-academic-technology/responsible-adoption-of-ai-tools/; https://ai.utexas.edu/,https://ctl.utexas.edu/generative-ai-teaching-and-learning-syllabus-statements,https://provost.utexas.edu/the-office/academic-affairs/office-of-academic-technology/responsible-adoption-of-ai-tools/,https://ai.utexas.edu/; https://provost.utexas.edu/the-office/academic-affairs/office-of-academic-technology/responsible-adoption-of-ai-tools/,https://provost.utexas.edu/the-office/academic-affairs/office-of-academic-technology/responsible-adoption-of-ai-tools/,https://provost.utexas.edu/the-office/academic-affairs/office-of-academic-technology/ai-detection-software-guidance/; https://security.utexas.edu/ai-tools,https://provost.utexas.edu/the-office/academic-affairs/office-of-academic-technology/ai-detection-software-guidance/; https://ctl.utexas.edu/generative-ai-teaching-and-learning-assessment,0.8333333333333333,0.8333333333333334,0.3333333333333333,0.5,62.5,21.0,63.63636363636363,25.5,55.55555555555555,22.5,66.66666666666667,22.5
U2,1.0,1.0,0.5,1.0,1.0,0.16666666666666666,1.0,0.5,0.0,0.8333333333333334,1.0,0.0,Public Research-Oriented,R1,South,~55k students,University of Texas at Austin,"- https://provost.utexas.edu/the-office/academic-affairs/office-of-academic-technology/responsible-adoption-of-ai-tools/   
- https://security.utexas.edu/ai-tools   
- https://provost.utexas.edu/the-office/academic-affairs/office-of-academic-technology/limitations/   
- https://ctl.utexas.edu/generative-ai-teaching-and-learning-policies   ","- https://ctl.utexas.edu/homepage   
- https://ctl.utexas.edu/teaching-technology/generative-ai-teaching-and-learning-introduction   
- https://ctl.utexas.edu/generative-ai-teaching-and-learning-tools   
- https://ctl.utexas.edu/generative-ai-teaching-and-learning-policies   
- https://provost.utexas.edu/the-office/academic-affairs/office-of-academic-technology/ai-detection-software-guidance/ ","- https://ai.utexas.edu/   
- https://ml.utexas.edu/   
- https://robotics.utexas.edu/   
- https://goodsystems.utexas.edu/   ","- https://guides.lib.utexas.edu/AI   
- https://guides.lib.utexas.edu/AI/teaching  ","- https://guides.lib.utexas.edu/AI/academic_integrity   
- https://provost.utexas.edu/the-office/academic-affairs/your-syllabus-at-ut-austin/   
- https://provost.utexas.edu/the-office/academic-affairs/office-of-academic-technology/ai-detection-software-guidance/   
- https://ctl.utexas.edu/generative-ai-teaching-and-learning-policies ",,"- https://ai.utexas.edu/   
- https://ai.utexas.edu/industry/collaborative-research   ","- https://provost.utexas.edu/the-office/academic-affairs/office-of-academic-technology/responsible-adoption-of-ai-tools/
- https://security.utexas.edu/ai-tools
- https://provost.utexas.edu/the-office/academic-affairs/office-of-academic-technology/limitations/
- https://ctl.utexas.edu/generative-ai-teaching-and-learning-policies
- https://ctl.utexas.edu/homepage
- https://ctl.utexas.edu/teaching-technology/generative-ai-teaching-and-learning-introduction
- https://ctl.utexas.edu/generative-ai-teaching-and-learning-tools
- https://provost.utexas.edu/the-office/academic-affairs/office-of-academic-technology/ai-detection-software-guidance/
- https://ai.utexas.edu/
- https://ml.utexas.edu/
- https://robotics.utexas.edu/
- https://goodsystems.utexas.edu/
- https://guides.lib.utexas.edu/AI
- https://guides.lib.utexas.edu/AI/teaching
- https://guides.lib.utexas.edu/AI/academic_integrity
- https://provost.utexas.edu/the-office/academic-affairs/your-syllabus-at-ut-austin/
- https://ai.utexas.edu/industry/collaborative-research",https://provost.utexas.edu/the-office/academic-affairs/office-of-academic-technology/responsible-adoption-of-ai-tools/; https://ctl.utexas.edu/generative-ai-teaching-and-learning-definitions,https://ctl.utexas.edu/generative-ai-teaching-and-learning-syllabus-statements,https://ctl.utexas.edu/teaching-technology/generative-ai-teaching-and-learning-introduction; https://ctl.utexas.edu/generative-ai-teaching-and-learning-ut-guides-and-recommendations; https://ctl.utexas.edu/generative-ai-teaching-and-learning-policies,https://security.utexas.edu/ai-tools; https://ctl.utexas.edu/generative-ai-teaching-and-learning-syllabus-statements,https://provost.utexas.edu/the-office/academic-affairs/office-of-academic-technology/responsible-adoption-of-ai-tools/; https://provost.utexas.edu/the-office/academic-affairs/office-of-academic-technology/responsible-adoption-of-ai-tools-archived-guidelines/,https://ctl.utexas.edu/generative-ai-teaching-and-learning-syllabus-statements,https://provost.utexas.edu/the-office/academic-affairs/office-of-academic-technology/responsible-adoption-of-ai-tools/; https://provost.utexas.edu/the-office/academic-affairs/office-of-academic-technology/responsible-adoption-of-ai-tools-archived-guidelines/,https://ai.utexas.edu/; https://security.utexas.edu/ai-tools; https://provost.utexas.edu/the-office/academic-affairs/office-of-academic-technology/responsible-adoption-of-ai-tools/,https://security.utexas.edu/ai-tools,https://provost.utexas.edu/the-office/academic-affairs/office-of-academic-technology/ai-detection-software-guidance/; https://security.utexas.edu/ai-tools,https://provost.utexas.edu/the-office/academic-affairs/office-of-academic-technology/ai-detection-software-guidance/,0.75,0.7916666666666666,0.4444444444444445,0.5,62.15277777777777,23.0,63.63636363636363,23.5,57.17592592592592,25.0,65.55555555555556,25.0
U2,1.5,1.0,0.6666666666666666,1.0,0.8333333333333334,0.3333333333333333,1.0,0.5,0.0,0.8333333333333334,1.0,0.0,Public Research-Oriented,R1,South,~55k students,University of Texas at Austin,"- https://provost.utexas.edu/the-office/academic-affairs/office-of-academic-technology/responsible-adoption-of-ai-tools/   
- https://security.utexas.edu/ai-tools   
- https://provost.utexas.edu/the-office/academic-affairs/office-of-academic-technology/limitations/   
- https://ctl.utexas.edu/generative-ai-teaching-and-learning-policies   ","- https://ctl.utexas.edu/homepage   
- https://ctl.utexas.edu/teaching-technology/generative-ai-teaching-and-learning-introduction   
- https://ctl.utexas.edu/generative-ai-teaching-and-learning-tools   
- https://ctl.utexas.edu/generative-ai-teaching-and-learning-policies   
- https://provost.utexas.edu/the-office/academic-affairs/office-of-academic-technology/ai-detection-software-guidance/ ","- https://ai.utexas.edu/   
- https://ml.utexas.edu/   
- https://robotics.utexas.edu/   
- https://goodsystems.utexas.edu/   ","- https://guides.lib.utexas.edu/AI   
- https://guides.lib.utexas.edu/AI/teaching  ","- https://guides.lib.utexas.edu/AI/academic_integrity   
- https://provost.utexas.edu/the-office/academic-affairs/your-syllabus-at-ut-austin/   
- https://provost.utexas.edu/the-office/academic-affairs/office-of-academic-technology/ai-detection-software-guidance/   
- https://ctl.utexas.edu/generative-ai-teaching-and-learning-policies ",,"- https://ai.utexas.edu/   
- https://ai.utexas.edu/industry/collaborative-research   ","- https://provost.utexas.edu/the-office/academic-affairs/office-of-academic-technology/responsible-adoption-of-ai-tools/
- https://security.utexas.edu/ai-tools
- https://provost.utexas.edu/the-office/academic-affairs/office-of-academic-technology/limitations/
- https://ctl.utexas.edu/generative-ai-teaching-and-learning-policies
- https://ctl.utexas.edu/homepage
- https://ctl.utexas.edu/teaching-technology/generative-ai-teaching-and-learning-introduction
- https://ctl.utexas.edu/generative-ai-teaching-and-learning-tools
- https://provost.utexas.edu/the-office/academic-affairs/office-of-academic-technology/ai-detection-software-guidance/
- https://ai.utexas.edu/
- https://ml.utexas.edu/
- https://robotics.utexas.edu/
- https://goodsystems.utexas.edu/
- https://guides.lib.utexas.edu/AI
- https://guides.lib.utexas.edu/AI/teaching
- https://guides.lib.utexas.edu/AI/academic_integrity
- https://provost.utexas.edu/the-office/academic-affairs/your-syllabus-at-ut-austin/
- https://ai.utexas.edu/industry/collaborative-research",https://provost.utexas.edu/the-office/academic-affairs/office-of-academic-technology/responsible-adoption-of-ai-tools/; https://ctl.utexas.edu/generative-ai-teaching-and-learning-definitions,https://ctl.utexas.edu/generative-ai-teaching-and-learning-syllabus-statements,https://ctl.utexas.edu/teaching-technology/generative-ai-teaching-and-learning-introduction; https://ctl.utexas.edu/generative-ai-teaching-and-learning-policies,https://ctl.utexas.edu/generative-ai-teaching-and-learning-prompt-design; https://ctl.utexas.edu/generative-ai-teaching-and-learning-syllabus-statements,https://provost.utexas.edu/the-office/academic-affairs/office-of-academic-technology/responsible-adoption-of-ai-tools-archived-guidelines/,https://ctl.utexas.edu/generative-ai-teaching-and-learning-syllabus-statements,https://provost.utexas.edu/the-office/academic-affairs/office-of-academic-technology/responsible-adoption-of-ai-tools-archived-guidelines/,,https://provost.utexas.edu/the-office/academic-affairs/office-of-academic-technology/limitations/; https://provost.utexas.edu/the-office/academic-affairs/office-of-academic-technology/responsible-adoption-of-ai-tools/,https://provost.utexas.edu/the-office/academic-affairs/office-of-academic-technology/ai-detection-software-guidance/; https://security.utexas.edu/ai-tools,https://provost.utexas.edu/the-office/academic-affairs/office-of-academic-technology/ai-detection-software-guidance/,0.8333333333333333,0.7916666666666667,0.4444444444444445,0.5,64.23611111111111,16.0,65.15151515151516,18.5,58.56481481481482,17.0,67.22222222222223,18.0
U20,0.5,0.6666666666666666,0.6666666666666666,1.0,1.0,1.0,1.0,0.5,0.16666666666666666,0.16666666666666666,0.5,0.16666666666666666,Public Research-Oriented,R1,Midwest,~67k students,The Ohio State University,"- https://teaching.resources.osu.edu/teaching-topics/ai-considerations-teaching-learning   
- https://ai.osu.edu/resources-buckeyes/approved-ai-tools   
- https://teaching.resources.osu.edu/teaching-topics/ai-teaching-strategies-crafting   
- https://ugeducation.osu.edu/academics/standard-syllabus/standard-syllabus-statements 
- https://cdli.ehe.osu.edu/ai-in-ehe/updates-trends/osu-policy-guidance/
- https://ai.osu.edu/resources-buckeyes/responsible-use ","- https://teaching.resources.osu.edu/teaching-topics/ai-considerations-teaching-learning 
- https://ai.osu.edu/education-and-fluency/teach-ai 
- https://cdli.ehe.osu.edu/ai-in-ehe/ 
- https://drakeinstitute.osu.edu/institute-articles/artificial-intelligence-and-instruction 
- https://oaa.osu.edu/academic-excellence/ai-ohio-state/ai-fluency/faculty-support-and-learning-outcomes ","- https://ai.osu.edu/   
- https://ai.osu.edu/research-and-innovation/aix-hub-ai-innovation-public-good 
- https://oaa.osu.edu/academic-excellence/ai-ohio-state 
- https://cdli.ehe.osu.edu/ai-in-ehe/ai-learning-hub/ ","- https://guides.osu.edu/ai  
- https://guides.osu.edu/ai/ethics ","- https://oaa.osu.edu/resources/academic-integrity/student-misconduct   
- https://oaa.osu.edu/resources/policies-and-procedures/academic-integrity/faculty-obligations ",,- https://aiedge.osu.edu/   ,"- https://teaching.resources.osu.edu/teaching-topics/ai-considerations-teaching-learning
- https://ai.osu.edu/resources-buckeyes/approved-ai-tools
- https://teaching.resources.osu.edu/teaching-topics/ai-teaching-strategies-crafting
- https://ugeducation.osu.edu/academics/standard-syllabus/standard-syllabus-statements
- https://cdli.ehe.osu.edu/ai-in-ehe/updates-trends/osu-policy-guidance/
- https://ai.osu.edu/resources-buckeyes/responsible-use
- https://ai.osu.edu/education-and-fluency/teach-ai
- https://cdli.ehe.osu.edu/ai-in-ehe/
- https://drakeinstitute.osu.edu/institute-articles/artificial-intelligence-and-instruction
- https://oaa.osu.edu/academic-excellence/ai-ohio-state/ai-fluency/faculty-support-and-learning-outcomes
- https://ai.osu.edu/
- https://ai.osu.edu/research-and-innovation/aix-hub-ai-innovation-public-good
- https://oaa.osu.edu/academic-excellence/ai-ohio-state
- https://cdli.ehe.osu.edu/ai-in-ehe/ai-learning-hub/
- https://guides.osu.edu/ai
- https://guides.osu.edu/ai/ethics
- https://oaa.osu.edu/resources/academic-integrity/student-misconduct
- https://oaa.osu.edu/resources/policies-and-procedures/academic-integrity/faculty-obligations
- https://aiedge.osu.edu/",https://teaching.resources.osu.edu/teaching-topics/ai-considerations-teaching-learning; https://oaa.osu.edu/resources/policies-and-procedures/academic-integrity/students,https://cdli.ehe.osu.edu/ai-in-ehe/updates-trends/osu-policy-guidance/; https://teaching.resources.osu.edu/teaching-topics/ai-teaching-strategies-crafting,https://teaching.resources.osu.edu/teaching-topics/ai-considerations-teaching-learning; https://ai.osu.edu/education-and-fluency/teach-ai; https://oaa.osu.edu/resources/policies-and-procedures/academic-integrity/faculty-obligations,https://ai.osu.edu/prompt-library; https://cdli.ehe.osu.edu/ai-in-ehe/updates-trends/osu-policy-guidance/; https://teaching.resources.osu.edu/teaching-topics/ai-considerations-teaching-learning,https://oaa.osu.edu/academic-excellence/ai-ohio-state/ai-fluency/ai-fluency-faculty-advisory-council,https://teaching.resources.osu.edu/teaching-topics/ai-teaching-strategies-crafting; https://drakeinstitute.osu.edu/news/2024/12/11/genai-syllabus-statements-supporting-transparent-conversations-students,https://oaa.osu.edu/academic-excellence/ai-ohio-state/ai-fluency/ai-fluency-faculty-advisory-council; https://oaa.osu.edu/resources/policies-and-procedures/academic-integrity/faculty-obligations,https://oaa.osu.edu/resources/policies-and-procedures/academic-integrity/students,https://cdli.ehe.osu.edu/ai-in-ehe/updates-trends/osu-policy-guidance/,https://teaching.resources.osu.edu/teaching-topics/ai-considerations-teaching-learning,https://oaa.osu.edu/resources/policies-and-procedures/academic-integrity/students; https://oaa.osu.edu/resources/policies-and-procedures/academic-integrity/faculty-obligations,0.6666666666666666,1.0,0.27777777777777773,0.3333333333333333,56.94444444444444,33.0,62.121212121212125,27.5,48.14814814814814,39.0,65.55555555555556,26.0
U20,1.0,0.6666666666666666,0.5,1.0,1.0,0.6666666666666666,1.0,0.5,0.16666666666666666,0.5,0.6666666666666666,0.5,Public Research-Oriented,R1,Midwest,~67k students,The Ohio State University,"- https://teaching.resources.osu.edu/teaching-topics/ai-considerations-teaching-learning   
- https://ai.osu.edu/resources-buckeyes/approved-ai-tools   
- https://teaching.resources.osu.edu/teaching-topics/ai-teaching-strategies-crafting   
- https://ugeducation.osu.edu/academics/standard-syllabus/standard-syllabus-statements 
- https://cdli.ehe.osu.edu/ai-in-ehe/updates-trends/osu-policy-guidance/
- https://ai.osu.edu/resources-buckeyes/responsible-use ","- https://teaching.resources.osu.edu/teaching-topics/ai-considerations-teaching-learning 
- https://ai.osu.edu/education-and-fluency/teach-ai 
- https://cdli.ehe.osu.edu/ai-in-ehe/ 
- https://drakeinstitute.osu.edu/institute-articles/artificial-intelligence-and-instruction 
- https://oaa.osu.edu/academic-excellence/ai-ohio-state/ai-fluency/faculty-support-and-learning-outcomes ","- https://ai.osu.edu/   
- https://ai.osu.edu/research-and-innovation/aix-hub-ai-innovation-public-good 
- https://oaa.osu.edu/academic-excellence/ai-ohio-state 
- https://cdli.ehe.osu.edu/ai-in-ehe/ai-learning-hub/ ","- https://guides.osu.edu/ai  
- https://guides.osu.edu/ai/ethics ","- https://oaa.osu.edu/resources/academic-integrity/student-misconduct   
- https://oaa.osu.edu/resources/policies-and-procedures/academic-integrity/faculty-obligations ",,- https://aiedge.osu.edu/   ,"- https://teaching.resources.osu.edu/teaching-topics/ai-considerations-teaching-learning
- https://ai.osu.edu/resources-buckeyes/approved-ai-tools
- https://teaching.resources.osu.edu/teaching-topics/ai-teaching-strategies-crafting
- https://ugeducation.osu.edu/academics/standard-syllabus/standard-syllabus-statements
- https://cdli.ehe.osu.edu/ai-in-ehe/updates-trends/osu-policy-guidance/
- https://ai.osu.edu/resources-buckeyes/responsible-use
- https://ai.osu.edu/education-and-fluency/teach-ai
- https://cdli.ehe.osu.edu/ai-in-ehe/
- https://drakeinstitute.osu.edu/institute-articles/artificial-intelligence-and-instruction
- https://oaa.osu.edu/academic-excellence/ai-ohio-state/ai-fluency/faculty-support-and-learning-outcomes
- https://ai.osu.edu/
- https://ai.osu.edu/research-and-innovation/aix-hub-ai-innovation-public-good
- https://oaa.osu.edu/academic-excellence/ai-ohio-state
- https://cdli.ehe.osu.edu/ai-in-ehe/ai-learning-hub/
- https://guides.osu.edu/ai
- https://guides.osu.edu/ai/ethics
- https://oaa.osu.edu/resources/academic-integrity/student-misconduct
- https://oaa.osu.edu/resources/policies-and-procedures/academic-integrity/faculty-obligations
- https://aiedge.osu.edu/",https://ai.osu.edu/resources-buckeyes/how-use-ai; https://teaching.resources.osu.edu/teaching-topics/ai-considerations-teaching-learning,https://teaching.resources.osu.edu/teaching-topics/ai-teaching-strategies-crafting; https://teaching.resources.osu.edu/teaching-topics/ai-considerations-teaching-learning,https://teaching.resources.osu.edu/teaching-topics/ai-considerations-teaching-learning; https://ai.osu.edu/education-and-fluency/teach-ai; https://oaa.osu.edu/academic-excellence/ai-ohio-state/ai-fluency/faculty-support-and-learning-outcomes,https://ai.osu.edu/prompt-library; https://ai.osu.edu/prompt-library-instructor-grading-rubric-creator; https://cdli.ehe.osu.edu/ai-in-ehe/updates-trends/osu-policy-guidance/; https://teaching.resources.osu.edu/teaching-topics/ai-teaching-strategies-crafting,https://oaa.osu.edu/academic-excellence/ai-ohio-state/ai-fluency/ai-fluency-faculty-advisory-council,https://teaching.resources.osu.edu/teaching-topics/ai-teaching-strategies-crafting,https://oaa.osu.edu/academic-excellence/ai-ohio-state/ai-fluency/ai-fluency-faculty-advisory-council,https://oaa.osu.edu/academic-excellence/ai-ohio-state; https://ai.osu.edu/; https://cdli.ehe.osu.edu/ai-in-ehe/updates-trends/osu-policy-guidance/; https://ai.osu.edu/resources-buckeyes/responsible-use,https://oaa.osu.edu/resources/policies-and-procedures/committee-academic-misconduct; https://cdli.ehe.osu.edu/ai-in-ehe/updates-trends/osu-policy-guidance/,https://teaching.resources.osu.edu/teaching-topics/ai-considerations-teaching-learning; https://ai.osu.edu/resources-buckeyes/responsible-use,https://oaa.osu.edu/resources/policies-and-procedures/academic-integrity/faculty-obligations,0.5833333333333333,0.9166666666666666,0.38888888888888884,0.5833333333333333,61.80555555555556,24.0,65.15151515151516,21.5,57.407407407407405,24.0,67.77777777777777,22.5
U20,1.5,0.6666666666666666,0.6666666666666666,1.0,1.0,1.0,1.0,0.5,0.0,0.16666666666666666,0.5,0.3333333333333333,Public Research-Oriented,R1,Midwest,~67k students,The Ohio State University,"- https://teaching.resources.osu.edu/teaching-topics/ai-considerations-teaching-learning   
- https://ai.osu.edu/resources-buckeyes/approved-ai-tools   
- https://teaching.resources.osu.edu/teaching-topics/ai-teaching-strategies-crafting   
- https://ugeducation.osu.edu/academics/standard-syllabus/standard-syllabus-statements 
- https://cdli.ehe.osu.edu/ai-in-ehe/updates-trends/osu-policy-guidance/
- https://ai.osu.edu/resources-buckeyes/responsible-use ","- https://teaching.resources.osu.edu/teaching-topics/ai-considerations-teaching-learning 
- https://ai.osu.edu/education-and-fluency/teach-ai 
- https://cdli.ehe.osu.edu/ai-in-ehe/ 
- https://drakeinstitute.osu.edu/institute-articles/artificial-intelligence-and-instruction 
- https://oaa.osu.edu/academic-excellence/ai-ohio-state/ai-fluency/faculty-support-and-learning-outcomes ","- https://ai.osu.edu/   
- https://ai.osu.edu/research-and-innovation/aix-hub-ai-innovation-public-good 
- https://oaa.osu.edu/academic-excellence/ai-ohio-state 
- https://cdli.ehe.osu.edu/ai-in-ehe/ai-learning-hub/ ","- https://guides.osu.edu/ai  
- https://guides.osu.edu/ai/ethics ","- https://oaa.osu.edu/resources/academic-integrity/student-misconduct   
- https://oaa.osu.edu/resources/policies-and-procedures/academic-integrity/faculty-obligations ",,- https://aiedge.osu.edu/   ,"- https://teaching.resources.osu.edu/teaching-topics/ai-considerations-teaching-learning
- https://ai.osu.edu/resources-buckeyes/approved-ai-tools
- https://teaching.resources.osu.edu/teaching-topics/ai-teaching-strategies-crafting
- https://ugeducation.osu.edu/academics/standard-syllabus/standard-syllabus-statements
- https://cdli.ehe.osu.edu/ai-in-ehe/updates-trends/osu-policy-guidance/
- https://ai.osu.edu/resources-buckeyes/responsible-use
- https://ai.osu.edu/education-and-fluency/teach-ai
- https://cdli.ehe.osu.edu/ai-in-ehe/
- https://drakeinstitute.osu.edu/institute-articles/artificial-intelligence-and-instruction
- https://oaa.osu.edu/academic-excellence/ai-ohio-state/ai-fluency/faculty-support-and-learning-outcomes
- https://ai.osu.edu/
- https://ai.osu.edu/research-and-innovation/aix-hub-ai-innovation-public-good
- https://oaa.osu.edu/academic-excellence/ai-ohio-state
- https://cdli.ehe.osu.edu/ai-in-ehe/ai-learning-hub/
- https://guides.osu.edu/ai
- https://guides.osu.edu/ai/ethics
- https://oaa.osu.edu/resources/academic-integrity/student-misconduct
- https://oaa.osu.edu/resources/policies-and-procedures/academic-integrity/faculty-obligations
- https://aiedge.osu.edu/",https://teaching.resources.osu.edu/teaching-topics/ai-considerations-teaching-learning,https://teaching.resources.osu.edu/teaching-topics/ai-teaching-strategies-crafting; https://ai.osu.edu/resources-buckeyes/responsible-use,https://ai.osu.edu/education-and-fluency/teach-ai; https://teaching.resources.osu.edu/teaching-topics/ai-considerations-teaching-learning; https://teaching.resources.osu.edu/teaching-topics/ai-teaching-strategies-crafting,https://ai.osu.edu/prompt-library; https://teaching.resources.osu.edu/teaching-topics/ai-considerations-teaching-learning,https://oaa.osu.edu/academic-excellence/ai-ohio-state/ai-fluency/ai-fluency-faculty-advisory-council,https://teaching.resources.osu.edu/teaching-topics/ai-teaching-strategies-crafting; https://cdli.ehe.osu.edu/ai-in-ehe/updates-trends/osu-policy-guidance/,https://oaa.osu.edu/academic-excellence/ai-ohio-state/ai-fluency/ai-fluency-faculty-advisory-council,https://oaa.osu.edu/academic-excellence/ai-ohio-state; https://ai.osu.edu/; https://cdli.ehe.osu.edu/ai-in-ehe/,https://cdli.ehe.osu.edu/ai-in-ehe/updates-trends/osu-policy-guidance/; https://ai.osu.edu/; https://oaa.osu.edu/academic-excellence/ai-ohio-state,https://teaching.resources.osu.edu/teaching-topics/ai-considerations-teaching-learning,https://teaching.resources.osu.edu/teaching-topics/ai-considerations-teaching-learning; https://oaa.osu.edu/resources/policies-and-procedures/academic-integrity/students; https://oaa.osu.edu/resources/policies-and-procedures/academic-integrity/faculty-obligations,0.6666666666666666,1.0,0.2222222222222222,0.41666666666666663,57.638888888888886,27.5,62.121212121212125,23.5,49.07407407407406,34.0,66.11111111111111,19.5
U21,0.5,0.8333333333333334,0.5,1.0,0.6666666666666666,1.0,0.5,0.8333333333333334,0.0,0.0,0.6666666666666666,0.5,Public Research-Oriented,R1,Midwest,~31k students,Iowa State University,- https://ai.iastate.edu/policies-and-compliance ,"- https://ai.iastate.edu/teaching-and-instruction   
- https://celt.iastate.edu/ai-in-teaching/ ","- https://trac-ai.iastate.edu/   
- https://ai.iastate.edu/ ","- https://instr.iastate.libguides.com/everydayai 
- https://instr.iastate.libguides.com/c.php?g=1069063&p=9953950 ","- https://studentconduct.dso.iastate.edu/know-code-resources/students   
- https://iastate.pressbooks.pub/academicintegrity/chapter/unauthorized-assistance/ 
- https://studentconduct.dso.iastate.edu/know-code-resources/facultystaff 
- https://studentconduct.dso.iastate.edu/know-code-resources/students ","- https://www.it.iastate.edu/projects/generative-artificial-intelligence   
- https://ai.iastate.edu/ ",- https://trac-ai.iastate.edu/  ,"- https://ai.iastate.edu/policies-and-compliance
- https://ai.iastate.edu/teaching-and-instruction
- https://celt.iastate.edu/ai-in-teaching/
- https://trac-ai.iastate.edu/
- https://ai.iastate.edu/
- https://instr.iastate.libguides.com/everydayai
- https://instr.iastate.libguides.com/c.php?g=1069063&p=9953950
- https://studentconduct.dso.iastate.edu/know-code-resources/students
- https://iastate.pressbooks.pub/academicintegrity/chapter/unauthorized-assistance/
- https://studentconduct.dso.iastate.edu/know-code-resources/facultystaff
- https://www.it.iastate.edu/projects/generative-artificial-intelligence",https://celt.iastate.edu/prepare-and-teach/design-your-course/ai-in-teaching/; https://iastate.pressbooks.pub/academicintegrity/chapter/unauthorized-assistance/,https://ai.iastate.edu/policies-and-compliance; https://iastate.pressbooks.pub/academicintegrityhandbook/chapter/course-policies-and-expectations/,https://ai.iastate.edu/teaching-and-instruction; https://celt.iastate.edu/prepare-and-teach/design-your-course/ai-in-teaching/,https://ai.iastate.edu/; https://studentconduct.dso.iastate.edu/know-code-resources/students,https://celt.iastate.edu/prepare-and-teach/design-your-course/ai-in-teaching/,https://celt.iastate.edu/prepare-and-teach/design-your-course/ai-in-teaching/; https://iastate.pressbooks.pub/academicintegrityhandbook/chapter/course-policies-and-expectations/; https://studentconduct.dso.iastate.edu/know-code-resources/facultystaff,https://www.it.iastate.edu/projects/generative-artificial-intelligence,https://www.it.iastate.edu/projects/generative-artificial-intelligence; https://ai.iastate.edu/policies-and-compliance; https://ai.iastate.edu/,https://ai.iastate.edu/policies-and-compliance; https://www.it.iastate.edu/projects/generative-artificial-intelligence; https://ai.iastate.edu/,https://studentconduct.dso.iastate.edu/academic-misconduct-incident-report-form,https://studentconduct.dso.iastate.edu/academic-misconduct-incident-report-form,0.6666666666666667,0.7916666666666666,0.2777777777777778,0.5833333333333333,57.986111111111114,32.0,59.09090909090909,35.0,53.00925925925927,31.0,62.222222222222214,32.0
U21,1.0,1.0,0.3333333333333333,1.0,1.0,1.0,0.8333333333333334,1.0,0.0,0.0,0.5,0.6666666666666666,Public Research-Oriented,R1,Midwest,~31k students,Iowa State University,- https://ai.iastate.edu/policies-and-compliance ,"- https://ai.iastate.edu/teaching-and-instruction   
- https://celt.iastate.edu/ai-in-teaching/ ","- https://trac-ai.iastate.edu/   
- https://ai.iastate.edu/ ","- https://instr.iastate.libguides.com/everydayai 
- https://instr.iastate.libguides.com/c.php?g=1069063&p=9953950 ","- https://studentconduct.dso.iastate.edu/know-code-resources/students   
- https://iastate.pressbooks.pub/academicintegrity/chapter/unauthorized-assistance/ 
- https://studentconduct.dso.iastate.edu/know-code-resources/facultystaff 
- https://studentconduct.dso.iastate.edu/know-code-resources/students ","- https://www.it.iastate.edu/projects/generative-artificial-intelligence   
- https://ai.iastate.edu/ ",- https://trac-ai.iastate.edu/  ,"- https://ai.iastate.edu/policies-and-compliance
- https://ai.iastate.edu/teaching-and-instruction
- https://celt.iastate.edu/ai-in-teaching/
- https://trac-ai.iastate.edu/
- https://ai.iastate.edu/
- https://instr.iastate.libguides.com/everydayai
- https://instr.iastate.libguides.com/c.php?g=1069063&p=9953950
- https://studentconduct.dso.iastate.edu/know-code-resources/students
- https://iastate.pressbooks.pub/academicintegrity/chapter/unauthorized-assistance/
- https://studentconduct.dso.iastate.edu/know-code-resources/facultystaff
- https://www.it.iastate.edu/projects/generative-artificial-intelligence",https://celt.iastate.edu/ai-in-teaching/; https://ai.iastate.edu/,https://ai.iastate.edu/policies-and-compliance,https://ai.iastate.edu/teaching-and-instruction; https://celt.iastate.edu/ai-in-teaching/,https://ai.iastate.edu/; https://iastate.pressbooks.pub/academicintegrity/chapter/unauthorized-assistance/,https://celt.iastate.edu/ai-in-teaching/,https://studentconduct.dso.iastate.edu/know-code-resources/facultystaff; https://celt.iastate.edu/ai-in-teaching/,https://www.it.iastate.edu/projects/generative-artificial-intelligence,https://www.it.iastate.edu/projects/generative-artificial-intelligence; https://ai.iastate.edu/,https://ai.iastate.edu/policies-and-compliance; https://www.it.iastate.edu/projects/generative-artificial-intelligence,https://studentconduct.dso.iastate.edu/know-code-resources/facultystaff; https://studentconduct.dso.iastate.edu/know-code-resources/students; https://ai.iastate.edu/policies-and-compliance,https://studentconduct.dso.iastate.edu/know-code-resources/facultystaff,0.6666666666666666,0.9583333333333334,0.3333333333333333,0.5833333333333333,63.541666666666664,19.0,66.66666666666667,18.5,57.638888888888886,23.0,70.0,17.5
U21,1.5,0.6666666666666666,0.5,1.0,0.5,1.0,1.0,0.8333333333333334,0.16666666666666666,0.16666666666666666,0.16666666666666666,0.16666666666666666,Public Research-Oriented,R1,Midwest,~31k students,Iowa State University,- https://ai.iastate.edu/policies-and-compliance ,"- https://ai.iastate.edu/teaching-and-instruction   
- https://celt.iastate.edu/ai-in-teaching/ ","- https://trac-ai.iastate.edu/   
- https://ai.iastate.edu/ ","- https://instr.iastate.libguides.com/everydayai 
- https://instr.iastate.libguides.com/c.php?g=1069063&p=9953950 ","- https://studentconduct.dso.iastate.edu/know-code-resources/students   
- https://iastate.pressbooks.pub/academicintegrity/chapter/unauthorized-assistance/ 
- https://studentconduct.dso.iastate.edu/know-code-resources/facultystaff 
- https://studentconduct.dso.iastate.edu/know-code-resources/students ","- https://www.it.iastate.edu/projects/generative-artificial-intelligence   
- https://ai.iastate.edu/ ",- https://trac-ai.iastate.edu/  ,"- https://ai.iastate.edu/policies-and-compliance
- https://ai.iastate.edu/teaching-and-instruction
- https://celt.iastate.edu/ai-in-teaching/
- https://trac-ai.iastate.edu/
- https://ai.iastate.edu/
- https://instr.iastate.libguides.com/everydayai
- https://instr.iastate.libguides.com/c.php?g=1069063&p=9953950
- https://studentconduct.dso.iastate.edu/know-code-resources/students
- https://iastate.pressbooks.pub/academicintegrity/chapter/unauthorized-assistance/
- https://studentconduct.dso.iastate.edu/know-code-resources/facultystaff
- https://www.it.iastate.edu/projects/generative-artificial-intelligence",https://celt.iastate.edu/ai-in-teaching/; https://ai.iastate.edu/,https://ai.iastate.edu/policies-and-compliance; https://iastate.pressbooks.pub/academicintegrity/chapter/unauthorized-assistance/,https://ai.iastate.edu/teaching-and-instruction; https://celt.iastate.edu/ai-in-teaching/,https://studentconduct.dso.iastate.edu/know-code-resources/students; https://ai.iastate.edu/,https://celt.iastate.edu/ai-in-teaching/,https://studentconduct.dso.iastate.edu/know-code-resources/facultystaff; https://celt.iastate.edu/ai-in-teaching/,https://www.it.iastate.edu/projects/generative-artificial-intelligence; https://ai.iastate.edu/,https://trac-ai.iastate.edu/,https://www.it.iastate.edu/projects/generative-artificial-intelligence; https://ai.iastate.edu/policies-and-compliance; https://ai.iastate.edu/,https://ai.iastate.edu/policies-and-compliance; https://studentconduct.dso.iastate.edu/know-code-resources/facultystaff; https://iastate.pressbooks.pub/academicintegrity/chapter/unauthorized-assistance/,https://studentconduct.dso.iastate.edu/know-code-resources/facultystaff; https://studentconduct.dso.iastate.edu/know-code-resources/students,0.5833333333333333,0.875,0.3888888888888889,0.16666666666666666,50.34722222222222,39.5,56.060606060606055,36.0,42.824074074074076,44.0,57.77777777777777,37.0
U22,0.5,1.0,0.6666666666666666,1.0,1.0,1.0,1.0,1.0,0.5,0.3333333333333333,1.0,0.3333333333333333,Public Research-Oriented,R2,Midwest,~22k students,Illinois State University,,"- https://artificialintelligence.illinoisstate.edu/ 
- https://prodev.illinoisstate.edu/instructional-resources/pedagogy/ai/ 
- https://adaptiveedge.illinoisstate.edu/ 
- https://adaptiveedge.illinoisstate.edu/communities-of-practice/ 
- https://prodev.illinoisstate.edu/instructional-resources/pedagogy/ai/tilt/ ","- https://adaptiveedge.illinoisstate.edu/   
- https://artificialintelligence.illinoisstate.edu/ 
- https://adaptiveedge.illinoisstate.edu/communities-of-practice/ ",- https://guides.library.illinoisstate.edu/scholarlycommunication/ai ,- https://prodev.illinoisstate.edu/instructional-resources/pedagogy/ai/classroom/ ,- https://artificialintelligence.illinoisstate.edu/about/ ,"- https://artificialintelligence.illinoisstate.edu/   
- https://artificialintelligence.illinoisstate.edu/using-ai-at-isu/   
- https://adaptiveedge.illinoisstate.edu/   
- https://it.illinoisstate.edu/academics/information-systems ","- https://artificialintelligence.illinoisstate.edu/
- https://prodev.illinoisstate.edu/instructional-resources/pedagogy/ai/
- https://adaptiveedge.illinoisstate.edu/
- https://adaptiveedge.illinoisstate.edu/communities-of-practice/
- https://prodev.illinoisstate.edu/instructional-resources/pedagogy/ai/tilt/
- https://guides.library.illinoisstate.edu/scholarlycommunication/ai
- https://prodev.illinoisstate.edu/instructional-resources/pedagogy/ai/classroom/
- https://artificialintelligence.illinoisstate.edu/about/
- https://artificialintelligence.illinoisstate.edu/using-ai-at-isu/
- https://it.illinoisstate.edu/academics/information-systems",https://prodev.illinoisstate.edu/instructional-resources/pedagogy/ai/classroom/,https://prodev.illinoisstate.edu/instructional-resources/design/syllabus/,https://prodev.illinoisstate.edu/instructional-resources/pedagogy/ai/; https://prodev.illinoisstate.edu/instructional-resources/pedagogy/ai/classroom/; https://prodev.illinoisstate.edu/instructional-resources/pedagogy/ai/tilt/,https://prodev.illinoisstate.edu/instructional-resources/pedagogy/ai/classroom/; https://prodev.illinoisstate.edu/instructional-resources/pedagogy/ai/usage/,https://adaptiveedge.illinoisstate.edu/communities-of-practice/,https://prodev.illinoisstate.edu/instructional-resources/design/syllabus/,https://artificialintelligence.illinoisstate.edu/about/,https://artificialintelligence.illinoisstate.edu/about/,https://artificialintelligence.illinoisstate.edu/,https://prodev.illinoisstate.edu/instructional-resources/pedagogy/ai/classroom/; https://prodev.illinoisstate.edu/instructional-resources/pedagogy/ai/detectors/,https://prodev.illinoisstate.edu/instructional-resources/pedagogy/ai/classroom/; https://prodev.illinoisstate.edu/instructional-resources/pedagogy/ai/detectors/,0.8333333333333333,1.0,0.611111111111111,0.6666666666666666,77.77777777777777,1.0,80.30303030303028,1.0,73.14814814814814,1.0,82.22222222222221,1.0
U22,1.0,1.0,0.6666666666666666,1.0,1.0,1.0,1.0,1.0,0.6666666666666666,0.8333333333333334,1.0,0.5,Public Research-Oriented,R2,Midwest,~22k students,Illinois State University,,"- https://artificialintelligence.illinoisstate.edu/ 
- https://prodev.illinoisstate.edu/instructional-resources/pedagogy/ai/ 
- https://adaptiveedge.illinoisstate.edu/ 
- https://adaptiveedge.illinoisstate.edu/communities-of-practice/ 
- https://prodev.illinoisstate.edu/instructional-resources/pedagogy/ai/tilt/ ","- https://adaptiveedge.illinoisstate.edu/   
- https://artificialintelligence.illinoisstate.edu/ 
- https://adaptiveedge.illinoisstate.edu/communities-of-practice/ ",- https://guides.library.illinoisstate.edu/scholarlycommunication/ai ,- https://prodev.illinoisstate.edu/instructional-resources/pedagogy/ai/classroom/ ,- https://artificialintelligence.illinoisstate.edu/about/ ,"- https://artificialintelligence.illinoisstate.edu/   
- https://artificialintelligence.illinoisstate.edu/using-ai-at-isu/   
- https://adaptiveedge.illinoisstate.edu/   
- https://it.illinoisstate.edu/academics/information-systems ","- https://artificialintelligence.illinoisstate.edu/
- https://prodev.illinoisstate.edu/instructional-resources/pedagogy/ai/
- https://adaptiveedge.illinoisstate.edu/
- https://adaptiveedge.illinoisstate.edu/communities-of-practice/
- https://prodev.illinoisstate.edu/instructional-resources/pedagogy/ai/tilt/
- https://guides.library.illinoisstate.edu/scholarlycommunication/ai
- https://prodev.illinoisstate.edu/instructional-resources/pedagogy/ai/classroom/
- https://artificialintelligence.illinoisstate.edu/about/
- https://artificialintelligence.illinoisstate.edu/using-ai-at-isu/
- https://it.illinoisstate.edu/academics/information-systems",https://prodev.illinoisstate.edu/instructional-resources/pedagogy/ai/classroom/; https://help.illinoisstate.edu/informationsecurity/guidance/primer-on-artificial-intelligence-for-higher-education,https://prodev.illinoisstate.edu/instructional-resources/design/syllabus/; https://prodev.illinoisstate.edu/instructional-resources/pedagogy/ai/classroom/,https://prodev.illinoisstate.edu/instructional-resources/pedagogy/ai/; https://prodev.illinoisstate.edu/instructional-resources/pedagogy/ai/classroom/; https://adaptiveedge.illinoisstate.edu/,https://prodev.illinoisstate.edu/instructional-resources/pedagogy/ai/classroom/; https://prodev.illinoisstate.edu/instructional-resources/design/syllabus/,https://adaptiveedge.illinoisstate.edu/communities-of-practice/,https://prodev.illinoisstate.edu/instructional-resources/design/syllabus/; https://prodev.illinoisstate.edu/instructional-resources/pedagogy/ai/,https://artificialintelligence.illinoisstate.edu/about/; https://artificialintelligence.illinoisstate.edu/,https://artificialintelligence.illinoisstate.edu/about/,https://artificialintelligence.illinoisstate.edu/; https://artificialintelligence.illinoisstate.edu/about/,https://prodev.illinoisstate.edu/instructional-resources/pedagogy/ai/detectors/; https://prodev.illinoisstate.edu/instructional-resources/pedagogy/ai/classroom/,https://prodev.illinoisstate.edu/instructional-resources/pedagogy/ai/detectors/,0.8333333333333333,1.0,0.8333333333333334,0.75,85.41666666666666,1.0,87.87878787878788,1.0,83.33333333333334,1.0,88.33333333333331,1.0
U22,1.5,1.0,0.6666666666666666,1.0,0.8333333333333334,1.0,0.8333333333333334,1.0,0.6666666666666666,0.5,1.0,0.16666666666666666,Public Research-Oriented,R2,Midwest,~22k students,Illinois State University,,"- https://artificialintelligence.illinoisstate.edu/ 
- https://prodev.illinoisstate.edu/instructional-resources/pedagogy/ai/ 
- https://adaptiveedge.illinoisstate.edu/ 
- https://adaptiveedge.illinoisstate.edu/communities-of-practice/ 
- https://prodev.illinoisstate.edu/instructional-resources/pedagogy/ai/tilt/ ","- https://adaptiveedge.illinoisstate.edu/   
- https://artificialintelligence.illinoisstate.edu/ 
- https://adaptiveedge.illinoisstate.edu/communities-of-practice/ ",- https://guides.library.illinoisstate.edu/scholarlycommunication/ai ,- https://prodev.illinoisstate.edu/instructional-resources/pedagogy/ai/classroom/ ,- https://artificialintelligence.illinoisstate.edu/about/ ,"- https://artificialintelligence.illinoisstate.edu/   
- https://artificialintelligence.illinoisstate.edu/using-ai-at-isu/   
- https://adaptiveedge.illinoisstate.edu/   
- https://it.illinoisstate.edu/academics/information-systems ","- https://artificialintelligence.illinoisstate.edu/
- https://prodev.illinoisstate.edu/instructional-resources/pedagogy/ai/
- https://adaptiveedge.illinoisstate.edu/
- https://adaptiveedge.illinoisstate.edu/communities-of-practice/
- https://prodev.illinoisstate.edu/instructional-resources/pedagogy/ai/tilt/
- https://guides.library.illinoisstate.edu/scholarlycommunication/ai
- https://prodev.illinoisstate.edu/instructional-resources/pedagogy/ai/classroom/
- https://artificialintelligence.illinoisstate.edu/about/
- https://artificialintelligence.illinoisstate.edu/using-ai-at-isu/
- https://it.illinoisstate.edu/academics/information-systems",https://prodev.illinoisstate.edu/instructional-resources/pedagogy/ai/classroom/,https://prodev.illinoisstate.edu/instructional-resources/pedagogy/ai/classroom/,https://prodev.illinoisstate.edu/instructional-resources/pedagogy/ai/; https://adaptiveedge.illinoisstate.edu/,https://prodev.illinoisstate.edu/instructional-resources/pedagogy/ai/classroom/; https://prodev.illinoisstate.edu/instructional-resources/pedagogy/ai/tilt/,https://adaptiveedge.illinoisstate.edu/communities-of-practice/,https://prodev.illinoisstate.edu/instructional-resources/pedagogy/ai/; https://prodev.illinoisstate.edu/instructional-resources/pedagogy/ai/classroom/,https://artificialintelligence.illinoisstate.edu/about/,https://artificialintelligence.illinoisstate.edu/about/,https://artificialintelligence.illinoisstate.edu/,https://prodev.illinoisstate.edu/instructional-resources/pedagogy/ai/classroom/; https://prodev.illinoisstate.edu/instructional-resources/pedagogy/ai/tilt/,https://prodev.illinoisstate.edu/instructional-resources/pedagogy/ai/classroom/; https://artificialintelligence.illinoisstate.edu/using-ai-at-isu/,0.8333333333333333,0.9166666666666667,0.7222222222222222,0.5833333333333334,76.3888888888889,1.0,78.78787878787878,1.0,72.68518518518519,1.0,79.44444444444446,1.0
U23,0.5,0.5,0.5,1.0,0.6666666666666666,1.0,0.5,0.5,0.3333333333333333,0.6666666666666666,0.0,0.3333333333333333,Public Research-Oriented,R2,Midwest,~18k students,Wichita State University,"- https://www.wichita.edu/about/student_conduct/AIVAI.php 
- https://www.wichita.edu/services/mrc/OIR/AI/security.php 
- https://www.wichita.edu/academics/academic_affairs/fare/syllabuspolicies.php 
- https://www.wichita.edu/services/mrc/OIR/AI/ethics.php ",- https://www.wichita.edu/services/mrc/OIR/AI/index.php ,"- https://www.wichita.edu/academics/applied_studies/School_of_Education/Programs/aigenlab.php 
- https://www.wichita.edu/services/mrc/OIR/AI/index.php 
- https://www.wichita.edu/industry_and_defense/ai-sec/ai-sec-index.php ","- https://libraries.wichita.edu/ArtificialIntelligence   
- https://libraries.wichita.edu/ai   
- https://libraries.wichita.edu/c.php?g=1005148&p=10232293 ",- https://www.wichita.edu/about/student_conduct/AIVAI.php  ,"- https://www.wichita.edu/academics/facultysenate/adhoccomtes.php 
- https://www.wichita.edu/services/mrc/ai-interest-group.php ",- https://libraries.wichita.edu/ArtificialIntelligence ,"- https://www.wichita.edu/about/student_conduct/AIVAI.php
- https://www.wichita.edu/services/mrc/OIR/AI/security.php
- https://www.wichita.edu/academics/academic_affairs/fare/syllabuspolicies.php
- https://www.wichita.edu/services/mrc/OIR/AI/ethics.php
- https://www.wichita.edu/services/mrc/OIR/AI/index.php
- https://www.wichita.edu/academics/applied_studies/School_of_Education/Programs/aigenlab.php
- https://www.wichita.edu/industry_and_defense/ai-sec/ai-sec-index.php
- https://libraries.wichita.edu/ArtificialIntelligence
- https://libraries.wichita.edu/ai
- https://libraries.wichita.edu/c.php?g=1005148&p=10232293
- https://www.wichita.edu/academics/facultysenate/adhoccomtes.php
- https://www.wichita.edu/services/mrc/ai-interest-group.php",https://www.wichita.edu/academics/academic_affairs/fare/syllabuspolicies.php; https://www.wichita.edu/services/mrc/OIR/AI/ethics.php,https://www.wichita.edu/about/student_conduct/AIVAI.php; https://www.wichita.edu/about/student_conduct/ai.php,https://www.wichita.edu/services/mrc/OIR/AI/index.php; https://www.wichita.edu/services/mrc/OIR/AI/security.php,https://www.wichita.edu/about/student_conduct/AIVAI.php; https://www.wichita.edu/services/mrc/OIR/AI/security.php,https://www.wichita.edu/services/mrc/ai-interest-group.php; https://www.wichita.edu/services/mrc/OIR/AI/index.php,https://www.wichita.edu/academics/academic_affairs/fare/syllabuspolicies.php,https://www.wichita.edu/academics/facultysenate/adhoccomtes.php,https://www.wichita.edu/about/student_conduct/ai.php,https://www.wichita.edu/about/student_conduct/ai.php; https://www.wichita.edu/services/mrc/OIR/AI/ethics.php,https://www.wichita.edu/about/student_conduct/ai.php; https://www.wichita.edu/academics/academic_affairs/fare/syllabuspolicies.php; https://www.wichita.edu/services/mrc/OIR/AI/index.php; https://www.wichita.edu/services/mrc/OIR/AI/security.php; https://www.wichita.edu/services/mrc/OIR/AI/ethics.php,https://www.wichita.edu/academics/academic_affairs/fare/syllabuspolicies.php,0.5,0.7916666666666666,0.5,0.16666666666666666,48.95833333333333,47.0,54.54545454545454,40.5,43.75,46.5,54.99999999999999,45.0
U23,1.0,0.5,0.5,0.8333333333333334,0.5,1.0,0.5,0.8333333333333334,0.3333333333333333,0.6666666666666666,0.0,0.16666666666666666,Public Research-Oriented,R2,Midwest,~18k students,Wichita State University,"- https://www.wichita.edu/about/student_conduct/AIVAI.php 
- https://www.wichita.edu/services/mrc/OIR/AI/security.php 
- https://www.wichita.edu/academics/academic_affairs/fare/syllabuspolicies.php 
- https://www.wichita.edu/services/mrc/OIR/AI/ethics.php ",- https://www.wichita.edu/services/mrc/OIR/AI/index.php ,"- https://www.wichita.edu/academics/applied_studies/School_of_Education/Programs/aigenlab.php 
- https://www.wichita.edu/services/mrc/OIR/AI/index.php 
- https://www.wichita.edu/industry_and_defense/ai-sec/ai-sec-index.php ","- https://libraries.wichita.edu/ArtificialIntelligence   
- https://libraries.wichita.edu/ai   
- https://libraries.wichita.edu/c.php?g=1005148&p=10232293 ",- https://www.wichita.edu/about/student_conduct/AIVAI.php  ,"- https://www.wichita.edu/academics/facultysenate/adhoccomtes.php 
- https://www.wichita.edu/services/mrc/ai-interest-group.php ",- https://libraries.wichita.edu/ArtificialIntelligence ,"- https://www.wichita.edu/about/student_conduct/AIVAI.php
- https://www.wichita.edu/services/mrc/OIR/AI/security.php
- https://www.wichita.edu/academics/academic_affairs/fare/syllabuspolicies.php
- https://www.wichita.edu/services/mrc/OIR/AI/ethics.php
- https://www.wichita.edu/services/mrc/OIR/AI/index.php
- https://www.wichita.edu/academics/applied_studies/School_of_Education/Programs/aigenlab.php
- https://www.wichita.edu/industry_and_defense/ai-sec/ai-sec-index.php
- https://libraries.wichita.edu/ArtificialIntelligence
- https://libraries.wichita.edu/ai
- https://libraries.wichita.edu/c.php?g=1005148&p=10232293
- https://www.wichita.edu/academics/facultysenate/adhoccomtes.php
- https://www.wichita.edu/services/mrc/ai-interest-group.php",https://www.wichita.edu/about/student_conduct/ai.php; https://www.wichita.edu/about/student_conduct/AIVAI.php; https://www.wichita.edu/services/mrc/OIR/AI/ethics.php,https://www.wichita.edu/about/student_conduct/AIVAI.php; https://www.wichita.edu/about/policy/ch_02/ch2_17.php,https://www.wichita.edu/services/mrc/OIR/AI/index.php; https://www.wichita.edu/services/mrc/OIR/AI/security.php; https://www.wichita.edu/services/mrc/OIR/AI/ethics.php,https://www.wichita.edu/about/student_conduct/AIVAI.php; https://www.wichita.edu/services/mrc/OIR/AI/security.php,https://www.wichita.edu/services/mrc/ai-interest-group.php,https://www.wichita.edu/academics/academic_affairs/fare/syllabuspolicies.php,https://www.wichita.edu/academics/facultysenate/adhoccomtes.php,https://www.wichita.edu/academics/facultysenate/adhoccomtes.php,https://www.wichita.edu/about/policy/ch_02/ch2_17.php; https://www.wichita.edu/services/mrc/OIR/AI/ethics.php,https://www.wichita.edu/about/student_conduct/ai.php; https://www.wichita.edu/about/policy/ch_02/ch2_17.php; https://www.wichita.edu/services/mrc/OIR/AI/index.php; https://www.wichita.edu/services/mrc/OIR/AI/security.php,https://www.wichita.edu/academics/academic_affairs/fare/syllabuspolicies.php; https://www.wichita.edu/about/student_conduct/ai.php; https://www.wichita.edu/about/student_conduct/aitext.php,0.5,0.7083333333333334,0.6111111111111112,0.08333333333333333,47.56944444444445,48.0,53.03030303030304,42.5,43.28703703703704,46.0,52.22222222222223,47.0
U23,1.5,0.5,0.5,0.8333333333333334,0.5,1.0,0.6666666666666666,0.6666666666666666,0.5,0.8333333333333334,0.0,0.5,Public Research-Oriented,R2,Midwest,~18k students,Wichita State University,"- https://www.wichita.edu/about/student_conduct/AIVAI.php 
- https://www.wichita.edu/services/mrc/OIR/AI/security.php 
- https://www.wichita.edu/academics/academic_affairs/fare/syllabuspolicies.php 
- https://www.wichita.edu/services/mrc/OIR/AI/ethics.php ",- https://www.wichita.edu/services/mrc/OIR/AI/index.php ,"- https://www.wichita.edu/academics/applied_studies/School_of_Education/Programs/aigenlab.php 
- https://www.wichita.edu/services/mrc/OIR/AI/index.php 
- https://www.wichita.edu/industry_and_defense/ai-sec/ai-sec-index.php ","- https://libraries.wichita.edu/ArtificialIntelligence   
- https://libraries.wichita.edu/ai   
- https://libraries.wichita.edu/c.php?g=1005148&p=10232293 ",- https://www.wichita.edu/about/student_conduct/AIVAI.php  ,"- https://www.wichita.edu/academics/facultysenate/adhoccomtes.php 
- https://www.wichita.edu/services/mrc/ai-interest-group.php ",- https://libraries.wichita.edu/ArtificialIntelligence ,"- https://www.wichita.edu/about/student_conduct/AIVAI.php
- https://www.wichita.edu/services/mrc/OIR/AI/security.php
- https://www.wichita.edu/academics/academic_affairs/fare/syllabuspolicies.php
- https://www.wichita.edu/services/mrc/OIR/AI/ethics.php
- https://www.wichita.edu/services/mrc/OIR/AI/index.php
- https://www.wichita.edu/academics/applied_studies/School_of_Education/Programs/aigenlab.php
- https://www.wichita.edu/industry_and_defense/ai-sec/ai-sec-index.php
- https://libraries.wichita.edu/ArtificialIntelligence
- https://libraries.wichita.edu/ai
- https://libraries.wichita.edu/c.php?g=1005148&p=10232293
- https://www.wichita.edu/academics/facultysenate/adhoccomtes.php
- https://www.wichita.edu/services/mrc/ai-interest-group.php",https://www.wichita.edu/services/mrc/OIR/AI/security.php; https://www.wichita.edu/about/student_conduct/ai.php; https://www.wichita.edu/academics/academic_affairs/fare/syllabuspolicies.php,https://www.wichita.edu/about/student_conduct/AIVAI.php; https://www.wichita.edu/about/student_conduct/ai.php,https://www.wichita.edu/services/mrc/OIR/AI/index.php; https://www.wichita.edu/services/mrc/OIR/AI/security.php; https://www.wichita.edu/services/mrc/OIR/AI/ethics.php,https://www.wichita.edu/about/student_conduct/AIVAI.php; https://www.wichita.edu/services/mrc/OIR/AI/ethics.php; https://www.wichita.edu/services/mrc/OIR/AI/security.php,https://www.wichita.edu/services/mrc/ai-interest-group.php; https://www.wichita.edu/services/mrc/OIR/AI/index.php,https://www.wichita.edu/academics/academic_affairs/fare/syllabuspolicies.php,https://www.wichita.edu/about/student_conduct/ai.php; https://www.wichita.edu/academics/facultysenate/adhoccomtes.php,https://www.wichita.edu/about/student_conduct/ai.php,https://www.wichita.edu/services/mrc/OIR/AI/ethics.php; https://www.wichita.edu/services/mrc/OIR/AI/index.php,https://www.wichita.edu/about/student_conduct/ai.php; https://www.wichita.edu/about/student_conduct/AIVAI.php; https://www.wichita.edu/academics/academic_affairs/fare/syllabuspolicies.php; https://www.wichita.edu/services/mrc/OIR/AI/index.php,https://www.wichita.edu/academics/academic_affairs/fare/syllabuspolicies.php; https://www.wichita.edu/about/student_conduct/ai.php,0.5,0.75,0.6666666666666666,0.25,54.166666666666664,33.5,59.09090909090909,30.5,51.388888888888886,29.5,58.33333333333333,35.0
U24,0.5,0.5,0.5,1.0,1.0,1.0,0.8333333333333334,1.0,0.5,0.5,0.6666666666666666,0.3333333333333333,Public Research-Oriented,R2,Midwest,~12k students,Northern Illinois University,"- https://www.niu.edu/provost/about/task-force.shtml   
- https://www.niu.edu/citl/online/standards-and-principles/checklists/course-technology.shtml   
- https://www.niu.edu/blackboard/content/ai-design-assistant.shtml   
- https://www.niu.edu/citl/resources/toolkits/artificial-intelligence/chatgpt-and-education.shtml   
- https://www.niu.edu/citl/resources/guides/class-policies-for-ai-tools.shtml ","- https://www.niu.edu/citl/programs/ai-network/index.shtml   
- https://www.niu.edu/citl/services/faculty-learning-communities.shtml   
- https://www.niu.edu/citl/programs/recordings/welcome-to-artificial-intelligence.shtml   
- https://www.niu.edu/citl/programs/recordings/ai-in-education.shtml   
- https://www.niu.edu/citl/resources/toolkits/artificial-intelligence/index.shtml   
- https://www.niu.edu/citl/programs/recordings/ai-looking-ahead.shtml 
- https://www.niu.edu/citl/resources/toolkits/artificial-intelligence/ai-tools.shtml 
- https://www.niu.edu/citl/resources/guides/class-policies-for-ai-tools.shtml ","- https://www.niu.edu/citl/programs/ai-network/index.shtml   
- https://www.niu.edu/provost/about/task-force.shtml ","- https://libguides.niu.edu/AI_library_service   
- https://libguides.niu.edu/AI_library_service/GTP-LLMS   
- https://libguides.niu.edu/AI_library_service/ethics_bias   
- https://libguides.niu.edu/AI_library_service/citation_copyright   
- https://libguides.niu.edu/c.php?g=1365265&p=10895504 ",- https://www.niu.edu/citl/resources/guides/class-policies-for-ai-tools.shtml,"- https://www.niu.edu/provost/about/task-force.shtml 
- https://www.niu.edu/citl/programs/ai-network/index.shtml ","- https://www.niu.edu/citl/programs/ai-network/index.shtml 
- https://www.niu.edu/academicaffairs/undergraduate-affairs/academic-support/mission-ai-chatbot.shtml 
- https://www.niu.edu/blackboard/content/ai-design-assistant.shtml 
- https://www.niu.edu/citl/programs/recordings/welcome-to-artificial-intelligence.shtml 
- https://www.niu.edu/citl/programs/recordings/ai-looking-ahead.shtml ","- https://www.niu.edu/provost/about/task-force.shtml
- https://www.niu.edu/citl/online/standards-and-principles/checklists/course-technology.shtml
- https://www.niu.edu/blackboard/content/ai-design-assistant.shtml
- https://www.niu.edu/citl/resources/toolkits/artificial-intelligence/chatgpt-and-education.shtml
- https://www.niu.edu/citl/resources/guides/class-policies-for-ai-tools.shtml
- https://www.niu.edu/citl/programs/ai-network/index.shtml
- https://www.niu.edu/citl/services/faculty-learning-communities.shtml
- https://www.niu.edu/citl/programs/recordings/welcome-to-artificial-intelligence.shtml
- https://www.niu.edu/citl/programs/recordings/ai-in-education.shtml
- https://www.niu.edu/citl/resources/toolkits/artificial-intelligence/index.shtml
- https://www.niu.edu/citl/programs/recordings/ai-looking-ahead.shtml
- https://www.niu.edu/citl/resources/toolkits/artificial-intelligence/ai-tools.shtml
- https://libguides.niu.edu/AI_library_service
- https://libguides.niu.edu/AI_library_service/GTP-LLMS
- https://libguides.niu.edu/AI_library_service/ethics_bias
- https://libguides.niu.edu/AI_library_service/citation_copyright
- https://libguides.niu.edu/c.php?g=1365265&p=10895504
- https://www.niu.edu/academicaffairs/undergraduate-affairs/academic-support/mission-ai-chatbot.shtml",https://www.niu.edu/citl/resources/toolkits/artificial-intelligence/chatgpt-and-education.shtml; https://www.niu.edu/citl/resources/toolkits/artificial-intelligence/using-ai-classroom.shtml,https://www.niu.edu/citl/resources/guides/class-policies-for-ai-tools.shtml; https://www.niu.edu/citl/resources/toolkits/artificial-intelligence/ai-quick-start.shtml,https://www.niu.edu/citl/resources/toolkits/artificial-intelligence/index.shtml; https://www.niu.edu/citl/resources/toolkits/artificial-intelligence/ai-quick-start.shtml; https://www.niu.edu/citl/resources/toolkits/artificial-intelligence/using-ai-classroom.shtml; https://www.niu.edu/citl/programs/recordings/welcome-to-artificial-intelligence.shtml; https://www.niu.edu/citl/programs/recordings/ai-in-education.shtml; https://www.niu.edu/citl/programs/recordings/ai-looking-ahead.shtml,https://www.niu.edu/citl/resources/guides/class-policies-for-ai-tools.shtml; https://www.niu.edu/citl/resources/toolkits/artificial-intelligence/chatgpt-and-education.shtml,https://www.niu.edu/citl/programs/ai-network/index.shtml,https://www.niu.edu/citl/resources/guides/class-policies-for-ai-tools.shtml; https://www.niu.edu/citl/resources/toolkits/artificial-intelligence/index.shtml,https://www.niu.edu/provost/about/task-force.shtml,https://www.niu.edu/citl/programs/ai-network/index.shtml; https://www.niu.edu/provost/about/task-force.shtml,https://www.niu.edu/provost/about/task-force.shtml,https://www.niu.edu/blackboard/content/ai-design-assistant.shtml,https://www.niu.edu/citl/resources/toolkits/artificial-intelligence/ai-ethical-guidelines.shtml,0.5,0.9583333333333334,0.6666666666666666,0.5,65.625,14.0,71.21212121212122,9.5,63.19444444444445,13.0,71.66666666666667,12.0
U24,1.0,0.6666666666666666,0.5,1.0,1.0,1.0,1.0,1.0,0.5,0.5,0.8333333333333334,0.3333333333333333,Public Research-Oriented,R2,Midwest,~12k students,Northern Illinois University,"- https://www.niu.edu/provost/about/task-force.shtml   
- https://www.niu.edu/citl/online/standards-and-principles/checklists/course-technology.shtml   
- https://www.niu.edu/blackboard/content/ai-design-assistant.shtml   
- https://www.niu.edu/citl/resources/toolkits/artificial-intelligence/chatgpt-and-education.shtml   
- https://www.niu.edu/citl/resources/guides/class-policies-for-ai-tools.shtml ","- https://www.niu.edu/citl/programs/ai-network/index.shtml   
- https://www.niu.edu/citl/services/faculty-learning-communities.shtml   
- https://www.niu.edu/citl/programs/recordings/welcome-to-artificial-intelligence.shtml   
- https://www.niu.edu/citl/programs/recordings/ai-in-education.shtml   
- https://www.niu.edu/citl/resources/toolkits/artificial-intelligence/index.shtml   
- https://www.niu.edu/citl/programs/recordings/ai-looking-ahead.shtml 
- https://www.niu.edu/citl/resources/toolkits/artificial-intelligence/ai-tools.shtml 
- https://www.niu.edu/citl/resources/guides/class-policies-for-ai-tools.shtml ","- https://www.niu.edu/citl/programs/ai-network/index.shtml   
- https://www.niu.edu/provost/about/task-force.shtml ","- https://libguides.niu.edu/AI_library_service   
- https://libguides.niu.edu/AI_library_service/GTP-LLMS   
- https://libguides.niu.edu/AI_library_service/ethics_bias   
- https://libguides.niu.edu/AI_library_service/citation_copyright   
- https://libguides.niu.edu/c.php?g=1365265&p=10895504 ",- https://www.niu.edu/citl/resources/guides/class-policies-for-ai-tools.shtml,"- https://www.niu.edu/provost/about/task-force.shtml 
- https://www.niu.edu/citl/programs/ai-network/index.shtml ","- https://www.niu.edu/citl/programs/ai-network/index.shtml 
- https://www.niu.edu/academicaffairs/undergraduate-affairs/academic-support/mission-ai-chatbot.shtml 
- https://www.niu.edu/blackboard/content/ai-design-assistant.shtml 
- https://www.niu.edu/citl/programs/recordings/welcome-to-artificial-intelligence.shtml 
- https://www.niu.edu/citl/programs/recordings/ai-looking-ahead.shtml ","- https://www.niu.edu/provost/about/task-force.shtml
- https://www.niu.edu/citl/online/standards-and-principles/checklists/course-technology.shtml
- https://www.niu.edu/blackboard/content/ai-design-assistant.shtml
- https://www.niu.edu/citl/resources/toolkits/artificial-intelligence/chatgpt-and-education.shtml
- https://www.niu.edu/citl/resources/guides/class-policies-for-ai-tools.shtml
- https://www.niu.edu/citl/programs/ai-network/index.shtml
- https://www.niu.edu/citl/services/faculty-learning-communities.shtml
- https://www.niu.edu/citl/programs/recordings/welcome-to-artificial-intelligence.shtml
- https://www.niu.edu/citl/programs/recordings/ai-in-education.shtml
- https://www.niu.edu/citl/resources/toolkits/artificial-intelligence/index.shtml
- https://www.niu.edu/citl/programs/recordings/ai-looking-ahead.shtml
- https://www.niu.edu/citl/resources/toolkits/artificial-intelligence/ai-tools.shtml
- https://libguides.niu.edu/AI_library_service
- https://libguides.niu.edu/AI_library_service/GTP-LLMS
- https://libguides.niu.edu/AI_library_service/ethics_bias
- https://libguides.niu.edu/AI_library_service/citation_copyright
- https://libguides.niu.edu/c.php?g=1365265&p=10895504
- https://www.niu.edu/academicaffairs/undergraduate-affairs/academic-support/mission-ai-chatbot.shtml",https://www.niu.edu/citl/resources/toolkits/artificial-intelligence/chatgpt-and-education.shtml; https://www.niu.edu/citl/resources/toolkits/artificial-intelligence/class-policies-for-ai-tools.shtml; https://www.niu.edu/citl/resources/toolkits/artificial-intelligence/ai-quick-start.shtml,https://www.niu.edu/citl/resources/toolkits/artificial-intelligence/chatgpt-and-education.shtml; https://www.niu.edu/citl/resources/toolkits/artificial-intelligence/class-policies-for-ai-tools.shtml; https://www.niu.edu/citl/resources/toolkits/artificial-intelligence/ai-quick-start.shtml,https://www.niu.edu/citl/resources/toolkits/artificial-intelligence/index.shtml; https://www.niu.edu/citl/resources/toolkits/artificial-intelligence/chatgpt-and-education.shtml; https://www.niu.edu/citl/resources/toolkits/artificial-intelligence/ai-tools.shtml; https://www.niu.edu/blackboard/content/ai-design-assistant.shtml,https://www.niu.edu/citl/resources/toolkits/artificial-intelligence/chatgpt-and-education.shtml; https://www.niu.edu/citl/resources/toolkits/artificial-intelligence/class-policies-for-ai-tools.shtml; https://www.niu.edu/blackboard/content/ai-design-assistant.shtml,https://www.niu.edu/citl/programs/ai-network/index.shtml,https://www.niu.edu/citl/resources/toolkits/artificial-intelligence/class-policies-for-ai-tools.shtml; https://www.niu.edu/citl/resources/toolkits/artificial-intelligence/chatgpt-and-education.shtml,https://www.niu.edu/provost/about/task-force.shtml; https://www.niu.edu/citl/resources/toolkits/artificial-intelligence/ai-ethical-guidelines.shtml,https://www.niu.edu/provost/about/task-force.shtml,https://www.niu.edu/provost/about/task-force.shtml,https://www.niu.edu/blackboard/content/ai-design-assistant.shtml; https://www.niu.edu/citl/resources/toolkits/artificial-intelligence/chatgpt-and-education.shtml,https://www.niu.edu/citl/resources/toolkits/artificial-intelligence/ai-ethical-guidelines.shtml; https://www.niu.edu/citl/resources/toolkits/artificial-intelligence/chatgpt-and-education.shtml,0.5833333333333333,1.0,0.6666666666666666,0.5833333333333334,70.83333333333334,6.0,75.75757575757575,5.0,68.05555555555554,4.0,76.66666666666666,5.0
U24,1.5,0.5,0.3333333333333333,1.0,1.0,1.0,1.0,0.8333333333333334,0.5,0.16666666666666666,0.8333333333333334,0.16666666666666666,Public Research-Oriented,R2,Midwest,~12k students,Northern Illinois University,"- https://www.niu.edu/provost/about/task-force.shtml   
- https://www.niu.edu/citl/online/standards-and-principles/checklists/course-technology.shtml   
- https://www.niu.edu/blackboard/content/ai-design-assistant.shtml   
- https://www.niu.edu/citl/resources/toolkits/artificial-intelligence/chatgpt-and-education.shtml   
- https://www.niu.edu/citl/resources/guides/class-policies-for-ai-tools.shtml ","- https://www.niu.edu/citl/programs/ai-network/index.shtml   
- https://www.niu.edu/citl/services/faculty-learning-communities.shtml   
- https://www.niu.edu/citl/programs/recordings/welcome-to-artificial-intelligence.shtml   
- https://www.niu.edu/citl/programs/recordings/ai-in-education.shtml   
- https://www.niu.edu/citl/resources/toolkits/artificial-intelligence/index.shtml   
- https://www.niu.edu/citl/programs/recordings/ai-looking-ahead.shtml 
- https://www.niu.edu/citl/resources/toolkits/artificial-intelligence/ai-tools.shtml 
- https://www.niu.edu/citl/resources/guides/class-policies-for-ai-tools.shtml ","- https://www.niu.edu/citl/programs/ai-network/index.shtml   
- https://www.niu.edu/provost/about/task-force.shtml ","- https://libguides.niu.edu/AI_library_service   
- https://libguides.niu.edu/AI_library_service/GTP-LLMS   
- https://libguides.niu.edu/AI_library_service/ethics_bias   
- https://libguides.niu.edu/AI_library_service/citation_copyright   
- https://libguides.niu.edu/c.php?g=1365265&p=10895504 ",- https://www.niu.edu/citl/resources/guides/class-policies-for-ai-tools.shtml,"- https://www.niu.edu/provost/about/task-force.shtml 
- https://www.niu.edu/citl/programs/ai-network/index.shtml ","- https://www.niu.edu/citl/programs/ai-network/index.shtml 
- https://www.niu.edu/academicaffairs/undergraduate-affairs/academic-support/mission-ai-chatbot.shtml 
- https://www.niu.edu/blackboard/content/ai-design-assistant.shtml 
- https://www.niu.edu/citl/programs/recordings/welcome-to-artificial-intelligence.shtml 
- https://www.niu.edu/citl/programs/recordings/ai-looking-ahead.shtml ","- https://www.niu.edu/provost/about/task-force.shtml
- https://www.niu.edu/citl/online/standards-and-principles/checklists/course-technology.shtml
- https://www.niu.edu/blackboard/content/ai-design-assistant.shtml
- https://www.niu.edu/citl/resources/toolkits/artificial-intelligence/chatgpt-and-education.shtml
- https://www.niu.edu/citl/resources/guides/class-policies-for-ai-tools.shtml
- https://www.niu.edu/citl/programs/ai-network/index.shtml
- https://www.niu.edu/citl/services/faculty-learning-communities.shtml
- https://www.niu.edu/citl/programs/recordings/welcome-to-artificial-intelligence.shtml
- https://www.niu.edu/citl/programs/recordings/ai-in-education.shtml
- https://www.niu.edu/citl/resources/toolkits/artificial-intelligence/index.shtml
- https://www.niu.edu/citl/programs/recordings/ai-looking-ahead.shtml
- https://www.niu.edu/citl/resources/toolkits/artificial-intelligence/ai-tools.shtml
- https://libguides.niu.edu/AI_library_service
- https://libguides.niu.edu/AI_library_service/GTP-LLMS
- https://libguides.niu.edu/AI_library_service/ethics_bias
- https://libguides.niu.edu/AI_library_service/citation_copyright
- https://libguides.niu.edu/c.php?g=1365265&p=10895504
- https://www.niu.edu/academicaffairs/undergraduate-affairs/academic-support/mission-ai-chatbot.shtml",https://www.niu.edu/citl/resources/toolkits/artificial-intelligence/chatgpt-and-education.shtml; https://www.niu.edu/blackboard/content/ai-design-assistant.shtml,https://www.niu.edu/citl/resources/toolkits/artificial-intelligence/ai-quick-start.shtml; https://www.niu.edu/citl/resources/guides/class-policies-for-ai-tools.shtml,https://www.niu.edu/citl/resources/toolkits/artificial-intelligence/index.shtml; https://www.niu.edu/citl/resources/toolkits/artificial-intelligence/ai-quick-start.shtml; https://www.niu.edu/blackboard/content/ai-design-assistant.shtml,https://www.niu.edu/citl/resources/toolkits/artificial-intelligence/using-ai-classroom.shtml; https://www.niu.edu/citl/resources/toolkits/artificial-intelligence/chatgpt-and-education.shtml; https://www.niu.edu/citl/resources/guides/class-policies-for-ai-tools.shtml,https://www.niu.edu/citl/programs/ai-network/index.shtml,https://www.niu.edu/citl/resources/toolkits/artificial-intelligence/index.shtml; https://www.niu.edu/citl/resources/guides/class-policies-for-ai-tools.shtml; https://www.niu.edu/citl/resources/toolkits/artificial-intelligence/class-policies-for-ai-tools.shtml,https://www.niu.edu/provost/about/task-force.shtml; https://www.niu.edu/citl/resources/toolkits/artificial-intelligence/ai-ethical-guidelines.shtml,https://www.niu.edu/citl/programs/ai-network/index.shtml; https://www.niu.edu/provost/about/task-force.shtml,https://www.niu.edu/provost/about/task-force.shtml; https://www.niu.edu/citl/resources/toolkits/artificial-intelligence/ai-ethical-guidelines.shtml; https://www.niu.edu/citl/resources/toolkits/artificial-intelligence/ai-literacies-framework.shtml,https://www.niu.edu/blackboard/content/ai-design-assistant.shtml,https://www.niu.edu/citl/resources/toolkits/artificial-intelligence/ai-ethical-guidelines.shtml; https://www.niu.edu/blackboard/content/ai-design-assistant.shtml,0.41666666666666663,1.0,0.5000000000000001,0.5,60.416666666666664,21.0,66.66666666666667,14.5,56.94444444444445,18.0,68.33333333333333,16.0
U25,0.5,0.16666666666666666,1.0,1.0,1.0,0.16666666666666666,0.3333333333333333,0.0,0.16666666666666666,0.5,0.0,0.0,Public Research-Oriented,R2,Midwest,~20k students,Ball State University,"- https://www.bsu.edu/about/administrativeoffices/information-technology/services/ai-initiatives/ai-guidelines   
- https://www.bsu.edu/about/administrativeoffices/information-technology/services/ai-initiatives/academic-integrity   
- https://www.bsu.edu/about/administrativeoffices/information-technology/services/ai-initiatives/ai-tools   
- https://www.bsu.edu/about/administrativeoffices/information-technology/services/ai-initiatives/ai-resources   
- https://www.bsu.edu/about/administrativeoffices/vice-provost/faculty-services/professional-development/academic-integrity-and-ai   
- https://www.bsu.edu/academics/centersandinstitutes/writingcenter/artificial-intelligence ","- https://www.bsu.edu/about/administrativeoffices/information-technology/services/ai-initiatives/ai-courses-and-training 
- https://www.bsu.edu/about/administrativeoffices/information-technology/services/ai-initiatives/getting-started-with-ai ","- https://www.bsu.edu/about/administrativeoffices/information-technology/services/ai-initiatives 
- https://www.bsu.edu/academics/centersandinstitutes/writingcenter/artificial-intelligence 
- https://www.bsu.edu/about/administrativeoffices/information-technology/services/ai-initiatives/ai-guidelines ","- https://bsu.libguides.com/AIinformationresources 
- https://bsu.libguides.com/c.php?g=1395427&p=10320859 ","- https://www.bsu.edu/about/administrativeoffices/information-technology/services/ai-initiatives/academic-integrity   
- https://www.bsu.edu/about/administrativeoffices/vice-provost/faculty-services/professional-development/academic-integrity-and-ai   
- https://www.bsu.edu/about/administrativeoffices/information-technology/services/ai-initiatives ",,"- https://www.bsu.edu/about/administrativeoffices/information-technology/services/ai-initiatives   
- https://www.bsu.edu/about/administrativeoffices/information-technology/services/ai-initiatives/ai-guidelines   
- https://www.bsu.edu/about/administrativeoffices/information-technology/services/ai-initiatives/ai-tools   
- https://www.bsu.edu/about/administrativeoffices/information-technology/services/ai-initiatives/ai-resources   ","- https://www.bsu.edu/about/administrativeoffices/information-technology/services/ai-initiatives/ai-guidelines
- https://www.bsu.edu/about/administrativeoffices/information-technology/services/ai-initiatives/academic-integrity
- https://www.bsu.edu/about/administrativeoffices/information-technology/services/ai-initiatives/ai-tools
- https://www.bsu.edu/about/administrativeoffices/information-technology/services/ai-initiatives/ai-resources
- https://www.bsu.edu/about/administrativeoffices/vice-provost/faculty-services/professional-development/academic-integrity-and-ai
- https://www.bsu.edu/academics/centersandinstitutes/writingcenter/artificial-intelligence
- https://www.bsu.edu/about/administrativeoffices/information-technology/services/ai-initiatives/ai-courses-and-training
- https://www.bsu.edu/about/administrativeoffices/information-technology/services/ai-initiatives/getting-started-with-ai
- https://www.bsu.edu/about/administrativeoffices/information-technology/services/ai-initiatives
- https://bsu.libguides.com/AIinformationresources
- https://bsu.libguides.com/c.php?g=1395427&p=10320859",https://www.bsu.edu/about/administrativeoffices/information-technology/services/ai-initiatives/ai-guidelines; https://www.bsu.edu/about/administrativeoffices/vice-provost/student-services/academic-integrity; https://www.bsu.edu/about/administrativeoffices/information-technology/services/ai-initiatives/getting-started-with-ai; https://www.bsu.edu/academics/centersandinstitutes/writingcenter/artificial-intelligence,https://www.bsu.edu/about/administrativeoffices/information-technology/services/ai-initiatives/ai-guidelines; https://www.bsu.edu/about/administrativeoffices/vice-provost/student-services/academic-integrity; https://www.bsu.edu/academics/centersandinstitutes/writingcenter/artificial-intelligence,https://www.bsu.edu/about/administrativeoffices/vice-provost/faculty-services/professional-development/academic-integrity-and-ai; https://www.bsu.edu/about/administrativeoffices/information-technology/services/ai-initiatives/ai-courses-and-training; https://www.bsu.edu/about/administrativeoffices/vice-provost/student-services/academic-integrity; https://www.bsu.edu/about/administrativeoffices/information-technology/services/ai-initiatives/ai-resources,https://www.bsu.edu/about/administrativeoffices/information-technology/services/ai-initiatives/ai-tools; https://www.bsu.edu/about/administrativeoffices/information-technology/services/ai-initiatives/ai-guidelines,https://www.bsu.edu/about/administrativeoffices/information-technology/services/ai-initiatives/ai-courses-and-training,https://www.bsu.edu/about/administrativeoffices/vice-provost/student-services/academic-integrity; https://www.bsu.edu/about/administrativeoffices/vice-provost/faculty-services/professional-development/academic-integrity-and-ai,https://www.bsu.edu/about/administrativeoffices/information-technology/services/ai-initiatives; https://www.bsu.edu/about/administrativeoffices/information-technology/services/ai-initiatives/ai-guidelines,https://www.bsu.edu/about/administrativeoffices/information-technology/services/ai-initiatives; https://www.bsu.edu/about/administrativeoffices/vice-provost/student-services/academic-integrity,https://www.bsu.edu/about/administrativeoffices/information-technology/services/ai-initiatives/ai-guidelines,https://www.bsu.edu/about/administrativeoffices/information-technology/services/ai-initiatives/ai-guidelines; https://www.bsu.edu/about/administrativeoffices/vice-provost/student-services/academic-integrity,https://www.bsu.edu/about/administrativeoffices/vice-provost/student-services/academic-integrity,0.5833333333333334,0.625,0.2222222222222222,0.0,35.76388888888889,61.0,39.3939393939394,59.0,27.546296296296298,61.0,41.111111111111114,60.0
U25,1.0,0.3333333333333333,1.0,1.0,1.0,0.3333333333333333,0.6666666666666666,0.0,0.0,0.6666666666666666,0.0,0.0,Public Research-Oriented,R2,Midwest,~20k students,Ball State University,"- https://www.bsu.edu/about/administrativeoffices/information-technology/services/ai-initiatives/ai-guidelines   
- https://www.bsu.edu/about/administrativeoffices/information-technology/services/ai-initiatives/academic-integrity   
- https://www.bsu.edu/about/administrativeoffices/information-technology/services/ai-initiatives/ai-tools   
- https://www.bsu.edu/about/administrativeoffices/information-technology/services/ai-initiatives/ai-resources   
- https://www.bsu.edu/about/administrativeoffices/vice-provost/faculty-services/professional-development/academic-integrity-and-ai   
- https://www.bsu.edu/academics/centersandinstitutes/writingcenter/artificial-intelligence ","- https://www.bsu.edu/about/administrativeoffices/information-technology/services/ai-initiatives/ai-courses-and-training 
- https://www.bsu.edu/about/administrativeoffices/information-technology/services/ai-initiatives/getting-started-with-ai ","- https://www.bsu.edu/about/administrativeoffices/information-technology/services/ai-initiatives 
- https://www.bsu.edu/academics/centersandinstitutes/writingcenter/artificial-intelligence 
- https://www.bsu.edu/about/administrativeoffices/information-technology/services/ai-initiatives/ai-guidelines ","- https://bsu.libguides.com/AIinformationresources 
- https://bsu.libguides.com/c.php?g=1395427&p=10320859 ","- https://www.bsu.edu/about/administrativeoffices/information-technology/services/ai-initiatives/academic-integrity   
- https://www.bsu.edu/about/administrativeoffices/vice-provost/faculty-services/professional-development/academic-integrity-and-ai   
- https://www.bsu.edu/about/administrativeoffices/information-technology/services/ai-initiatives ",,"- https://www.bsu.edu/about/administrativeoffices/information-technology/services/ai-initiatives   
- https://www.bsu.edu/about/administrativeoffices/information-technology/services/ai-initiatives/ai-guidelines   
- https://www.bsu.edu/about/administrativeoffices/information-technology/services/ai-initiatives/ai-tools   
- https://www.bsu.edu/about/administrativeoffices/information-technology/services/ai-initiatives/ai-resources   ","- https://www.bsu.edu/about/administrativeoffices/information-technology/services/ai-initiatives/ai-guidelines
- https://www.bsu.edu/about/administrativeoffices/information-technology/services/ai-initiatives/academic-integrity
- https://www.bsu.edu/about/administrativeoffices/information-technology/services/ai-initiatives/ai-tools
- https://www.bsu.edu/about/administrativeoffices/information-technology/services/ai-initiatives/ai-resources
- https://www.bsu.edu/about/administrativeoffices/vice-provost/faculty-services/professional-development/academic-integrity-and-ai
- https://www.bsu.edu/academics/centersandinstitutes/writingcenter/artificial-intelligence
- https://www.bsu.edu/about/administrativeoffices/information-technology/services/ai-initiatives/ai-courses-and-training
- https://www.bsu.edu/about/administrativeoffices/information-technology/services/ai-initiatives/getting-started-with-ai
- https://www.bsu.edu/about/administrativeoffices/information-technology/services/ai-initiatives
- https://bsu.libguides.com/AIinformationresources
- https://bsu.libguides.com/c.php?g=1395427&p=10320859",https://www.bsu.edu/about/administrativeoffices/information-technology/services/ai-initiatives; https://www.bsu.edu/about/administrativeoffices/information-technology/services/ai-initiatives/getting-started-with-ai,https://www.bsu.edu/about/administrativeoffices/information-technology/services/ai-initiatives/ai-guidelines,https://www.bsu.edu/about/administrativeoffices/vice-provost/faculty-services/professional-development/academic-integrity-and-ai; https://www.bsu.edu/about/administrativeoffices/information-technology/services/ai-initiatives/ai-courses-and-training,https://www.bsu.edu/about/administrativeoffices/information-technology/services/ai-initiatives/ai-tools; https://www.bsu.edu/about/administrativeoffices/information-technology/services/ai-initiatives/getting-started-with-ai,https://www.bsu.edu/about/administrativeoffices/information-technology/services/ai-initiatives/ai-courses-and-training; https://www.bsu.edu/about/administrativeoffices/information-technology/services/ai-initiatives,https://www.bsu.edu/about/administrativeoffices/vice-provost/student-services/academic-integrity; https://www.bsu.edu/-/media/www/departmentalcontent/vice-provost/files/student-services/academic-integrity/ai-syllabus-statement---department-of-media.pdf,https://www.bsu.edu/about/administrativeoffices/information-technology/services/ai-initiatives; https://www.bsu.edu/about/administrativeoffices/information-technology/services/ai-initiatives/ai-guidelines; https://www.bsu.edu/about/administrativeoffices/vice-provost/student-services/academic-integrity,https://www.bsu.edu/about/administrativeoffices/information-technology/services/ai-initiatives; https://www.bsu.edu/about/administrativeoffices/vice-provost/student-services/academic-integrity,https://www.bsu.edu/about/administrativeoffices/information-technology/services/ai-initiatives/ai-guidelines,https://www.bsu.edu/about/administrativeoffices/vice-provost/student-services/academic-integrity; https://www.bsu.edu/about/administrativeoffices/information-technology/services/ai-initiatives/ai-guidelines,https://www.bsu.edu/about/administrativeoffices/vice-provost/student-services/academic-integrity,0.6666666666666666,0.75,0.2222222222222222,0.0,40.97222222222222,53.0,45.45454545454545,52.5,31.01851851851852,56.0,47.77777777777777,50.5
U25,1.5,0.8333333333333334,1.0,1.0,1.0,0.16666666666666666,0.6666666666666666,0.0,0.0,0.5,0.16666666666666666,0.16666666666666666,Public Research-Oriented,R2,Midwest,~20k students,Ball State University,"- https://www.bsu.edu/about/administrativeoffices/information-technology/services/ai-initiatives/ai-guidelines   
- https://www.bsu.edu/about/administrativeoffices/information-technology/services/ai-initiatives/academic-integrity   
- https://www.bsu.edu/about/administrativeoffices/information-technology/services/ai-initiatives/ai-tools   
- https://www.bsu.edu/about/administrativeoffices/information-technology/services/ai-initiatives/ai-resources   
- https://www.bsu.edu/about/administrativeoffices/vice-provost/faculty-services/professional-development/academic-integrity-and-ai   
- https://www.bsu.edu/academics/centersandinstitutes/writingcenter/artificial-intelligence ","- https://www.bsu.edu/about/administrativeoffices/information-technology/services/ai-initiatives/ai-courses-and-training 
- https://www.bsu.edu/about/administrativeoffices/information-technology/services/ai-initiatives/getting-started-with-ai ","- https://www.bsu.edu/about/administrativeoffices/information-technology/services/ai-initiatives 
- https://www.bsu.edu/academics/centersandinstitutes/writingcenter/artificial-intelligence 
- https://www.bsu.edu/about/administrativeoffices/information-technology/services/ai-initiatives/ai-guidelines ","- https://bsu.libguides.com/AIinformationresources 
- https://bsu.libguides.com/c.php?g=1395427&p=10320859 ","- https://www.bsu.edu/about/administrativeoffices/information-technology/services/ai-initiatives/academic-integrity   
- https://www.bsu.edu/about/administrativeoffices/vice-provost/faculty-services/professional-development/academic-integrity-and-ai   
- https://www.bsu.edu/about/administrativeoffices/information-technology/services/ai-initiatives ",,"- https://www.bsu.edu/about/administrativeoffices/information-technology/services/ai-initiatives   
- https://www.bsu.edu/about/administrativeoffices/information-technology/services/ai-initiatives/ai-guidelines   
- https://www.bsu.edu/about/administrativeoffices/information-technology/services/ai-initiatives/ai-tools   
- https://www.bsu.edu/about/administrativeoffices/information-technology/services/ai-initiatives/ai-resources   ","- https://www.bsu.edu/about/administrativeoffices/information-technology/services/ai-initiatives/ai-guidelines
- https://www.bsu.edu/about/administrativeoffices/information-technology/services/ai-initiatives/academic-integrity
- https://www.bsu.edu/about/administrativeoffices/information-technology/services/ai-initiatives/ai-tools
- https://www.bsu.edu/about/administrativeoffices/information-technology/services/ai-initiatives/ai-resources
- https://www.bsu.edu/about/administrativeoffices/vice-provost/faculty-services/professional-development/academic-integrity-and-ai
- https://www.bsu.edu/academics/centersandinstitutes/writingcenter/artificial-intelligence
- https://www.bsu.edu/about/administrativeoffices/information-technology/services/ai-initiatives/ai-courses-and-training
- https://www.bsu.edu/about/administrativeoffices/information-technology/services/ai-initiatives/getting-started-with-ai
- https://www.bsu.edu/about/administrativeoffices/information-technology/services/ai-initiatives
- https://bsu.libguides.com/AIinformationresources
- https://bsu.libguides.com/c.php?g=1395427&p=10320859",https://www.bsu.edu/-/media/www/departmentalcontent/information-technology/pdfs/ai-documents-pdf/glossary-of-ai-terms.pdf?hash=5CD9759878170DB44AEEF5EEAE82CB6F7B50AAB9&sc_lang=en; https://www.bsu.edu/about/administrativeoffices/information-technology/services/ai-initiatives/getting-started-with-ai,https://www.bsu.edu/about/administrativeoffices/information-technology/services/ai-initiatives/ai-guidelines,https://www.bsu.edu/about/administrativeoffices/vice-provost/faculty-services/professional-development/academic-integrity-and-ai; https://www.bsu.edu/about/administrativeoffices/information-technology/services/ai-initiatives/ai-courses-and-training,https://www.bsu.edu/about/administrativeoffices/information-technology/services/ai-initiatives/ai-tools; https://www.bsu.edu/about/administrativeoffices/information-technology/services/ai-initiatives/ai-guidelines,https://www.bsu.edu/about/administrativeoffices/vice-provost/faculty-services/professional-development/academic-integrity-and-ai,https://www.bsu.edu/about/administrativeoffices/information-technology/services/ai-initiatives/academic-integrity,https://www.bsu.edu/about/administrativeoffices/information-technology/services/ai-initiatives; https://www.bsu.edu/about/administrativeoffices/information-technology/services/ai-initiatives/ai-guidelines,https://www.bsu.edu/about/administrativeoffices/information-technology/services/ai-initiatives; https://www.bsu.edu/about/administrativeoffices/information-technology/services/ai-initiatives/ai-guidelines,https://www.bsu.edu/about/administrativeoffices/information-technology/services/ai-initiatives/ai-guidelines; https://www.bsu.edu/about/administrativeoffices/information-technology/services/ai-initiatives,https://www.bsu.edu/about/administrativeoffices/vice-provost/student-services/academic-integrity; https://www.bsu.edu/about/administrativeoffices/information-technology/services/ai-initiatives/ai-guidelines,https://www.bsu.edu/about/administrativeoffices/vice-provost/student-services/academic-integrity; https://www.bsu.edu/-/media/www/departmentalcontent/vice-provost/files/student-services/academic-integrity/student-academic-ethics-policy-final.pdf?hash=C8C2E9C7B8E00B6F52C14E80B3D333A9C946FC56&sc_lang=en,0.9166666666666667,0.7083333333333333,0.16666666666666666,0.16666666666666666,48.958333333333336,45.0,49.99999999999999,45.5,38.19444444444444,50.5,53.33333333333332,44.0
U26,0.5,1.0,0.5,1.0,0.8333333333333334,0.8333333333333334,1.0,0.6666666666666666,0.16666666666666666,0.16666666666666666,0.6666666666666666,0.8333333333333334,Public Research-Oriented,R1,Northeast,~26k students,Stony Brook University,"- https://www.stonybrook.edu/commcms/academic_integrity/generative-ai/index.php?accordion=content-d19e272 
- https://stonybrook.edu/genai/faqs/index.php ",- https://www.stonybrook.edu/celt/innovative-technology/ai-teaching-resources.php ,"- https://ai.stonybrook.edu/   
- https://www.stonybrook.edu/genai/  ","- https://guides.library.stonybrook.edu/AI-resources 
- https://guides.library.stonybrook.edu/c.php?g=1296120 
- https://guides.library.stonybrook.edu/genai ","- https://www.stonybrook.edu/commcms/academic_integrity/faculty-and-staff/sample-syllabus-statement.php   
- https://www.stonybrook.edu/commcms/faculty-pathways/pages/syllabus.php   
- https://www.stonybrook.edu/celt/teaching-resources/aibot.php   
- https://www.stonybrook.edu/celt/innovative-technology/AI/ai-flagged-eval-process   
- https://www.stonybrook.edu/commcms/academic_integrity/generative-ai/index.php?accordion=content-d19e272 ","- https://you.stonybrook.edu/libraryai/governance/ 
- https://www.stonybrook.edu/commcms/provost/about/advisory-committees.php#view-adhoc ","- https://www.stonybrook.edu/genai/index.php 
- https://www.aldacenter.org/commcms/ceas-undergrad/student_organization/ai_community ","- https://www.stonybrook.edu/commcms/academic_integrity/generative-ai/index.php?accordion=content-d19e272
- https://stonybrook.edu/genai/faqs/index.php
- https://www.stonybrook.edu/celt/innovative-technology/ai-teaching-resources.php
- https://ai.stonybrook.edu/
- https://www.stonybrook.edu/genai/
- https://guides.library.stonybrook.edu/AI-resources
- https://guides.library.stonybrook.edu/c.php?g=1296120
- https://guides.library.stonybrook.edu/genai
- https://www.stonybrook.edu/commcms/academic_integrity/faculty-and-staff/sample-syllabus-statement.php
- https://www.stonybrook.edu/commcms/faculty-pathways/pages/syllabus.php
- https://www.stonybrook.edu/celt/teaching-resources/aibot.php
- https://www.stonybrook.edu/celt/innovative-technology/AI/ai-flagged-eval-process
- https://you.stonybrook.edu/libraryai/governance/
- https://www.stonybrook.edu/commcms/provost/about/advisory-committees.php#view-adhoc
- https://www.stonybrook.edu/genai/index.php
- https://www.aldacenter.org/commcms/ceas-undergrad/student_organization/ai_community",https://stonybrook.edu/genai/faqs/index.php; https://www.stonybrook.edu/genai/index.php; https://www.stonybrook.edu/commcms/academic_integrity/generative-ai/index.php?accordion=content-d19e272,https://www.stonybrook.edu/genai/index.php; https://www.stonybrook.edu/celt/innovative-technology/ai-teaching-resources.php; https://www.stonybrook.edu/celt/innovative-technology/AI/ai-flagged-eval-process,https://www.stonybrook.edu/celt/innovative-technology/ai-teaching-resources.php; https://www.stonybrook.edu/celt/teaching-resources/aibot.php; https://stonybrook.edu/genai/faqs/index.php,https://www.stonybrook.edu/celt/innovative-technology/ai-teaching-resources.php; https://www.stonybrook.edu/celt/innovative-technology/AI/ai-flagged-eval-process; https://stonybrook.edu/genai/faqs/index.php,https://www.stonybrook.edu/genai/index.php; https://you.stonybrook.edu/libraryai/governance/,https://www.stonybrook.edu/celt/innovative-technology/ai-teaching-resources.php; https://www.stonybrook.edu/commcms/faculty-pathways/pages/syllabus.php,https://www.stonybrook.edu/genai/index.php; https://you.stonybrook.edu/libraryai/governance/,https://www.aldacenter.org/commcms/ceas-undergrad/student_organization/ai_community,https://stonybrook.edu/genai/faqs/index.php; https://you.stonybrook.edu/libraryai/governance/,https://stonybrook.edu/genai/faqs/index.php; https://www.stonybrook.edu/celt/innovative-technology/AI/ai-flagged-eval-process,https://www.stonybrook.edu/celt/innovative-technology/AI/ai-flagged-eval-process,0.75,0.9166666666666667,0.3333333333333333,0.75,68.75,9.0,69.6969696969697,12.0,63.88888888888889,11.5,73.33333333333334,8.5
U26,1.0,1.0,0.6666666666666666,1.0,1.0,0.6666666666666666,0.6666666666666666,0.6666666666666666,0.0,0.16666666666666666,0.5,0.8333333333333334,Public Research-Oriented,R1,Northeast,~26k students,Stony Brook University,"- https://www.stonybrook.edu/commcms/academic_integrity/generative-ai/index.php?accordion=content-d19e272 
- https://stonybrook.edu/genai/faqs/index.php ",- https://www.stonybrook.edu/celt/innovative-technology/ai-teaching-resources.php ,"- https://ai.stonybrook.edu/   
- https://www.stonybrook.edu/genai/  ","- https://guides.library.stonybrook.edu/AI-resources 
- https://guides.library.stonybrook.edu/c.php?g=1296120 
- https://guides.library.stonybrook.edu/genai ","- https://www.stonybrook.edu/commcms/academic_integrity/faculty-and-staff/sample-syllabus-statement.php   
- https://www.stonybrook.edu/commcms/faculty-pathways/pages/syllabus.php   
- https://www.stonybrook.edu/celt/teaching-resources/aibot.php   
- https://www.stonybrook.edu/celt/innovative-technology/AI/ai-flagged-eval-process   
- https://www.stonybrook.edu/commcms/academic_integrity/generative-ai/index.php?accordion=content-d19e272 ","- https://you.stonybrook.edu/libraryai/governance/ 
- https://www.stonybrook.edu/commcms/provost/about/advisory-committees.php#view-adhoc ","- https://www.stonybrook.edu/genai/index.php 
- https://www.aldacenter.org/commcms/ceas-undergrad/student_organization/ai_community ","- https://www.stonybrook.edu/commcms/academic_integrity/generative-ai/index.php?accordion=content-d19e272
- https://stonybrook.edu/genai/faqs/index.php
- https://www.stonybrook.edu/celt/innovative-technology/ai-teaching-resources.php
- https://ai.stonybrook.edu/
- https://www.stonybrook.edu/genai/
- https://guides.library.stonybrook.edu/AI-resources
- https://guides.library.stonybrook.edu/c.php?g=1296120
- https://guides.library.stonybrook.edu/genai
- https://www.stonybrook.edu/commcms/academic_integrity/faculty-and-staff/sample-syllabus-statement.php
- https://www.stonybrook.edu/commcms/faculty-pathways/pages/syllabus.php
- https://www.stonybrook.edu/celt/teaching-resources/aibot.php
- https://www.stonybrook.edu/celt/innovative-technology/AI/ai-flagged-eval-process
- https://you.stonybrook.edu/libraryai/governance/
- https://www.stonybrook.edu/commcms/provost/about/advisory-committees.php#view-adhoc
- https://www.stonybrook.edu/genai/index.php
- https://www.aldacenter.org/commcms/ceas-undergrad/student_organization/ai_community",https://stonybrook.edu/genai/faqs/index.php; https://www.stonybrook.edu/genai/; https://www.stonybrook.edu/commcms/academic_integrity/generative-ai/index.php?accordion=content-d19e272,https://www.stonybrook.edu/celt/innovative-technology/ai-teaching-resources.php; https://stonybrook.edu/genai/faqs/index.php; https://www.stonybrook.edu/genai/,https://www.stonybrook.edu/celt/innovative-technology/ai-teaching-resources.php; https://stonybrook.edu/genai/faqs/index.php; https://www.stonybrook.edu/celt/teaching-resources/aibot.php; https://www.stonybrook.edu/celt/innovative-technology/AI/ai-flagged-eval-process,https://www.stonybrook.edu/celt/innovative-technology/ai-teaching-resources.php; https://stonybrook.edu/genai/faqs/index.php,https://www.stonybrook.edu/celt/innovative-technology/AI/ai-flagged-eval-process,https://www.stonybrook.edu/celt/innovative-technology/ai-teaching-resources.php; https://www.stonybrook.edu/commcms/academic_integrity/faculty-and-staff/sample-syllabus-statement.php,https://stonybrook.edu/genai/faqs/index.php; https://you.stonybrook.edu/libraryai/governance/,https://www.aldacenter.org/commcms/ceas-undergrad/student_organization/ai_community; https://stonybrook.edu/genai/faqs/index.php; https://you.stonybrook.edu/libraryai/governance/,https://stonybrook.edu/genai/faqs/index.php; https://www.stonybrook.edu/genai/,https://stonybrook.edu/genai/faqs/index.php; https://www.stonybrook.edu/celt/innovative-technology/AI/ai-flagged-eval-process,https://www.stonybrook.edu/celt/innovative-technology/AI/ai-flagged-eval-process,0.8333333333333333,0.8333333333333333,0.27777777777777773,0.6666666666666667,65.27777777777777,16.0,65.15151515151516,21.5,59.25925925925925,18.0,68.88888888888889,20.0
U26,1.5,1.0,0.5,1.0,0.6666666666666666,0.6666666666666666,0.6666666666666666,0.6666666666666666,0.16666666666666666,0.0,0.5,0.6666666666666666,Public Research-Oriented,R1,Northeast,~26k students,Stony Brook University,"- https://www.stonybrook.edu/commcms/academic_integrity/generative-ai/index.php?accordion=content-d19e272 
- https://stonybrook.edu/genai/faqs/index.php ",- https://www.stonybrook.edu/celt/innovative-technology/ai-teaching-resources.php ,"- https://ai.stonybrook.edu/   
- https://www.stonybrook.edu/genai/  ","- https://guides.library.stonybrook.edu/AI-resources 
- https://guides.library.stonybrook.edu/c.php?g=1296120 
- https://guides.library.stonybrook.edu/genai ","- https://www.stonybrook.edu/commcms/academic_integrity/faculty-and-staff/sample-syllabus-statement.php   
- https://www.stonybrook.edu/commcms/faculty-pathways/pages/syllabus.php   
- https://www.stonybrook.edu/celt/teaching-resources/aibot.php   
- https://www.stonybrook.edu/celt/innovative-technology/AI/ai-flagged-eval-process   
- https://www.stonybrook.edu/commcms/academic_integrity/generative-ai/index.php?accordion=content-d19e272 ","- https://you.stonybrook.edu/libraryai/governance/ 
- https://www.stonybrook.edu/commcms/provost/about/advisory-committees.php#view-adhoc ","- https://www.stonybrook.edu/genai/index.php 
- https://www.aldacenter.org/commcms/ceas-undergrad/student_organization/ai_community ","- https://www.stonybrook.edu/commcms/academic_integrity/generative-ai/index.php?accordion=content-d19e272
- https://stonybrook.edu/genai/faqs/index.php
- https://www.stonybrook.edu/celt/innovative-technology/ai-teaching-resources.php
- https://ai.stonybrook.edu/
- https://www.stonybrook.edu/genai/
- https://guides.library.stonybrook.edu/AI-resources
- https://guides.library.stonybrook.edu/c.php?g=1296120
- https://guides.library.stonybrook.edu/genai
- https://www.stonybrook.edu/commcms/academic_integrity/faculty-and-staff/sample-syllabus-statement.php
- https://www.stonybrook.edu/commcms/faculty-pathways/pages/syllabus.php
- https://www.stonybrook.edu/celt/teaching-resources/aibot.php
- https://www.stonybrook.edu/celt/innovative-technology/AI/ai-flagged-eval-process
- https://you.stonybrook.edu/libraryai/governance/
- https://www.stonybrook.edu/commcms/provost/about/advisory-committees.php#view-adhoc
- https://www.stonybrook.edu/genai/index.php
- https://www.aldacenter.org/commcms/ceas-undergrad/student_organization/ai_community",https://stonybrook.edu/genai/faqs/index.php; https://www.stonybrook.edu/genai/index.php; https://www.stonybrook.edu/commcms/academic_integrity/generative-ai/index.php?accordion=content-d19e272,https://www.stonybrook.edu/genai/index.php; https://www.stonybrook.edu/celt/teaching-resources/aibot.php; https://www.stonybrook.edu/commcms/academic_integrity/generative-ai/index.php?accordion=content-d19e272,https://www.stonybrook.edu/celt/innovative-technology/ai-teaching-resources.php; https://www.stonybrook.edu/celt/teaching-resources/aibot.php; https://stonybrook.edu/genai/faqs/index.php,https://www.stonybrook.edu/celt/teaching-resources/aibot.php; https://www.stonybrook.edu/celt/innovative-technology/AI/ai-flagged-eval-process; https://stonybrook.edu/genai/faqs/index.php,https://www.stonybrook.edu/genai/index.php,https://www.stonybrook.edu/commcms/faculty-pathways/pages/syllabus.php; https://www.stonybrook.edu/celt/innovative-technology/ai-teaching-resources.php; https://www.stonybrook.edu/celt/teaching-resources/aibot.php; https://www.stonybrook.edu/commcms/academic_integrity/faculty-and-staff/sample-syllabus-statement.php,https://www.stonybrook.edu/genai/index.php; https://you.stonybrook.edu/libraryai/governance/,https://www.stonybrook.edu/genai/index.php; https://you.stonybrook.edu/libraryai/governance/; https://www.aldacenter.org/commcms/ceas-undergrad/student_organization/ai_community,https://stonybrook.edu/genai/faqs/index.php; https://www.stonybrook.edu/genai/index.php; https://you.stonybrook.edu/libraryai/governance/,https://stonybrook.edu/genai/faqs/index.php; https://www.stonybrook.edu/celt/innovative-technology/AI/ai-flagged-eval-process,https://www.stonybrook.edu/celt/innovative-technology/AI/ai-flagged-eval-process; https://stonybrook.edu/genai/faqs/index.php,0.75,0.7499999999999999,0.27777777777777773,0.5833333333333333,59.02777777777777,24.0,59.09090909090909,30.5,53.703703703703695,25.0,62.222222222222214,28.0
U27,0.5,0.8333333333333334,0.5,1.0,1.0,0.6666666666666666,0.16666666666666666,0.8333333333333334,0.0,1.0,0.8333333333333334,0.6666666666666666,Public Research-Oriented,R1,Northeast,~14k students,University of New Hampshire,"- https://www.usnh.edu/it/departments/cybersecurity/cybersecurity-policies-standards/artificial-intelligence-standard 
- https://td.usnh.edu/TDClient/60/Portal/KB/ArticleDet?ID=5146 
- https://www.unh.edu/teaching-learning-resource-hub/delivery/generative-artificial-intelligence ","- https://www.unh.edu/e3/ceitl   
- https://www.unh.edu/e3/ceitl/center-excellence-innovation-teaching-learning   
- https://www.unh.edu/e3/ceitl/history-ceitl/ceitl-mission-statement   
- https://www.unh.edu/teaching-learning-resource-hub/delivery/generative-artificial-intelligence ","- https://www.usnh.edu/it/artificial-intelligence 
- https://www.unh.edu/teaching-learning-resource-hub/delivery/generative-artificial-intelligence ",- https://libraryguides.unh.edu/c.php?g=464201&p=10049703 ,- https://catalog.unh.edu/srrr/student-policies-regulations/academic-integrity/  ,- https://www.unh.edu/fac-senate/committees/ad-hoc-committees/special-committee-artificial-intelligence ,- https://www.unh.edu/career/generative-ai-career ,"- https://www.usnh.edu/it/departments/cybersecurity/cybersecurity-policies-standards/artificial-intelligence-standard
- https://td.usnh.edu/TDClient/60/Portal/KB/ArticleDet?ID=5146
- https://www.unh.edu/teaching-learning-resource-hub/delivery/generative-artificial-intelligence
- https://www.unh.edu/e3/ceitl
- https://www.unh.edu/e3/ceitl/center-excellence-innovation-teaching-learning
- https://www.unh.edu/e3/ceitl/history-ceitl/ceitl-mission-statement
- https://www.usnh.edu/it/artificial-intelligence
- https://libraryguides.unh.edu/c.php?g=464201&p=10049703
- https://catalog.unh.edu/srrr/student-policies-regulations/academic-integrity/
- https://www.unh.edu/fac-senate/committees/ad-hoc-committees/special-committee-artificial-intelligence
- https://www.unh.edu/career/generative-ai-career",https://www.unh.edu/teaching-learning-resource-hub/delivery/generative-artificial-intelligence; https://td.usnh.edu/TDClient/60/Portal/KB/ArticleDet?ID=5146; https://catalog.unh.edu/srrr/student-policies-regulations/academic-integrity/,https://catalog.unh.edu/srrr/student-policies-regulations/academic-integrity/; https://www.unh.edu/teaching-learning-resource-hub/delivery/generative-artificial-intelligence,https://www.unh.edu/teaching-learning-resource-hub/delivery/generative-artificial-intelligence; https://www.unh.edu/e3/ceitl; https://www.unh.edu/e3/ceitl/center-excellence-innovation-teaching-learning,https://www.usnh.edu/it/artificial-intelligence; https://www.unh.edu/career/career-technology/generative-ai-career,https://www.unh.edu/e3/ceitl; https://www.unh.edu/e3/ceitl/center-excellence-innovation-teaching-learning,https://www.unh.edu/teaching-learning-resource-hub/delivery/generative-artificial-intelligence; https://www.unh.edu/provost/academic-affairs/syllabus-guidance,https://www.unh.edu/fac-senate/committees/ad-hoc-committees/special-committee-artificial-intelligence; https://www.usnh.edu/it/departments/cybersecurity/cybersecurity-policies-standards/artificial-intelligence-standard,https://www.unh.edu/fac-senate/committees/ad-hoc-committees/special-committee-artificial-intelligence; https://www.usnh.edu/it/artificial-intelligence; https://td.usnh.edu/TDClient/60/Portal/KB/ArticleDet?ID=5146,https://www.usnh.edu/it/departments/cybersecurity/cybersecurity-policies-standards/artificial-intelligence-standard; https://td.usnh.edu/TDClient/60/Portal/KB/ArticleDet?ID=5146,https://www.unh.edu/teaching-learning-resource-hub/delivery/generative-artificial-intelligence,https://www.unh.edu/teaching-learning-resource-hub/delivery/generative-artificial-intelligence,0.6666666666666667,0.7083333333333333,0.6111111111111112,0.75,68.40277777777779,10.0,68.18181818181817,16.0,68.28703703703704,6.0,68.88888888888889,18.5
U27,1.0,0.5,0.5,1.0,0.8333333333333334,1.0,0.3333333333333333,1.0,0.16666666666666666,1.0,1.0,0.5,Public Research-Oriented,R1,Northeast,~14k students,University of New Hampshire,"- https://www.usnh.edu/it/departments/cybersecurity/cybersecurity-policies-standards/artificial-intelligence-standard 
- https://td.usnh.edu/TDClient/60/Portal/KB/ArticleDet?ID=5146 
- https://www.unh.edu/teaching-learning-resource-hub/delivery/generative-artificial-intelligence ","- https://www.unh.edu/e3/ceitl   
- https://www.unh.edu/e3/ceitl/center-excellence-innovation-teaching-learning   
- https://www.unh.edu/e3/ceitl/history-ceitl/ceitl-mission-statement   
- https://www.unh.edu/teaching-learning-resource-hub/delivery/generative-artificial-intelligence ","- https://www.usnh.edu/it/artificial-intelligence 
- https://www.unh.edu/teaching-learning-resource-hub/delivery/generative-artificial-intelligence ",- https://libraryguides.unh.edu/c.php?g=464201&p=10049703 ,- https://catalog.unh.edu/srrr/student-policies-regulations/academic-integrity/  ,- https://www.unh.edu/fac-senate/committees/ad-hoc-committees/special-committee-artificial-intelligence ,- https://www.unh.edu/career/generative-ai-career ,"- https://www.usnh.edu/it/departments/cybersecurity/cybersecurity-policies-standards/artificial-intelligence-standard
- https://td.usnh.edu/TDClient/60/Portal/KB/ArticleDet?ID=5146
- https://www.unh.edu/teaching-learning-resource-hub/delivery/generative-artificial-intelligence
- https://www.unh.edu/e3/ceitl
- https://www.unh.edu/e3/ceitl/center-excellence-innovation-teaching-learning
- https://www.unh.edu/e3/ceitl/history-ceitl/ceitl-mission-statement
- https://www.usnh.edu/it/artificial-intelligence
- https://libraryguides.unh.edu/c.php?g=464201&p=10049703
- https://catalog.unh.edu/srrr/student-policies-regulations/academic-integrity/
- https://www.unh.edu/fac-senate/committees/ad-hoc-committees/special-committee-artificial-intelligence
- https://www.unh.edu/career/generative-ai-career",https://td.usnh.edu/TDClient/60/Portal/KB/ArticleDet?ID=5146; https://www.unh.edu/teaching-learning-resource-hub/delivery/generative-artificial-intelligence; https://catalog.unh.edu/srrr/student-policies-regulations/academic-integrity/,https://catalog.unh.edu/srrr/student-policies-regulations/academic-integrity/; https://www.unh.edu/teaching-learning-resource-hub/delivery/generative-artificial-intelligence,https://www.unh.edu/teaching-learning-resource-hub/delivery/generative-artificial-intelligence; https://www.unh.edu/e3/ceitl,https://www.usnh.edu/it/artificial-intelligence; https://www.unh.edu/career/career-technology/generative-ai-career,https://www.unh.edu/fac-senate/committees/ad-hoc-committees/special-committee-artificial-intelligence; https://www.unh.edu/fac-senate/sites/default/files/media/2025-05/AI%20Committee%20Report%20-%20Spring%202025.pdf,https://www.unh.edu/teaching-learning-resource-hub/delivery/generative-artificial-intelligence; https://www.unh.edu/fac-senate/sites/default/files/media/2025-05/AI%20Committee%20Report%20-%20Spring%202025.pdf,https://www.usnh.edu/it/departments/cybersecurity/cybersecurity-policies-standards/artificial-intelligence-standard; https://www.unh.edu/fac-senate/committees/ad-hoc-committees/special-committee-artificial-intelligence,https://www.usnh.edu/it/departments/cybersecurity/cybersecurity-policies-standards/artificial-intelligence-standard; https://td.usnh.edu/TDClient/60/Portal/KB/ArticleDet?ID=5146; https://www.unh.edu/fac-senate/committees/ad-hoc-committees/special-committee-artificial-intelligence; https://www.unh.edu/teaching-learning-resource-hub/delivery/generative-artificial-intelligence; https://catalog.unh.edu/srrr/student-policies-regulations/academic-integrity/,https://www.usnh.edu/it/departments/cybersecurity/cybersecurity-policies-standards/artificial-intelligence-standard,https://www.unh.edu/teaching-learning-resource-hub/delivery/generative-artificial-intelligence,https://www.unh.edu/teaching-learning-resource-hub/delivery/generative-artificial-intelligence; https://catalog.unh.edu/srrr/student-policies-regulations/academic-integrity/,0.5,0.7916666666666667,0.7222222222222223,0.75,69.09722222222223,8.0,71.21212121212122,10.5,70.60185185185186,3.0,71.11111111111111,15.0
U27,1.5,0.6666666666666666,0.5,1.0,1.0,0.8333333333333334,0.16666666666666666,0.8333333333333334,0.0,0.8333333333333334,0.3333333333333333,0.5,Public Research-Oriented,R1,Northeast,~14k students,University of New Hampshire,"- https://www.usnh.edu/it/departments/cybersecurity/cybersecurity-policies-standards/artificial-intelligence-standard 
- https://td.usnh.edu/TDClient/60/Portal/KB/ArticleDet?ID=5146 
- https://www.unh.edu/teaching-learning-resource-hub/delivery/generative-artificial-intelligence ","- https://www.unh.edu/e3/ceitl   
- https://www.unh.edu/e3/ceitl/center-excellence-innovation-teaching-learning   
- https://www.unh.edu/e3/ceitl/history-ceitl/ceitl-mission-statement   
- https://www.unh.edu/teaching-learning-resource-hub/delivery/generative-artificial-intelligence ","- https://www.usnh.edu/it/artificial-intelligence 
- https://www.unh.edu/teaching-learning-resource-hub/delivery/generative-artificial-intelligence ",- https://libraryguides.unh.edu/c.php?g=464201&p=10049703 ,- https://catalog.unh.edu/srrr/student-policies-regulations/academic-integrity/  ,- https://www.unh.edu/fac-senate/committees/ad-hoc-committees/special-committee-artificial-intelligence ,- https://www.unh.edu/career/generative-ai-career ,"- https://www.usnh.edu/it/departments/cybersecurity/cybersecurity-policies-standards/artificial-intelligence-standard
- https://td.usnh.edu/TDClient/60/Portal/KB/ArticleDet?ID=5146
- https://www.unh.edu/teaching-learning-resource-hub/delivery/generative-artificial-intelligence
- https://www.unh.edu/e3/ceitl
- https://www.unh.edu/e3/ceitl/center-excellence-innovation-teaching-learning
- https://www.unh.edu/e3/ceitl/history-ceitl/ceitl-mission-statement
- https://www.usnh.edu/it/artificial-intelligence
- https://libraryguides.unh.edu/c.php?g=464201&p=10049703
- https://catalog.unh.edu/srrr/student-policies-regulations/academic-integrity/
- https://www.unh.edu/fac-senate/committees/ad-hoc-committees/special-committee-artificial-intelligence
- https://www.unh.edu/career/generative-ai-career",https://td.usnh.edu/TDClient/60/Portal/KB/ArticleDet?ID=5146; https://catalog.unh.edu/srrr/student-policies-regulations/academic-integrity/; https://www.unh.edu/student-success/sites/default/files/media/2024-09/student-ai.pdf,https://catalog.unh.edu/srrr/student-policies-regulations/academic-integrity/; https://www.unh.edu/student-success/sites/default/files/media/2024-09/student-ai.pdf; https://www.unh.edu/teaching-learning-resource-hub/delivery/generative-artificial-intelligence,https://www.unh.edu/teaching-learning-resource-hub/delivery/generative-artificial-intelligence; https://www.usnh.edu/it/artificial-intelligence,https://www.usnh.edu/it/artificial-intelligence; https://www.unh.edu/student-success/sites/default/files/media/2024-09/student-ai.pdf,https://www.unh.edu/fac-senate/committees/ad-hoc-committees/special-committee-artificial-intelligence; https://www.unh.edu/teaching-learning-resource-hub/delivery/generative-artificial-intelligence,https://www.unh.edu/teaching-learning-resource-hub/delivery/generative-artificial-intelligence; https://www.unh.edu/provost/academic-affairs/syllabus-guidance,https://www.usnh.edu/it/departments/cybersecurity/cybersecurity-policies-standards/artificial-intelligence-standard; https://www.unh.edu/fac-senate/committees/ad-hoc-committees/special-committee-artificial-intelligence,https://www.unh.edu/fac-senate/committees/ad-hoc-committees/special-committee-artificial-intelligence; https://www.usnh.edu/it/artificial-intelligence; https://www.unh.edu/teaching-learning-resource-hub/delivery/generative-artificial-intelligence,https://www.usnh.edu/it/departments/cybersecurity/cybersecurity-policies-standards/artificial-intelligence-standard,https://www.unh.edu/teaching-learning-resource-hub/delivery/generative-artificial-intelligence; https://td.usnh.edu/TDClient/60/Portal/KB/ArticleDet?ID=4655,https://www.unh.edu/teaching-learning-resource-hub/delivery/generative-artificial-intelligence,0.5833333333333333,0.75,0.5555555555555556,0.41666666666666663,57.638888888888886,27.5,60.606060606060595,28.0,54.629629629629626,22.5,61.11111111111109,31.0
U28,0.5,1.0,0.5,1.0,0.6666666666666666,1.0,0.5,0.6666666666666666,0.16666666666666666,0.3333333333333333,0.3333333333333333,0.6666666666666666,Public Research-Oriented,R1,Northeast,~20k students,University at Buffalo,"- https://www.buffalo.edu/ubit/policies/policies-standards-guidelines/ubit-guidance/generative-ai.html 
- https://www.buffalo.edu/academic-integrity/about/artificial-intelligence.html 
- https://www.buffalo.edu/academic-integrity/instructors/protect/ai-guidance.html ",- https://www.buffalo.edu/catt/ai-resources.html ,"- https://www.buffalo.edu/ai-data-science.html 
- https://www.buffalo.edu/research/research-expertise/expertise-in-ai.html ","- https://research.lib.buffalo.edu/artificial-intelligence 
- https://research.lib.buffalo.edu/ai-researchtools ","- https://www.buffalo.edu/academic-integrity/about/artificial-intelligence.html 
- https://www.buffalo.edu/academic-integrity/instructors/protect/ai-guidance.html 
- https://www.buffalo.edu/academic-integrity/about/violations.html ",- https://www.buffalo.edu/catt/ai-resources/ai-task-force-implementation-report.html ,"- https://www.buffalo.edu/ai-data-science.html   
- https://www.buffalo.edu/ai-data-science/research.html   ","- https://www.buffalo.edu/ubit/policies/policies-standards-guidelines/ubit-guidance/generative-ai.html
- https://www.buffalo.edu/academic-integrity/about/artificial-intelligence.html
- https://www.buffalo.edu/academic-integrity/instructors/protect/ai-guidance.html
- https://www.buffalo.edu/catt/ai-resources.html
- https://www.buffalo.edu/ai-data-science.html
- https://www.buffalo.edu/research/research-expertise/expertise-in-ai.html
- https://research.lib.buffalo.edu/artificial-intelligence
- https://research.lib.buffalo.edu/ai-researchtools
- https://www.buffalo.edu/academic-integrity/about/violations.html
- https://www.buffalo.edu/catt/ai-resources/ai-task-force-implementation-report.html
- https://www.buffalo.edu/ai-data-science/research.html",https://www.buffalo.edu/ubit/policies/policies-standards-guidelines/ubit-guidance/generative-ai.html,https://www.buffalo.edu/ubit/policies/policies-standards-guidelines/ubit-guidance/generative-ai.html; https://www.buffalo.edu/catt/ai-resources/ai-task-force-implementation-report.html,https://www.buffalo.edu/catt/ai-resources.html; https://www.buffalo.edu/catt/ai-resources/explore-ai.html; https://www.buffalo.edu/catt/ai-resources/department-workshops.html; https://www.buffalo.edu/academic-integrity/instructors/protect/ai-guidance.html,https://www.buffalo.edu/academic-integrity/about/artificial-intelligence.html; https://www.buffalo.edu/ubit/policies/policies-standards-guidelines/ubit-guidance/generative-ai.html,https://www.buffalo.edu/catt/ai-resources/ai-task-force-implementation-report.html,https://www.buffalo.edu/academic-integrity/instructors/protect/syllabi.html,https://www.buffalo.edu/catt/ai-resources/ai-task-force-implementation-report.html; https://www.buffalo.edu/ubit/policies/policies-standards-guidelines/ubit-guidance/generative-ai.html,https://www.buffalo.edu/catt/ai-resources/ai-task-force-implementation-report.html; https://www.buffalo.edu/academic-integrity/about/artificial-intelligence.html; https://www.buffalo.edu/academic-integrity/instructors/protect/ai-guidance.html,https://www.buffalo.edu/ubit/policies/policies-standards-guidelines/ubit-guidance/generative-ai.html; https://www.buffalo.edu/catt/ai-resources/ai-task-force-implementation-report.html; https://www.buffalo.edu/academic-integrity/instructors/protect/ai-guidance.html,https://www.buffalo.edu/academic-integrity/instructors/protect/plagiarism-and-ai-detection-tools-for-assignments.html,https://www.buffalo.edu/academic-integrity/instructors/protect/plagiarism-and-ai-detection-tools-for-assignments.html,0.75,0.7916666666666666,0.38888888888888884,0.5,60.763888888888886,23.0,62.12121212121211,29.0,55.32407407407407,24.0,64.44444444444444,28.0
U28,1.0,1.0,0.5,1.0,0.6666666666666666,1.0,0.5,0.6666666666666666,0.0,0.16666666666666666,0.5,0.5,Public Research-Oriented,R1,Northeast,~20k students,University at Buffalo,"- https://www.buffalo.edu/ubit/policies/policies-standards-guidelines/ubit-guidance/generative-ai.html 
- https://www.buffalo.edu/academic-integrity/about/artificial-intelligence.html 
- https://www.buffalo.edu/academic-integrity/instructors/protect/ai-guidance.html ",- https://www.buffalo.edu/catt/ai-resources.html ,"- https://www.buffalo.edu/ai-data-science.html 
- https://www.buffalo.edu/research/research-expertise/expertise-in-ai.html ","- https://research.lib.buffalo.edu/artificial-intelligence 
- https://research.lib.buffalo.edu/ai-researchtools ","- https://www.buffalo.edu/academic-integrity/about/artificial-intelligence.html 
- https://www.buffalo.edu/academic-integrity/instructors/protect/ai-guidance.html 
- https://www.buffalo.edu/academic-integrity/about/violations.html ",- https://www.buffalo.edu/catt/ai-resources/ai-task-force-implementation-report.html ,"- https://www.buffalo.edu/ai-data-science.html   
- https://www.buffalo.edu/ai-data-science/research.html   ","- https://www.buffalo.edu/ubit/policies/policies-standards-guidelines/ubit-guidance/generative-ai.html
- https://www.buffalo.edu/academic-integrity/about/artificial-intelligence.html
- https://www.buffalo.edu/academic-integrity/instructors/protect/ai-guidance.html
- https://www.buffalo.edu/catt/ai-resources.html
- https://www.buffalo.edu/ai-data-science.html
- https://www.buffalo.edu/research/research-expertise/expertise-in-ai.html
- https://research.lib.buffalo.edu/artificial-intelligence
- https://research.lib.buffalo.edu/ai-researchtools
- https://www.buffalo.edu/academic-integrity/about/violations.html
- https://www.buffalo.edu/catt/ai-resources/ai-task-force-implementation-report.html
- https://www.buffalo.edu/ai-data-science/research.html",https://www.buffalo.edu/ubit/policies/policies-standards-guidelines/ubit-guidance/generative-ai.html,https://www.buffalo.edu/academic-integrity/about/artificial-intelligence.html; https://www.buffalo.edu/ubit/policies/policies-standards-guidelines/ubit-guidance/generative-ai.html,https://www.buffalo.edu/catt/ai-resources.html; https://www.buffalo.edu/catt/ai-resources/explore-ai.html; https://www.buffalo.edu/academic-integrity/instructors/protect/ai-guidance.html,https://www.buffalo.edu/academic-integrity/about/artificial-intelligence.html; https://www.buffalo.edu/academic-integrity/instructors/protect/ai-guidance.html; https://www.buffalo.edu/ubit/policies/policies-standards-guidelines/ubit-guidance/generative-ai.html,https://www.buffalo.edu/catt/ai-resources/ai-task-force-implementation-report.html; https://www.buffalo.edu/content/www/catt/ai-resources/ai-task-force-implementation-report/_jcr_content/par/download/file.res/GAI_TForce_Implementation_Plan.pdf,https://www.buffalo.edu/academic-integrity/instructors/protect/ai-guidance.html; https://www.buffalo.edu/academic-integrity/instructors/protect/syllabi.html,https://www.buffalo.edu/ubit/policies/policies-standards-guidelines/ubit-guidance/generative-ai.html; https://www.buffalo.edu/content/www/catt/ai-resources/ai-task-force-implementation-report/_jcr_content/par/download/file.res/GAI_TForce_Implementation_Plan.pdf; https://www.buffalo.edu/catt/ai-resources/ai-task-force-implementation-report.html,https://www.buffalo.edu/catt/ai-resources/ai-task-force-implementation-report.html; https://www.buffalo.edu/content/www/catt/ai-resources/ai-task-force-implementation-report/_jcr_content/par/download/file.res/GAI_TForce_Implementation_Plan.pdf; https://www.buffalo.edu/ubit/policies/policies-standards-guidelines/ubit-guidance/generative-ai.html; https://www.buffalo.edu/academic-integrity/about/artificial-intelligence.html,https://www.buffalo.edu/ubit/policies/policies-standards-guidelines/ubit-guidance/generative-ai.html; https://www.buffalo.edu/catt/ai-resources/ai-task-force-implementation-report.html; https://www.buffalo.edu/academic-integrity/instructors/protect/ai-guidance.html,https://www.buffalo.edu/academic-integrity/instructors/protect/plagiarism-and-ai-detection-tools-for-assignments.html,https://www.buffalo.edu/academic-integrity/instructors/protect/plagiarism-and-ai-detection-tools-for-assignments.html; https://www.buffalo.edu/academic-integrity/instructors/process/consultative-resolution.html,0.75,0.7916666666666666,0.27777777777777773,0.5,57.98611111111111,30.5,59.09090909090908,36.5,51.62037037037036,35.0,62.222222222222214,33.0
U28,1.5,1.0,0.5,1.0,0.5,1.0,0.5,0.5,0.16666666666666666,0.0,0.5,0.8333333333333334,Public Research-Oriented,R1,Northeast,~20k students,University at Buffalo,"- https://www.buffalo.edu/ubit/policies/policies-standards-guidelines/ubit-guidance/generative-ai.html 
- https://www.buffalo.edu/academic-integrity/about/artificial-intelligence.html 
- https://www.buffalo.edu/academic-integrity/instructors/protect/ai-guidance.html ",- https://www.buffalo.edu/catt/ai-resources.html ,"- https://www.buffalo.edu/ai-data-science.html 
- https://www.buffalo.edu/research/research-expertise/expertise-in-ai.html ","- https://research.lib.buffalo.edu/artificial-intelligence 
- https://research.lib.buffalo.edu/ai-researchtools ","- https://www.buffalo.edu/academic-integrity/about/artificial-intelligence.html 
- https://www.buffalo.edu/academic-integrity/instructors/protect/ai-guidance.html 
- https://www.buffalo.edu/academic-integrity/about/violations.html ",- https://www.buffalo.edu/catt/ai-resources/ai-task-force-implementation-report.html ,"- https://www.buffalo.edu/ai-data-science.html   
- https://www.buffalo.edu/ai-data-science/research.html   ","- https://www.buffalo.edu/ubit/policies/policies-standards-guidelines/ubit-guidance/generative-ai.html
- https://www.buffalo.edu/academic-integrity/about/artificial-intelligence.html
- https://www.buffalo.edu/academic-integrity/instructors/protect/ai-guidance.html
- https://www.buffalo.edu/catt/ai-resources.html
- https://www.buffalo.edu/ai-data-science.html
- https://www.buffalo.edu/research/research-expertise/expertise-in-ai.html
- https://research.lib.buffalo.edu/artificial-intelligence
- https://research.lib.buffalo.edu/ai-researchtools
- https://www.buffalo.edu/academic-integrity/about/violations.html
- https://www.buffalo.edu/catt/ai-resources/ai-task-force-implementation-report.html
- https://www.buffalo.edu/ai-data-science/research.html",https://www.buffalo.edu/ubit/policies/policies-standards-guidelines/ubit-guidance/generative-ai.html,https://www.buffalo.edu/academic-integrity/about/artificial-intelligence.html; https://www.buffalo.edu/ubit/policies/policies-standards-guidelines/ubit-guidance/generative-ai.html,https://www.buffalo.edu/catt/ai-resources/explore-ai.html; https://www.buffalo.edu/catt/ai-resources/department-workshops.html; https://www.buffalo.edu/academic-integrity/instructors/protect/ai-guidance.html,https://www.buffalo.edu/academic-integrity/about/artificial-intelligence.html; https://www.buffalo.edu/academic-integrity/instructors/protect/ai-guidance.html,https://www.buffalo.edu/catt/ai-resources/ai-task-force-implementation-report.html,https://www.buffalo.edu/academic-integrity/instructors/protect/syllabi.html; https://www.buffalo.edu/academic-integrity/instructors/protect/ai-guidance.html,https://www.buffalo.edu/ubit/policies/policies-standards-guidelines/ubit-guidance/generative-ai.html; https://www.buffalo.edu/catt/ai-resources/ai-task-force-implementation-report.html,https://www.buffalo.edu/academic-integrity/resources/student-ambassadors.html,https://www.buffalo.edu/ubit/policies/policies-standards-guidelines/ubit-guidance/generative-ai.html; https://www.buffalo.edu/academic-integrity/about/artificial-intelligence.html; https://www.buffalo.edu/academic-integrity/instructors/protect/ai-guidance.html; https://www.buffalo.edu/catt/ai-resources/ai-task-force-implementation-report.html,https://www.buffalo.edu/academic-integrity/instructors/protect/plagiarism-and-ai-detection-tools-for-assignments.html,https://www.buffalo.edu/academic-integrity/instructors/protect/ai-guidance.html; https://www.buffalo.edu/academic-integrity/instructors/protect/plagiarism-and-ai-detection-tools-for-assignments.html,0.75,0.75,0.2222222222222222,0.6666666666666667,59.72222222222223,22.0,59.09090909090909,30.5,54.629629629629626,22.5,62.777777777777786,26.0
U29,0.5,0.5,0.5,1.0,1.0,0.0,1.0,0.0,0.0,1.0,1.0,0.5,Public Research-Oriented,R1,Northeast,~19k students,Binghamton University,"- https://www.binghamton.edu/operations/policies/policy-312.html 
- https://www.binghamton.edu/clt/resources/chat-gpt-info.html 
- https://libraryguides.binghamton.edu/ai 
- https://binghamton.teamdynamix.com/TDClient/45/Portal/KB/ArticleDet?ID=17631 ","- https://www.binghamton.edu/clt/resources/chat-gpt-info.html 
- https://www.binghamton.edu/clt/ ",,- https://libraryguides.binghamton.edu/ai ,"- https://libraryguides.binghamton.edu/ai/whattoconsider  
- https://www.binghamton.edu/operations/policies/policy-312.html ",,,"- https://www.binghamton.edu/operations/policies/policy-312.html
- https://www.binghamton.edu/clt/resources/chat-gpt-info.html
- https://libraryguides.binghamton.edu/ai
- https://binghamton.teamdynamix.com/TDClient/45/Portal/KB/ArticleDet?ID=17631
- https://www.binghamton.edu/clt/
- https://libraryguides.binghamton.edu/ai/whattoconsider",https://www.binghamton.edu/operations/policies/policy-312.html; https://www.binghamton.edu/clt/resources/chat-gpt-info.html; https://binghamton.teamdynamix.com/TDClient/45/Portal/KB/ArticleDet?ID=17631,https://www.binghamton.edu/operations/policies/policy-312.html; https://www.binghamton.edu/clt/resources/syllabus-language-for-gen-ai-august-2023.pdf,https://www.binghamton.edu/clt/resources/chat-gpt-info.html; https://www.binghamton.edu/clt/,https://binghamton.teamdynamix.com/TDClient/45/Portal/KB/ArticleDet?ID=17631; https://www.binghamton.edu/clt/resources/syllabus-language-for-gen-ai-august-2023.pdf,https://www.binghamton.edu/operations/policies/policy-312.html; https://www.binghamton.edu/clt/resources/chat-gpt-info.html; https://www.binghamton.edu/clt/; https://binghamton.teamdynamix.com/TDClient/45/Portal/KB/ArticleDet?ID=17631,https://www.binghamton.edu/clt/resources/chat-gpt-info.html; https://www.binghamton.edu/clt/resources/syllabus-language-for-gen-ai-august-2023.pdf,https://www.binghamton.edu/operations/policies/policy-312.html; https://www.binghamton.edu/clt/resources/chat-gpt-info.html,https://www.binghamton.edu/operations/policies/policy-312.html; https://www.binghamton.edu/clt/resources/chat-gpt-info.html,https://www.binghamton.edu/operations/policies/policy-312.html,https://www.binghamton.edu/clt/resources/chat-gpt-info.html,https://www.binghamton.edu/operations/policies/policy-312.html; https://www.binghamton.edu/clt/resources/chat-gpt-info.html,0.5,0.75,0.3333333333333333,0.75,58.33333333333333,31.0,59.09090909090909,35.0,56.94444444444444,20.0,61.66666666666667,33.0
U29,1.0,0.5,0.5,1.0,1.0,0.0,1.0,0.0,0.0,1.0,1.0,0.5,Public Research-Oriented,R1,Northeast,~19k students,Binghamton University,"- https://www.binghamton.edu/operations/policies/policy-312.html 
- https://www.binghamton.edu/clt/resources/chat-gpt-info.html 
- https://libraryguides.binghamton.edu/ai 
- https://binghamton.teamdynamix.com/TDClient/45/Portal/KB/ArticleDet?ID=17631 ","- https://www.binghamton.edu/clt/resources/chat-gpt-info.html 
- https://www.binghamton.edu/clt/ ",,- https://libraryguides.binghamton.edu/ai ,"- https://libraryguides.binghamton.edu/ai/whattoconsider  
- https://www.binghamton.edu/operations/policies/policy-312.html ",,,"- https://www.binghamton.edu/operations/policies/policy-312.html
- https://www.binghamton.edu/clt/resources/chat-gpt-info.html
- https://libraryguides.binghamton.edu/ai
- https://binghamton.teamdynamix.com/TDClient/45/Portal/KB/ArticleDet?ID=17631
- https://www.binghamton.edu/clt/
- https://libraryguides.binghamton.edu/ai/whattoconsider",https://www.binghamton.edu/clt/resources/chat-gpt-info.html; https://www.binghamton.edu/operations/policies/policy-312.html,https://www.binghamton.edu/clt/resources/syllabus-language-for-gen-ai-august-2023.pdf; https://www.binghamton.edu/clt/resources/chat-gpt-info.html,https://www.binghamton.edu/clt/resources/chat-gpt-info.html; https://www.binghamton.edu/clt/,https://www.binghamton.edu/clt/resources/syllabus-language-for-gen-ai-august-2023.pdf; https://binghamton.teamdynamix.com/TDClient/45/Portal/KB/ArticleDet?ID=17631,https://www.binghamton.edu/clt/; https://www.binghamton.edu/clt/resources/chat-gpt-info.html; https://www.binghamton.edu/operations/policies/policy-312.html,https://www.binghamton.edu/clt/; https://www.binghamton.edu/clt/resources/syllabus-language-for-gen-ai-august-2023.pdf,https://www.binghamton.edu/operations/policies/policy-312.html,https://www.binghamton.edu/operations/policies/policy-312.html,https://www.binghamton.edu/operations/policies/policy-312.html,https://www.binghamton.edu/clt/resources/chat-gpt-info.html,https://www.binghamton.edu/operations/policies/policy-312.html; https://www.binghamton.edu/clt/resources/chat-gpt-info.html,0.5,0.75,0.3333333333333333,0.75,58.33333333333333,28.0,59.09090909090909,32.5,56.94444444444444,26.0,61.66666666666667,34.0
U29,1.5,0.5,0.5,1.0,1.0,0.0,1.0,0.0,0.0,1.0,1.0,0.16666666666666666,Public Research-Oriented,R1,Northeast,~19k students,Binghamton University,"- https://www.binghamton.edu/operations/policies/policy-312.html 
- https://www.binghamton.edu/clt/resources/chat-gpt-info.html 
- https://libraryguides.binghamton.edu/ai 
- https://binghamton.teamdynamix.com/TDClient/45/Portal/KB/ArticleDet?ID=17631 ","- https://www.binghamton.edu/clt/resources/chat-gpt-info.html 
- https://www.binghamton.edu/clt/ ",,- https://libraryguides.binghamton.edu/ai ,"- https://libraryguides.binghamton.edu/ai/whattoconsider  
- https://www.binghamton.edu/operations/policies/policy-312.html ",,,"- https://www.binghamton.edu/operations/policies/policy-312.html
- https://www.binghamton.edu/clt/resources/chat-gpt-info.html
- https://libraryguides.binghamton.edu/ai
- https://binghamton.teamdynamix.com/TDClient/45/Portal/KB/ArticleDet?ID=17631
- https://www.binghamton.edu/clt/
- https://libraryguides.binghamton.edu/ai/whattoconsider",https://www.binghamton.edu/clt/resources/chat-gpt-info.html; https://www.binghamton.edu/operations/policies/policy-312.html,https://www.binghamton.edu/clt/resources/syllabus-language-for-gen-ai-august-2023.pdf; https://www.binghamton.edu/clt/resources/chat-gpt-info.html,https://www.binghamton.edu/clt/resources/chat-gpt-info.html; https://www.binghamton.edu/clt/resources/ai-for-teaching-in-higher-education.pdf,https://www.binghamton.edu/clt/resources/syllabus-language-for-gen-ai-august-2023.pdf; https://www.binghamton.edu/clt/resources/ai-for-teaching-in-higher-education.pdf,https://www.binghamton.edu/clt/resources/chat-gpt-info.html; https://www.binghamton.edu/operations/policies/policy-312.html; https://www.binghamton.edu/clt/,https://www.binghamton.edu/clt/resources/syllabus-language-for-gen-ai-august-2023.pdf; https://www.binghamton.edu/clt/resources/chat-gpt-info.html,https://www.binghamton.edu/operations/policies/policy-312.html; https://www.binghamton.edu/clt/,https://www.binghamton.edu/operations/policies/policy-312.html; https://www.binghamton.edu/clt/,https://www.binghamton.edu/operations/policies/policy-312.html,https://www.binghamton.edu/clt/resources/chat-gpt-info.html,https://www.binghamton.edu/operations/policies/policy-312.html; https://www.binghamton.edu/clt/resources/chat-gpt-info.html,0.5,0.75,0.3333333333333333,0.5833333333333334,54.166666666666664,33.5,56.06060606060607,34.5,51.388888888888886,29.5,58.333333333333336,34.0
U3,0.5,1.0,0.5,1.0,1.0,0.6666666666666666,1.0,1.0,0.5,0.5,0.5,0.0,Public Research-Oriented,R1,South,~32k students,University of North Carolina at Chapel Hill,"- https://ai.unc.edu/teaching-generative-ai-usage-guidance/   
- https://ai.unc.edu/research-generative-ai-usage-guidance/   
- https://ai.unc.edu/staff-generative-ai-usage-guidance/   
- https://provost.unc.edu/discover-ai-at-carolina/ ",- https://ai.unc.edu/teaching/ ,"- https://ai.unc.edu/   
- https://renci.org/   
- https://engageai.org/   ","- https://library.unc.edu/ai/ 
- https://guides.lib.unc.edu/artificial-intelligence "," - https://ai.unc.edu/research-generative-ai-usage-guidance/   
- https://ai.unc.edu/staff-generative-ai-usage-guidance/   
- https://honor.unc.edu   
- https://guides.lib.unc.edu/GenAI/ethics ",- https://chancellor.unc.edu/wp-content/uploads/sites/1276/2024/09/UNC-Chapel-Hill-Generative-AI-Working-Group-Report.pdf ,,"- https://ai.unc.edu/teaching-generative-ai-usage-guidance/
- https://ai.unc.edu/research-generative-ai-usage-guidance/
- https://ai.unc.edu/staff-generative-ai-usage-guidance/
- https://provost.unc.edu/discover-ai-at-carolina/
- https://ai.unc.edu/teaching/
- https://ai.unc.edu/
- https://renci.org/
- https://engageai.org/
- https://library.unc.edu/ai/
- https://guides.lib.unc.edu/artificial-intelligence
- https://honor.unc.edu
- https://guides.lib.unc.edu/GenAI/ethics
- https://chancellor.unc.edu/wp-content/uploads/sites/1276/2024/09/UNC-Chapel-Hill-Generative-AI-Working-Group-Report.pdf",https://ai.unc.edu/research-generative-ai-usage-guidance/; https://ai.unc.edu/ai-guidance-for-faculty/; https://chancellor.unc.edu/wp-content/uploads/sites/1276/2024/09/UNC-Chapel-Hill-Generative-AI-Working-Group-Report.pdf,https://ai.unc.edu/ai-guidance-for-faculty/; https://ai.unc.edu/wp-content/uploads/sites/1362/2025/03/UNC-Using-AI-Appropriately.pdf; https://ai.unc.edu/research-generative-ai-usage-guidance/,https://ai.unc.edu/teaching/; https://ai.unc.edu/ai-guidance-for-faculty/; https://cfe.unc.edu/resource/teaching-and-generative-artificial-intelligence/,https://ai.unc.edu/teaching-generative-ai-usage-guidance/; https://ai.unc.edu/ai-guidance-for-faculty/,https://cfe.unc.edu/resource/teaching-and-generative-artificial-intelligence/; https://chancellor.unc.edu/wp-content/uploads/sites/1276/2024/09/UNC-Chapel-Hill-Generative-AI-Working-Group-Report.pdf,https://ai.unc.edu/ai-guidance-for-faculty/; https://ai.unc.edu/teaching/,https://ai.unc.edu/research-generative-ai-usage-guidance/; https://ai.unc.edu/teaching-generative-ai-usage-guidance/; https://ai.unc.edu/staff-generative-ai-usage-guidance/; https://chancellor.unc.edu/wp-content/uploads/sites/1276/2024/09/UNC-Chapel-Hill-Generative-AI-Working-Group-Report.pdf,https://library.unc.edu/ai/,https://ai.unc.edu/teaching-generative-ai-usage-guidance/; https://ai.unc.edu/research-generative-ai-usage-guidance/; https://ai.unc.edu/staff-generative-ai-usage-guidance/,https://ai.unc.edu/teaching-generative-ai-usage-guidance/,https://ai.unc.edu/teaching-generative-ai-usage-guidance/; https://ai.unc.edu/ai-guidance-for-faculty/; https://ai.unc.edu/wp-content/uploads/sites/1362/2025/03/UNC-Using-AI-Appropriately.pdf; https://studentconduct.unc.edu/student-code-of-conduct/,0.75,0.9166666666666666,0.6666666666666666,0.25,64.58333333333333,17.0,69.69696969696969,13.0,58.333333333333336,18.0,70.0,14.5
U3,1.0,1.0,0.5,1.0,1.0,0.8333333333333334,1.0,1.0,0.6666666666666666,0.3333333333333333,0.5,0.0,Public Research-Oriented,R1,South,~32k students,University of North Carolina at Chapel Hill,"- https://ai.unc.edu/teaching-generative-ai-usage-guidance/   
- https://ai.unc.edu/research-generative-ai-usage-guidance/   
- https://ai.unc.edu/staff-generative-ai-usage-guidance/   
- https://provost.unc.edu/discover-ai-at-carolina/ ",- https://ai.unc.edu/teaching/ ,"- https://ai.unc.edu/   
- https://renci.org/   
- https://engageai.org/   ","- https://library.unc.edu/ai/ 
- https://guides.lib.unc.edu/artificial-intelligence "," - https://ai.unc.edu/research-generative-ai-usage-guidance/   
- https://ai.unc.edu/staff-generative-ai-usage-guidance/   
- https://honor.unc.edu   
- https://guides.lib.unc.edu/GenAI/ethics ",- https://chancellor.unc.edu/wp-content/uploads/sites/1276/2024/09/UNC-Chapel-Hill-Generative-AI-Working-Group-Report.pdf ,,"- https://ai.unc.edu/teaching-generative-ai-usage-guidance/
- https://ai.unc.edu/research-generative-ai-usage-guidance/
- https://ai.unc.edu/staff-generative-ai-usage-guidance/
- https://provost.unc.edu/discover-ai-at-carolina/
- https://ai.unc.edu/teaching/
- https://ai.unc.edu/
- https://renci.org/
- https://engageai.org/
- https://library.unc.edu/ai/
- https://guides.lib.unc.edu/artificial-intelligence
- https://honor.unc.edu
- https://guides.lib.unc.edu/GenAI/ethics
- https://chancellor.unc.edu/wp-content/uploads/sites/1276/2024/09/UNC-Chapel-Hill-Generative-AI-Working-Group-Report.pdf",https://ai.unc.edu/teaching-generative-ai-usage-guidance/; https://chancellor.unc.edu/wp-content/uploads/sites/1276/2024/09/UNC-Chapel-Hill-Generative-AI-Working-Group-Report.pdf,https://ai.unc.edu/ai-guidance-for-faculty/,https://ai.unc.edu/teaching/; https://ai.unc.edu/teaching-generative-ai-usage-guidance/,https://ai.unc.edu/teaching-generative-ai-usage-guidance/; https://ai.unc.edu/ai-guidance-for-faculty/,https://chancellor.unc.edu/wp-content/uploads/sites/1276/2024/09/UNC-Chapel-Hill-Generative-AI-Working-Group-Report.pdf,https://ai.unc.edu/ai-guidance-for-faculty/; https://ai.unc.edu/teaching/,https://provost.unc.edu/discover-ai-at-carolina/; https://ai.unc.edu/staff-generative-ai-usage-guidance/; https://chancellor.unc.edu/wp-content/uploads/sites/1276/2024/09/UNC-Chapel-Hill-Generative-AI-Working-Group-Report.pdf,https://chancellor.unc.edu/wp-content/uploads/sites/1276/2024/09/UNC-Chapel-Hill-Generative-AI-Working-Group-Report.pdf,https://ai.unc.edu/staff-generative-ai-usage-guidance/,https://ai.unc.edu/teaching-generative-ai-usage-guidance/,https://policies.unc.edu/TDClient/2833/Portal/KB/ArticleDet?ID=152518; https://policies.unc.edu/TDClient/2833/Portal/KB/ArticleDet?ID=152440,0.75,0.9583333333333334,0.6666666666666666,0.25,65.625,14.5,71.21212121212122,10.5,59.02777777777778,19.5,71.66666666666667,13.5
U3,1.5,1.0,0.6666666666666666,1.0,1.0,0.5,1.0,1.0,0.5,0.3333333333333333,0.6666666666666666,0.0,Public Research-Oriented,R1,South,~32k students,University of North Carolina at Chapel Hill,"- https://ai.unc.edu/teaching-generative-ai-usage-guidance/   
- https://ai.unc.edu/research-generative-ai-usage-guidance/   
- https://ai.unc.edu/staff-generative-ai-usage-guidance/   
- https://provost.unc.edu/discover-ai-at-carolina/ ",- https://ai.unc.edu/teaching/ ,"- https://ai.unc.edu/   
- https://renci.org/   
- https://engageai.org/   ","- https://library.unc.edu/ai/ 
- https://guides.lib.unc.edu/artificial-intelligence "," - https://ai.unc.edu/research-generative-ai-usage-guidance/   
- https://ai.unc.edu/staff-generative-ai-usage-guidance/   
- https://honor.unc.edu   
- https://guides.lib.unc.edu/GenAI/ethics ",- https://chancellor.unc.edu/wp-content/uploads/sites/1276/2024/09/UNC-Chapel-Hill-Generative-AI-Working-Group-Report.pdf ,,"- https://ai.unc.edu/teaching-generative-ai-usage-guidance/
- https://ai.unc.edu/research-generative-ai-usage-guidance/
- https://ai.unc.edu/staff-generative-ai-usage-guidance/
- https://provost.unc.edu/discover-ai-at-carolina/
- https://ai.unc.edu/teaching/
- https://ai.unc.edu/
- https://renci.org/
- https://engageai.org/
- https://library.unc.edu/ai/
- https://guides.lib.unc.edu/artificial-intelligence
- https://honor.unc.edu
- https://guides.lib.unc.edu/GenAI/ethics
- https://chancellor.unc.edu/wp-content/uploads/sites/1276/2024/09/UNC-Chapel-Hill-Generative-AI-Working-Group-Report.pdf",https://ai.unc.edu/research-generative-ai-usage-guidance/; https://ai.unc.edu/staff-generative-ai-usage-guidance/; https://chancellor.unc.edu/wp-content/uploads/sites/1276/2024/09/UNC-Chapel-Hill-Generative-AI-Working-Group-Report.pdf; https://ai.unc.edu/ai-guidance-for-faculty/,https://ai.unc.edu/ai-guidance-for-faculty/; https://ai.unc.edu/teaching-generative-ai-usage-guidance/,https://ai.unc.edu/teaching/; https://ai.unc.edu/teaching-generative-ai-usage-guidance/; https://ai.unc.edu/ai-guidance-for-faculty/,https://ai.unc.edu/teaching-generative-ai-usage-guidance/; https://ai.unc.edu/ai-guidance-for-faculty/,https://ai.unc.edu/teaching-generative-ai-usage-guidance/; https://provost.unc.edu/discover-ai-at-carolina/the-provost-offices-ai-committee/,https://ai.unc.edu/ai-guidance-for-faculty/; https://ai.unc.edu/teaching/,https://provost.unc.edu/discover-ai-at-carolina/the-provost-offices-ai-committee/; https://provost.unc.edu/discover-ai-at-carolina/,https://provost.unc.edu/discover-ai-at-carolina/the-provost-offices-ai-committee/,https://ai.unc.edu/teaching-generative-ai-usage-guidance/; https://ai.unc.edu/research-generative-ai-usage-guidance/; https://ai.unc.edu/staff-generative-ai-usage-guidance/,https://ai.unc.edu/teaching-generative-ai-usage-guidance/,https://ai.unc.edu/teaching-generative-ai-usage-guidance/; https://honor.unc.edu/,0.8333333333333333,0.875,0.611111111111111,0.3333333333333333,66.31944444444444,10.0,69.69696969696969,9.0,59.953703703703695,16.0,70.55555555555554,11.0
U30,0.5,0.0,0.0,0.5,0.0,0.0,0.0,0.0,0.0,0.0,0.0,0.0,Public Research-Oriented,R2,Northeast,~8k students,University of Massachusetts at Dartmouth,,- https://www.umassd.edu/ofd/resources/teaching-and-learning-resources/ ,,- https://guides.lib.umassd.edu/citingAI ,,,,"- https://www.umassd.edu/ofd/resources/teaching-and-learning-resources/
- https://guides.lib.umassd.edu/citingAI",https://guides.lib.umassd.edu/citingAI,https://guides.lib.umassd.edu/citingAI,https://www.umassd.edu/ofd/resources/teaching-and-learning-resources/,https://www.umassd.edu/ofd/resources/teaching-and-learning-resources/,https://www.umassd.edu/ofd/resources/teaching-and-learning-resources/,https://www.umassd.edu/ofd/resources/teaching-and-learning-resources/,https://www.umassd.edu/ofd/resources/teaching-and-learning-resources/; https://guides.lib.umassd.edu/citingAI,https://www.umassd.edu/ofd/resources/teaching-and-learning-resources/; https://guides.lib.umassd.edu/citingAI,https://www.umassd.edu/ofd/resources/teaching-and-learning-resources/; https://guides.lib.umassd.edu/citingAI,https://www.umassd.edu/ofd/resources/teaching-and-learning-resources/; https://guides.lib.umassd.edu/citingAI,https://www.umassd.edu/ofd/resources/teaching-and-learning-resources/; https://guides.lib.umassd.edu/citingAI,0.0,0.125,0.0,0.0,3.125,74.0,4.545454545454546,74.0,2.083333333333333,74.0,5.0,74.0
U30,1.0,0.0,0.0,0.5,0.0,0.0,0.0,0.0,0.0,0.0,0.0,0.0,Public Research-Oriented,R2,Northeast,~8k students,University of Massachusetts at Dartmouth,,- https://www.umassd.edu/ofd/resources/teaching-and-learning-resources/ ,,- https://guides.lib.umassd.edu/citingAI ,,,,"- https://www.umassd.edu/ofd/resources/teaching-and-learning-resources/
- https://guides.lib.umassd.edu/citingAI",https://www.umassd.edu/ofd/resources/teaching-and-learning-resources/,https://guides.lib.umassd.edu/citingAI,https://www.umassd.edu/ofd/resources/teaching-and-learning-resources/,https://www.umassd.edu/ofd/resources/teaching-and-learning-resources/,https://www.umassd.edu/ofd/resources/teaching-and-learning-resources/,https://www.umassd.edu/ofd/resources/teaching-and-learning-resources/,https://www.umassd.edu/ofd/resources/teaching-and-learning-resources/,https://www.umassd.edu/ofd/resources/teaching-and-learning-resources/,https://www.umassd.edu/ofd/resources/teaching-and-learning-resources/,https://www.umassd.edu/ofd/resources/teaching-and-learning-resources/,https://www.umassd.edu/ofd/resources/teaching-and-learning-resources/,0.0,0.125,0.0,0.0,3.125,74.0,4.545454545454546,74.0,2.083333333333333,74.0,5.0,74.0
U30,1.5,0.16666666666666666,0.16666666666666666,0.5,0.0,0.0,0.0,0.0,0.0,0.0,0.0,0.0,Public Research-Oriented,R2,Northeast,~8k students,University of Massachusetts at Dartmouth,,- https://www.umassd.edu/ofd/resources/teaching-and-learning-resources/ ,,- https://guides.lib.umassd.edu/citingAI ,,,,"- https://www.umassd.edu/ofd/resources/teaching-and-learning-resources/
- https://guides.lib.umassd.edu/citingAI",https://www.umassd.edu/ofd/resources/teaching-and-learning-resources/; https://guides.lib.umassd.edu/citingAI,https://guides.lib.umassd.edu/citingAI,https://www.umassd.edu/ofd/resources/teaching-and-learning-resources/,https://www.umassd.edu/ofd/resources/teaching-and-learning-resources/,https://www.umassd.edu/ofd/resources/teaching-and-learning-resources/,https://www.umassd.edu/ofd/resources/teaching-and-learning-resources/,https://www.umassd.edu/ofd/resources/teaching-and-learning-resources/,https://www.umassd.edu/ofd/resources/teaching-and-learning-resources/,https://www.umassd.edu/ofd/resources/teaching-and-learning-resources/,https://www.umassd.edu/ofd/resources/teaching-and-learning-resources/,https://www.umassd.edu/ofd/resources/teaching-and-learning-resources/,0.16666666666666666,0.125,0.0,0.0,7.291666666666666,75.0,7.575757575757574,74.5,4.861111111111111,75.0,8.333333333333332,74.0
U31,0.5,0.5,0.5,1.0,0.8333333333333334,0.8333333333333334,1.0,0.5,0.0,0.5,1.0,0.8333333333333334,Public Research-Oriented,R2,Northeast,~24k students,Rowan University,- https://confluence.rowan.edu/display/POLICY/Artificial%2BIntelligence%2BPolicy   ,"- https://sites.rowan.edu/academic-affairs/facultycenter/profdevelopment/plc/   
- https://libguides.rowan.edu/GenAI/faculty   
- https://libguides.rowan.edu/GenAI ","- https://engineering.rowan.edu/mavrc/   
- https://engineering.rowan.edu/mavrc/research/   
- https://research.rowan.edu/explore-our-research/ai-digital-transformation.html ",- https://libguides.rowan.edu/GenAI   ,"- https://sites.rowan.edu/academic-affairs/academic_integrity/   
- https://sites.rowan.edu/academic-affairs/facultycenter/resources/generative-ai/   
- https://libguides.rowan.edu/GenAI/students ",,,"- https://confluence.rowan.edu/display/POLICY/Artificial%2BIntelligence%2BPolicy
- https://sites.rowan.edu/academic-affairs/facultycenter/profdevelopment/plc/
- https://libguides.rowan.edu/GenAI/faculty
- https://libguides.rowan.edu/GenAI
- https://engineering.rowan.edu/mavrc/
- https://engineering.rowan.edu/mavrc/research/
- https://research.rowan.edu/explore-our-research/ai-digital-transformation.html
- https://sites.rowan.edu/academic-affairs/academic_integrity/
- https://sites.rowan.edu/academic-affairs/facultycenter/resources/generative-ai/
- https://libguides.rowan.edu/GenAI/students",https://sites.rowan.edu/academic-affairs/facultycenter/resources/generative-ai/; https://confluence.rowan.edu/spaces/POLICY/pages/242092056/Artificial+Intelligence+Policy,https://sites.rowan.edu/academic-affairs/facultycenter/resources/generative-ai/,https://sites.rowan.edu/academic-affairs/facultycenter/resources/generative-ai/,https://sites.rowan.edu/academic-affairs/facultycenter/resources/generative-ai/,https://sites.rowan.edu/academic-affairs/facultycenter/resources/generative-ai/,https://sites.rowan.edu/academic-affairs/facultycenter/resources/generative-ai/,https://sites.rowan.edu/academic-affairs/facultycenter/resources/generative-ai/,https://confluence.rowan.edu/spaces/POLICY/pages/242092056/Artificial+Intelligence+Policy; https://sites.rowan.edu/academic-affairs/facultycenter/resources/generative-ai/; https://sites.rowan.edu/academic-affairs/academic_integrity/,https://confluence.rowan.edu/spaces/POLICY/pages/242092056/Artificial+Intelligence+Policy,https://sites.rowan.edu/academic-affairs/facultycenter/resources/generative-ai/,https://sites.rowan.edu/academic-affairs/facultycenter/resources/generative-ai/,0.5,0.9166666666666667,0.3333333333333333,0.9166666666666667,66.66666666666667,13.0,68.18181818181817,16.0,65.27777777777779,9.0,71.66666666666669,10.0
U31,1.0,0.6666666666666666,0.5,1.0,0.6666666666666666,0.8333333333333334,1.0,0.5,0.0,0.5,1.0,0.6666666666666666,Public Research-Oriented,R2,Northeast,~24k students,Rowan University,- https://confluence.rowan.edu/display/POLICY/Artificial%2BIntelligence%2BPolicy   ,"- https://sites.rowan.edu/academic-affairs/facultycenter/profdevelopment/plc/   
- https://libguides.rowan.edu/GenAI/faculty   
- https://libguides.rowan.edu/GenAI ","- https://engineering.rowan.edu/mavrc/   
- https://engineering.rowan.edu/mavrc/research/   
- https://research.rowan.edu/explore-our-research/ai-digital-transformation.html ",- https://libguides.rowan.edu/GenAI   ,"- https://sites.rowan.edu/academic-affairs/academic_integrity/   
- https://sites.rowan.edu/academic-affairs/facultycenter/resources/generative-ai/   
- https://libguides.rowan.edu/GenAI/students ",,,"- https://confluence.rowan.edu/display/POLICY/Artificial%2BIntelligence%2BPolicy
- https://sites.rowan.edu/academic-affairs/facultycenter/profdevelopment/plc/
- https://libguides.rowan.edu/GenAI/faculty
- https://libguides.rowan.edu/GenAI
- https://engineering.rowan.edu/mavrc/
- https://engineering.rowan.edu/mavrc/research/
- https://research.rowan.edu/explore-our-research/ai-digital-transformation.html
- https://sites.rowan.edu/academic-affairs/academic_integrity/
- https://sites.rowan.edu/academic-affairs/facultycenter/resources/generative-ai/
- https://libguides.rowan.edu/GenAI/students",https://libguides.rowan.edu/GenAI/what; https://sites.rowan.edu/academic-affairs/facultycenter/resources/generative-ai/; https://confluence.rowan.edu/display/POLICY/Artificial%2BIntelligence%2BPolicy,https://sites.rowan.edu/academic-affairs/facultycenter/resources/generative-ai/; https://libguides.rowan.edu/GenAI/students,https://sites.rowan.edu/academic-affairs/facultycenter/resources/generative-ai/; https://libguides.rowan.edu/GenAI/faculty,https://sites.rowan.edu/academic-affairs/facultycenter/resources/generative-ai/,https://sites.rowan.edu/academic-affairs/facultycenter/profdevelopment/plc/,https://sites.rowan.edu/academic-affairs/facultycenter/resources/generative-ai/; https://libguides.rowan.edu/GenAI/faculty,https://sites.rowan.edu/academic-affairs/facultycenter/resources/generative-ai/,https://confluence.rowan.edu/display/POLICY/Artificial%2BIntelligence%2BPolicy; https://sites.rowan.edu/academic-affairs/facultycenter/resources/generative-ai/; https://sites.rowan.edu/academic-affairs/academic_integrity/; https://libguides.rowan.edu/GenAI; https://libguides.rowan.edu/GenAI/students,https://confluence.rowan.edu/display/POLICY/Artificial%2BIntelligence%2BPolicy,https://sites.rowan.edu/academic-affairs/facultycenter/resources/generative-ai/,https://sites.rowan.edu/academic-affairs/facultycenter/resources/generative-ai/,0.5833333333333333,0.875,0.3333333333333333,0.8333333333333333,65.625,14.5,66.66666666666666,20.0,63.19444444444444,9.0,70.0,17.5
U31,1.5,0.6666666666666666,0.5,1.0,0.5,0.6666666666666666,0.8333333333333334,0.6666666666666666,0.0,0.5,1.0,0.6666666666666666,Public Research-Oriented,R2,Northeast,~24k students,Rowan University,- https://confluence.rowan.edu/display/POLICY/Artificial%2BIntelligence%2BPolicy   ,"- https://sites.rowan.edu/academic-affairs/facultycenter/profdevelopment/plc/   
- https://libguides.rowan.edu/GenAI/faculty   
- https://libguides.rowan.edu/GenAI ","- https://engineering.rowan.edu/mavrc/   
- https://engineering.rowan.edu/mavrc/research/   
- https://research.rowan.edu/explore-our-research/ai-digital-transformation.html ",- https://libguides.rowan.edu/GenAI   ,"- https://sites.rowan.edu/academic-affairs/academic_integrity/   
- https://sites.rowan.edu/academic-affairs/facultycenter/resources/generative-ai/   
- https://libguides.rowan.edu/GenAI/students ",,,"- https://confluence.rowan.edu/display/POLICY/Artificial%2BIntelligence%2BPolicy
- https://sites.rowan.edu/academic-affairs/facultycenter/profdevelopment/plc/
- https://libguides.rowan.edu/GenAI/faculty
- https://libguides.rowan.edu/GenAI
- https://engineering.rowan.edu/mavrc/
- https://engineering.rowan.edu/mavrc/research/
- https://research.rowan.edu/explore-our-research/ai-digital-transformation.html
- https://sites.rowan.edu/academic-affairs/academic_integrity/
- https://sites.rowan.edu/academic-affairs/facultycenter/resources/generative-ai/
- https://libguides.rowan.edu/GenAI/students",https://confluence.rowan.edu/display/POLICY/Technology%2BTerms%2Band%2BDefinitions,https://confluence.rowan.edu/display/POLICY/Academic%2BIntegrity%2BPolicy; https://sites.rowan.edu/academic-affairs/facultycenter/resources/generative-ai/,https://sites.rowan.edu/academic-affairs/facultycenter/resources/generative-ai/,https://confluence.rowan.edu/display/POLICY/Academic%2BIntegrity%2BPolicy; https://sites.rowan.edu/academic-affairs/facultycenter/resources/generative-ai/,https://sites.rowan.edu/academic-affairs/facultycenter/profdevelopment/plc/,https://sites.rowan.edu/academic-affairs/facultycenter/resources/generative-ai/,https://confluence.rowan.edu/display/POLICY/Artificial%2BIntelligence%2BPolicy,https://confluence.rowan.edu/display/POLICY/Artificial%2BIntelligence%2BPolicy,https://confluence.rowan.edu/display/POLICY/Artificial%2BIntelligence%2BPolicy,https://sites.rowan.edu/academic-affairs/facultycenter/resources/generative-ai/,https://sites.rowan.edu/academic-affairs/facultycenter/resources/generative-ai/,0.5833333333333333,0.75,0.38888888888888884,0.8333333333333333,63.888888888888886,17.0,63.636363636363626,21.0,62.962962962962955,7.0,66.11111111111111,19.5
U32,0.5,1.0,0.6666666666666666,0.8333333333333334,0.5,0.16666666666666666,0.0,0.16666666666666666,0.0,0.5,0.0,0.16666666666666666,Public Research-Oriented,R2,Northeast,~18k students,Kean University,"- https://www.kean.edu/academic-integrity   
- https://www.kean.edu/media/academic-integrity-policy-0 
- https://www.kean.edu/media/computer-related-acceptable-use-policy 
- https://libguides.kean.edu/AI ",- https://www.kean.edu/center-teaching-excellence ,,"- https://libguides.kean.edu/AI 
- https://libguides.kean.edu/AIdatabasetools ","- https://www.kean.edu/academic-integrity   
- https://www.kean.edu/media/academic-integrity-policy   ",,,"- https://www.kean.edu/academic-integrity
- https://www.kean.edu/media/academic-integrity-policy-0
- https://www.kean.edu/media/computer-related-acceptable-use-policy
- https://libguides.kean.edu/AI
- https://www.kean.edu/center-teaching-excellence
- https://libguides.kean.edu/AIdatabasetools
- https://www.kean.edu/media/academic-integrity-policy",https://www.kean.edu/media/academic-integrity-policy-0; https://www.kean.edu/media/academic-integrity-policy,https://www.kean.edu/media/academic-integrity-policy-0; https://www.kean.edu/media/academic-integrity-policy,https://www.kean.edu/academic-integrity/resources-faculty; https://www.kean.edu/academic-integrity/announcement-faculty-and-staff; https://www.kean.edu/center-teaching-excellence,https://www.kean.edu/media/academic-integrity-policy-0; https://www.kean.edu/media/academic-integrity-policy,https://www.kean.edu/center-teaching-excellence; https://www.kean.edu/academic-integrity/resources-faculty; https://www.kean.edu/academic-integrity/announcement-faculty-and-staff,https://www.kean.edu/media/academic-integrity-policy-0; https://www.kean.edu/academic-integrity/resources-faculty; https://www.kean.edu/center-teaching-excellence,https://www.kean.edu/academic-integrity/announcement-faculty-and-staff; https://www.kean.edu/academic-integrity/announcement-students,https://www.kean.edu/academic-integrity/announcement-students; https://www.kean.edu/media/academic-integrity-policy-0,https://www.kean.edu/academic-integrity; https://www.kean.edu/academic-integrity/announcement-faculty-and-staff; https://www.kean.edu/academic-integrity/announcement-students; https://www.kean.edu/media/academic-integrity-policy-0,https://www.kean.edu/media/academic-integrity-policy-0; https://www.kean.edu/media/academic-integrity-policy,https://www.kean.edu/media/academic-integrity-policy-0; https://www.kean.edu/media/academic-integrity-policy,0.8333333333333333,0.37500000000000006,0.2222222222222222,0.08333333333333333,37.847222222222214,59.0,36.36363636363637,62.0,30.324074074074076,60.0,37.777777777777786,62.0
U32,1.0,1.0,0.5,0.5,0.3333333333333333,0.0,0.0,0.3333333333333333,0.16666666666666666,0.3333333333333333,0.0,0.16666666666666666,Public Research-Oriented,R2,Northeast,~18k students,Kean University,"- https://www.kean.edu/academic-integrity   
- https://www.kean.edu/media/academic-integrity-policy-0 
- https://www.kean.edu/media/computer-related-acceptable-use-policy 
- https://libguides.kean.edu/AI ",- https://www.kean.edu/center-teaching-excellence ,,"- https://libguides.kean.edu/AI 
- https://libguides.kean.edu/AIdatabasetools ","- https://www.kean.edu/academic-integrity   
- https://www.kean.edu/media/academic-integrity-policy   ",,,"- https://www.kean.edu/academic-integrity
- https://www.kean.edu/media/academic-integrity-policy-0
- https://www.kean.edu/media/computer-related-acceptable-use-policy
- https://libguides.kean.edu/AI
- https://www.kean.edu/center-teaching-excellence
- https://libguides.kean.edu/AIdatabasetools
- https://www.kean.edu/media/academic-integrity-policy",https://www.kean.edu/media/academic-integrity-policy-0; https://www.kean.edu/media/academic-integrity-policy,https://www.kean.edu/media/academic-integrity-policy-0; https://www.kean.edu/media/academic-integrity-policy,https://www.kean.edu/academic-integrity/resources-faculty; https://www.kean.edu/media/computer-related-acceptable-use-policy; https://www.kean.edu/center-teaching-excellence,https://www.kean.edu/media/computer-related-acceptable-use-policy; https://www.kean.edu/media/academic-integrity-policy-0; https://www.kean.edu/media/academic-integrity-policy,https://www.kean.edu/center-teaching-excellence; https://www.kean.edu/academic-integrity/resources-faculty; https://www.kean.edu/media/computer-related-acceptable-use-policy,https://www.kean.edu/media/academic-integrity-policy-0; https://www.kean.edu/academic-integrity/resources-faculty; https://www.kean.edu/center-teaching-excellence,https://www.kean.edu/media/computer-related-acceptable-use-policy; https://www.kean.edu/media/academic-integrity-policy-0; https://www.kean.edu/academic-integrity,https://www.kean.edu/media/computer-related-acceptable-use-policy; https://www.kean.edu/media/academic-integrity-policy-0; https://www.kean.edu/academic-integrity,https://www.kean.edu/media/computer-related-acceptable-use-policy; https://www.kean.edu/media/academic-integrity-policy-0; https://www.kean.edu/academic-integrity,https://www.kean.edu/media/academic-integrity-policy-0; https://www.kean.edu/media/academic-integrity-policy,https://www.kean.edu/media/academic-integrity-policy-0; https://www.kean.edu/media/academic-integrity-policy,0.75,0.20833333333333331,0.27777777777777773,0.08333333333333333,32.98611111111111,63.0,30.303030303030297,65.0,28.009259259259263,61.0,30.555555555555546,65.0
U32,1.5,1.0,0.6666666666666666,0.5,0.5,0.3333333333333333,0.3333333333333333,0.5,0.16666666666666666,0.5,0.0,0.16666666666666666,Public Research-Oriented,R2,Northeast,~18k students,Kean University,"- https://www.kean.edu/academic-integrity   
- https://www.kean.edu/media/academic-integrity-policy-0 
- https://www.kean.edu/media/computer-related-acceptable-use-policy 
- https://libguides.kean.edu/AI ",- https://www.kean.edu/center-teaching-excellence ,,"- https://libguides.kean.edu/AI 
- https://libguides.kean.edu/AIdatabasetools ","- https://www.kean.edu/academic-integrity   
- https://www.kean.edu/media/academic-integrity-policy   ",,,"- https://www.kean.edu/academic-integrity
- https://www.kean.edu/media/academic-integrity-policy-0
- https://www.kean.edu/media/computer-related-acceptable-use-policy
- https://libguides.kean.edu/AI
- https://www.kean.edu/center-teaching-excellence
- https://libguides.kean.edu/AIdatabasetools
- https://www.kean.edu/media/academic-integrity-policy",https://www.kean.edu/media/academic-integrity-policy-0; https://www.kean.edu/media/academic-integrity-policy,https://www.kean.edu/media/academic-integrity-policy-0; https://www.kean.edu/media/academic-integrity-policy,https://www.kean.edu/academic-integrity/resources-faculty; https://www.kean.edu/center-teaching-excellence,https://www.kean.edu/media/academic-integrity-policy-0; https://www.kean.edu/media/academic-integrity-policy,https://www.kean.edu/academic-integrity/announcement-faculty-and-staff; https://www.kean.edu/academic-integrity/announcement-students,https://www.kean.edu/media/academic-integrity-policy-0; https://www.kean.edu/academic-integrity/announcement-faculty-and-staff,https://www.kean.edu/academic-integrity/announcement-faculty-and-staff,https://www.kean.edu/academic-integrity/announcement-faculty-and-staff; https://www.kean.edu/academic-integrity/announcement-students,https://www.kean.edu/academic-integrity/announcement-faculty-and-staff; https://www.kean.edu/academic-integrity/announcement-students; https://www.kean.edu/academic-integrity,https://www.kean.edu/media/academic-integrity-policy-0; https://www.kean.edu/media/academic-integrity-policy,https://www.kean.edu/media/academic-integrity-policy-0; https://www.kean.edu/media/academic-integrity-policy,0.8333333333333333,0.41666666666666663,0.38888888888888884,0.08333333333333333,43.05555555555555,53.0,42.42424242424242,57.5,36.57407407407407,55.0,42.77777777777778,58.5
U33,0.5,0.6666666666666666,1.0,1.0,1.0,0.5,0.6666666666666666,0.3333333333333333,0.3333333333333333,0.5,0.8333333333333334,0.5,Public Research-Oriented,R2,Northeast,~18k students,Montclair State University,"- https://www.montclair.edu/faculty-excellence/ofe-teaching-principles/clear-course-design/practical-responses-to-chat-gpt/9569-2/ 
- https://www.montclair.edu/policies/all-policies/academic-integrity/ 
- https://www.montclair.edu/policies/all-policies/code-of-conduct/ ","- https://www.montclair.edu/itds/instructional-tech/ai/ 
- https://www.montclair.edu/faculty-excellence/ofe-teaching-principles/clear-course-design/practical-responses-to-chat-gpt/ 
- https://www.montclair.edu/faculty-excellence/category/generative-ai/ ","- https://www.montclairai.com/home 
- https://www.montclair.edu/itds/digital-pedagogy/pedagogical-strategies-and-practices/ai/ ",- https://montclair.libguides.com/ai ,"- https://www.montclair.edu/policies/all-policies/academic-integrity/   
- https://www.montclair.edu/itds/digital-pedagogy/pedagogical-strategies-and-practices/ai/ ",- https://www.montclair.edu/provost/blue-ribbon-task-force/ ,- https://www.montclair.edu/itds/instructional-tech/ai/image-generation/ ,"- https://www.montclair.edu/faculty-excellence/ofe-teaching-principles/clear-course-design/practical-responses-to-chat-gpt/9569-2/
- https://www.montclair.edu/policies/all-policies/academic-integrity/
- https://www.montclair.edu/policies/all-policies/code-of-conduct/
- https://www.montclair.edu/itds/instructional-tech/ai/
- https://www.montclair.edu/faculty-excellence/ofe-teaching-principles/clear-course-design/practical-responses-to-chat-gpt/
- https://www.montclair.edu/faculty-excellence/category/generative-ai/
- https://www.montclairai.com/home
- https://www.montclair.edu/itds/digital-pedagogy/pedagogical-strategies-and-practices/ai/
- https://montclair.libguides.com/ai
- https://www.montclair.edu/provost/blue-ribbon-task-force/
- https://www.montclair.edu/itds/instructional-tech/ai/image-generation/",https://www.montclair.edu/itds/instructional-tech/ai/,https://www.montclair.edu/policies/all-policies/academic-integrity/,https://www.montclair.edu/itds/instructional-tech/ai/; https://www.montclair.edu/itds/digital-pedagogy/pedagogical-strategies-and-practices/ai/,https://www.montclair.edu/itds/digital-pedagogy/pedagogical-strategies-and-practices/ai/,https://www.montclair.edu/provost/blue-ribbon-task-force-members/; https://www.montclairai.com/home,https://www.montclair.edu/faculty-excellence/ofe-teaching-principles/clear-course-design/practical-responses-to-chat-gpt/9569-2/; https://www.montclair.edu/itds/digital-pedagogy/pedagogical-strategies-and-practices/ai/,https://www.montclair.edu/provost/blue-ribbon-task-force/; https://www.montclair.edu/provost/blue-ribbon-task-force-members/,https://www.montclair.edu/provost/blue-ribbon-task-force/; https://www.montclair.edu/policies/all-policies/code-of-conduct/,https://www.montclair.edu/policies/all-policies/academic-integrity/,https://www.montclair.edu/itds/instructional-tech/ai/text-detection/,https://www.montclair.edu/itds/instructional-tech/ai/text-detection/; https://www.montclair.edu/policies/all-policies/academic-integrity/,0.8333333333333333,0.7916666666666666,0.38888888888888884,0.6666666666666667,67.01388888888889,12.0,66.66666666666667,19.5,62.268518518518526,14.0,69.44444444444444,16.5
U33,1.0,1.0,1.0,1.0,1.0,0.5,0.8333333333333334,0.5,0.5,0.5,1.0,0.6666666666666666,Public Research-Oriented,R2,Northeast,~18k students,Montclair State University,"- https://www.montclair.edu/faculty-excellence/ofe-teaching-principles/clear-course-design/practical-responses-to-chat-gpt/9569-2/ 
- https://www.montclair.edu/policies/all-policies/academic-integrity/ 
- https://www.montclair.edu/policies/all-policies/code-of-conduct/ ","- https://www.montclair.edu/itds/instructional-tech/ai/ 
- https://www.montclair.edu/faculty-excellence/ofe-teaching-principles/clear-course-design/practical-responses-to-chat-gpt/ 
- https://www.montclair.edu/faculty-excellence/category/generative-ai/ ","- https://www.montclairai.com/home 
- https://www.montclair.edu/itds/digital-pedagogy/pedagogical-strategies-and-practices/ai/ ",- https://montclair.libguides.com/ai ,"- https://www.montclair.edu/policies/all-policies/academic-integrity/   
- https://www.montclair.edu/itds/digital-pedagogy/pedagogical-strategies-and-practices/ai/ ",- https://www.montclair.edu/provost/blue-ribbon-task-force/ ,- https://www.montclair.edu/itds/instructional-tech/ai/image-generation/ ,"- https://www.montclair.edu/faculty-excellence/ofe-teaching-principles/clear-course-design/practical-responses-to-chat-gpt/9569-2/
- https://www.montclair.edu/policies/all-policies/academic-integrity/
- https://www.montclair.edu/policies/all-policies/code-of-conduct/
- https://www.montclair.edu/itds/instructional-tech/ai/
- https://www.montclair.edu/faculty-excellence/ofe-teaching-principles/clear-course-design/practical-responses-to-chat-gpt/
- https://www.montclair.edu/faculty-excellence/category/generative-ai/
- https://www.montclairai.com/home
- https://www.montclair.edu/itds/digital-pedagogy/pedagogical-strategies-and-practices/ai/
- https://montclair.libguides.com/ai
- https://www.montclair.edu/provost/blue-ribbon-task-force/
- https://www.montclair.edu/itds/instructional-tech/ai/image-generation/",https://www.montclair.edu/itds/instructional-tech/ai/,https://www.montclair.edu/policies/all-policies/academic-integrity/; https://www.montclair.edu/faculty-excellence/ofe-teaching-principles/clear-course-design/practical-responses-to-chat-gpt/citing-chatgpt-and-other-generative-ai/?wp_logged_in=true,https://www.montclair.edu/faculty-excellence/ofe-teaching-principles/clear-course-design/practical-responses-to-chat-gpt/; https://www.montclair.edu/itds/digital-pedagogy/pedagogical-strategies-and-practices/ai/; https://www.montclair.edu/itds/instructional-tech/ai/,https://www.montclair.edu/itds/digital-pedagogy/pedagogical-strategies-and-practices/ai/; https://www.montclair.edu/itds/instructional-tech/ai/image-generation/,https://www.montclair.edu/faculty-excellence/ofe-teaching-principles/clear-course-design/practical-responses-to-chat-gpt/,https://www.montclair.edu/faculty-excellence/ofe-teaching-principles/clear-course-design/practical-responses-to-chat-gpt/9569-2/; https://www.montclair.edu/itds/digital-pedagogy/pedagogical-strategies-and-practices/ai/,https://www.montclair.edu/provost/blue-ribbon-task-force/,https://www.montclair.edu/provost/blue-ribbon-task-force/,https://www.montclair.edu/policies/all-policies/academic-integrity/,https://www.montclair.edu/itds/instructional-tech/ai/text-detection/; https://www.montclair.edu/faculty-excellence/ofe-teaching-principles/clear-course-design/practical-responses-to-chat-gpt/,https://www.montclair.edu/itds/instructional-tech/ai/text-detection/,1.0,0.8333333333333334,0.5,0.8333333333333333,79.16666666666667,2.0,77.27272727272727,2.5,75.0,2.0,80.0,2.0
U33,1.5,0.6666666666666666,1.0,1.0,1.0,0.6666666666666666,0.6666666666666666,0.3333333333333333,0.3333333333333333,0.3333333333333333,1.0,0.3333333333333333,Public Research-Oriented,R2,Northeast,~18k students,Montclair State University,"- https://www.montclair.edu/faculty-excellence/ofe-teaching-principles/clear-course-design/practical-responses-to-chat-gpt/9569-2/ 
- https://www.montclair.edu/policies/all-policies/academic-integrity/ 
- https://www.montclair.edu/policies/all-policies/code-of-conduct/ ","- https://www.montclair.edu/itds/instructional-tech/ai/ 
- https://www.montclair.edu/faculty-excellence/ofe-teaching-principles/clear-course-design/practical-responses-to-chat-gpt/ 
- https://www.montclair.edu/faculty-excellence/category/generative-ai/ ","- https://www.montclairai.com/home 
- https://www.montclair.edu/itds/digital-pedagogy/pedagogical-strategies-and-practices/ai/ ",- https://montclair.libguides.com/ai ,"- https://www.montclair.edu/policies/all-policies/academic-integrity/   
- https://www.montclair.edu/itds/digital-pedagogy/pedagogical-strategies-and-practices/ai/ ",- https://www.montclair.edu/provost/blue-ribbon-task-force/ ,- https://www.montclair.edu/itds/instructional-tech/ai/image-generation/ ,"- https://www.montclair.edu/faculty-excellence/ofe-teaching-principles/clear-course-design/practical-responses-to-chat-gpt/9569-2/
- https://www.montclair.edu/policies/all-policies/academic-integrity/
- https://www.montclair.edu/policies/all-policies/code-of-conduct/
- https://www.montclair.edu/itds/instructional-tech/ai/
- https://www.montclair.edu/faculty-excellence/ofe-teaching-principles/clear-course-design/practical-responses-to-chat-gpt/
- https://www.montclair.edu/faculty-excellence/category/generative-ai/
- https://www.montclairai.com/home
- https://www.montclair.edu/itds/digital-pedagogy/pedagogical-strategies-and-practices/ai/
- https://montclair.libguides.com/ai
- https://www.montclair.edu/provost/blue-ribbon-task-force/
- https://www.montclair.edu/itds/instructional-tech/ai/image-generation/",https://www.montclair.edu/itds/instructional-tech/ai/; https://www.montclair.edu/policies/all-policies/academic-integrity/,https://www.montclair.edu/faculty-excellence/ofe-teaching-principles/clear-course-design/practical-responses-to-chat-gpt/citing-chatgpt-and-other-generative-ai/?wp_logged_in=true,https://www.montclair.edu/itds/instructional-tech/ai/; https://www.montclair.edu/faculty-excellence/ofe-teaching-principles/clear-course-design/practical-responses-to-chat-gpt/,https://www.montclair.edu/itds/digital-pedagogy/pedagogical-strategies-and-practices/ai/; https://www.montclair.edu/policies/all-policies/academic-integrity/,https://www.montclair.edu/faculty-excellence/ofe-teaching-principles/clear-course-design/practical-responses-to-chat-gpt/ai-writing-detection/,https://www.montclair.edu/faculty-excellence/ofe-teaching-principles/clear-course-design/practical-responses-to-chat-gpt/9569-2/,https://www.montclair.edu/faculty-excellence/ofe-teaching-principles/clear-course-design/practical-responses-to-chat-gpt/ai-writing-detection/,https://www.montclair.edu/policies/all-policies/academic-integrity/; https://www.montclair.edu/policies/all-policies/code-of-conduct/; https://www.montclair.edu/itds/instructional-tech/ai/; https://www.montclair.edu/faculty-excellence/category/generative-ai/; https://www.montclair.edu/provost/blue-ribbon-task-force/,https://www.montclair.edu/policies/all-policies/academic-integrity/; https://www.montclair.edu/faculty-excellence/ofe-teaching-principles/clear-course-design/practical-responses-to-chat-gpt/citing-chatgpt-and-other-generative-ai/?wp_logged_in=true,https://www.montclair.edu/faculty-excellence/ofe-teaching-principles/clear-course-design/practical-responses-to-chat-gpt/ai-writing-detection/; https://www.montclair.edu/faculty-excellence/ofe-teaching-principles/clear-course-design/practical-responses-to-chat-gpt/,https://www.montclair.edu/policies/all-policies/academic-integrity/; https://www.montclair.edu/faculty-excellence/ofe-teaching-principles/clear-course-design/practical-responses-to-chat-gpt/,0.8333333333333333,0.8333333333333333,0.3333333333333333,0.6666666666666666,66.66666666666666,9.0,66.66666666666666,16.5,61.11111111111111,13.0,70.0,12.5
U34,0.5,1.0,0.5,1.0,0.5,1.0,0.5,1.0,0.8333333333333334,0.0,0.0,0.16666666666666666,Private Research-Oriented,R1,South,~12k students,Howard University,"- https://provost.howard.edu/initial-howard-university-guidelines-use-generative-ai-tools   
- https://howard.edu/ai ","- https://provost.howard.edu/cetla/AI   
- https://provost.howard.edu/cetla/generativeAI ","- https://howard.edu/ai   
- https://provost.howard.edu/CADSA   
- https://provost.howard.edu/datascience  
- https://rita.howard.edu/ ",- https://howardcollege.libguides.com/AIToolbox ,"- https://provost.howard.edu/initial-howard-university-guidelines-use-generative-ai-tools 
- https://provost.howard.edu/cetla/generativeAI 
- https://provost.howard.edu/cetla/AI   ",- https://howard.edu/ai/advisory-council ," - https://provost.howard.edu/cetla/generativeAI   
- https://ai4pc.howard.edu/   
- https://rcmi.howard.edu/vadsti24/   ","- https://provost.howard.edu/initial-howard-university-guidelines-use-generative-ai-tools
- https://howard.edu/ai
- https://provost.howard.edu/cetla/AI
- https://provost.howard.edu/cetla/generativeAI
- https://provost.howard.edu/CADSA
- https://provost.howard.edu/datascience
- https://rita.howard.edu/
- https://howardcollege.libguides.com/AIToolbox
- https://howard.edu/ai/advisory-council
- https://ai4pc.howard.edu/
- https://rcmi.howard.edu/vadsti24/",https://provost.howard.edu/initial-howard-university-guidelines-use-generative-ai-tools; https://provost.howard.edu/cetla/generativeAI,https://provost.howard.edu/initial-howard-university-guidelines-use-generative-ai-tools,https://provost.howard.edu/cetla/AI; https://provost.howard.edu/initial-howard-university-guidelines-use-generative-ai-tools,https://provost.howard.edu/cetla/AI,https://provost.howard.edu/cetla/AI,https://provost.howard.edu/cetla/AI,https://howard.edu/ai/advisory-council,https://howard.edu/ai/advisory-council,https://howard.edu/ai/advisory-council; https://provost.howard.edu/initial-howard-university-guidelines-use-generative-ai-tools; https://provost.howard.edu/cetla/AI; https://provost.howard.edu/cetla/generativeAI; https://howard.edu/ai,https://provost.howard.edu/initial-howard-university-guidelines-use-generative-ai-tools; https://provost.howard.edu/cetla/AI; https://provost.howard.edu/cetla/generativeAI; https://howard.edu/ai,https://provost.howard.edu/initial-howard-university-guidelines-use-generative-ai-tools,0.75,0.75,0.6111111111111112,0.08333333333333333,54.861111111111114,36.0,59.09090909090909,35.0,48.148148148148145,38.0,58.88888888888889,36.5
U34,1.0,1.0,0.5,1.0,0.6666666666666666,1.0,0.5,1.0,0.5,0.0,0.0,0.0,Private Research-Oriented,R1,South,~12k students,Howard University,"- https://provost.howard.edu/initial-howard-university-guidelines-use-generative-ai-tools   
- https://howard.edu/ai ","- https://provost.howard.edu/cetla/AI   
- https://provost.howard.edu/cetla/generativeAI ","- https://howard.edu/ai   
- https://provost.howard.edu/CADSA   
- https://provost.howard.edu/datascience  
- https://rita.howard.edu/ ",- https://howardcollege.libguides.com/AIToolbox ,"- https://provost.howard.edu/initial-howard-university-guidelines-use-generative-ai-tools 
- https://provost.howard.edu/cetla/generativeAI 
- https://provost.howard.edu/cetla/AI   ",- https://howard.edu/ai/advisory-council ," - https://provost.howard.edu/cetla/generativeAI   
- https://ai4pc.howard.edu/   
- https://rcmi.howard.edu/vadsti24/   ","- https://provost.howard.edu/initial-howard-university-guidelines-use-generative-ai-tools
- https://howard.edu/ai
- https://provost.howard.edu/cetla/AI
- https://provost.howard.edu/cetla/generativeAI
- https://provost.howard.edu/CADSA
- https://provost.howard.edu/datascience
- https://rita.howard.edu/
- https://howardcollege.libguides.com/AIToolbox
- https://howard.edu/ai/advisory-council
- https://ai4pc.howard.edu/
- https://rcmi.howard.edu/vadsti24/",https://provost.howard.edu/initial-howard-university-guidelines-use-generative-ai-tools; https://provost.howard.edu/cetla/generativeAI,https://provost.howard.edu/initial-howard-university-guidelines-use-generative-ai-tools,https://provost.howard.edu/cetla/AI,https://provost.howard.edu/cetla/AI,https://provost.howard.edu/cetla/AI,https://provost.howard.edu/cetla/AI,https://howard.edu/ai/advisory-council,https://howard.edu/ai/advisory-council,https://howard.edu/ai; https://howard.edu/ai/advisory-council; https://provost.howard.edu/initial-howard-university-guidelines-use-generative-ai-tools,https://provost.howard.edu/initial-howard-university-guidelines-use-generative-ai-tools; https://provost.howard.edu/cetla/AI; https://provost.howard.edu/cetla/generativeAI,https://provost.howard.edu/initial-howard-university-guidelines-use-generative-ai-tools,0.75,0.7916666666666666,0.5,0.0,51.041666666666664,44.0,56.060606060606055,39.5,42.36111111111111,48.0,56.666666666666664,40.5
U34,1.5,0.8333333333333334,0.5,1.0,0.5,0.8333333333333334,0.3333333333333333,1.0,0.6666666666666666,0.0,0.0,0.16666666666666666,Private Research-Oriented,R1,South,~12k students,Howard University,"- https://provost.howard.edu/initial-howard-university-guidelines-use-generative-ai-tools   
- https://howard.edu/ai ","- https://provost.howard.edu/cetla/AI   
- https://provost.howard.edu/cetla/generativeAI ","- https://howard.edu/ai   
- https://provost.howard.edu/CADSA   
- https://provost.howard.edu/datascience  
- https://rita.howard.edu/ ",- https://howardcollege.libguides.com/AIToolbox ,"- https://provost.howard.edu/initial-howard-university-guidelines-use-generative-ai-tools 
- https://provost.howard.edu/cetla/generativeAI 
- https://provost.howard.edu/cetla/AI   ",- https://howard.edu/ai/advisory-council ," - https://provost.howard.edu/cetla/generativeAI   
- https://ai4pc.howard.edu/   
- https://rcmi.howard.edu/vadsti24/   ","- https://provost.howard.edu/initial-howard-university-guidelines-use-generative-ai-tools
- https://howard.edu/ai
- https://provost.howard.edu/cetla/AI
- https://provost.howard.edu/cetla/generativeAI
- https://provost.howard.edu/CADSA
- https://provost.howard.edu/datascience
- https://rita.howard.edu/
- https://howardcollege.libguides.com/AIToolbox
- https://howard.edu/ai/advisory-council
- https://ai4pc.howard.edu/
- https://rcmi.howard.edu/vadsti24/",https://provost.howard.edu/initial-howard-university-guidelines-use-generative-ai-tools; https://provost.howard.edu/cetla/generativeAI,https://provost.howard.edu/initial-howard-university-guidelines-use-generative-ai-tools,https://provost.howard.edu/cetla/AI; https://provost.howard.edu/cetla/generativeAI,https://provost.howard.edu/cetla/generativeAI; https://provost.howard.edu/cetla/AI,https://provost.howard.edu/cetla/AI,https://provost.howard.edu/initial-howard-university-guidelines-use-generative-ai-tools; https://provost.howard.edu/cetla/generativeAI; https://provost.howard.edu/cetla/AI,https://howard.edu/ai/advisory-council; https://howard.edu/ai,https://howard.edu/ai/advisory-council,https://howard.edu/ai/advisory-council; https://howard.edu/ai,https://provost.howard.edu/initial-howard-university-guidelines-use-generative-ai-tools; https://provost.howard.edu/cetla/generativeAI,https://provost.howard.edu/initial-howard-university-guidelines-use-generative-ai-tools,0.6666666666666667,0.6666666666666667,0.5555555555555555,0.08333333333333333,49.30555555555555,43.5,53.03030303030303,41.0,43.51851851851852,43.0,52.77777777777778,45.0
U35,0.5,0.5,0.3333333333333333,1.0,0.5,0.8333333333333334,0.5,1.0,0.8333333333333334,0.5,0.3333333333333333,0.3333333333333333,Private Research-Oriented,R1,South,~20k students,Baylor University,"- https://its.web.baylor.edu/ai   
- https://honorcode.web.baylor.edu/academic-integrity-office/students-and-academic-integrity   
- https://honorcode.web.baylor.edu/academic-integrity-office/faculty-resources/suggestions-dealing-artificial-intelligence-ai-produced   
- https://libguides.baylor.edu/students-chatGPT/cheating ","- https://atl.web.baylor.edu/   
- https://atl.web.baylor.edu/resources/ai-resources ",- https://its.web.baylor.edu/ai ,"- https://libguides.baylor.edu/ai_toolkit_text 
- https://libguides.baylor.edu/local_ai_workshop 
- https://libguides.baylor.edu/students-chatGPT ","- https://honorcode.web.baylor.edu/academic-integrity-office/faculty-resources/suggestions-dealing-artificial-intelligence-ai-produced 
- https://honorcode.web.baylor.edu/academic-integrity-office/students-and-academic-integrity ","- https://provost.web.baylor.edu/ai 
- https://atl.web.baylor.edu/resources/ai-resources ",- https://ethics.web.baylor.edu/  ,"- https://its.web.baylor.edu/ai
- https://honorcode.web.baylor.edu/academic-integrity-office/students-and-academic-integrity
- https://honorcode.web.baylor.edu/academic-integrity-office/faculty-resources/suggestions-dealing-artificial-intelligence-ai-produced
- https://libguides.baylor.edu/students-chatGPT/cheating
- https://atl.web.baylor.edu/
- https://atl.web.baylor.edu/resources/ai-resources
- https://libguides.baylor.edu/ai_toolkit_text
- https://libguides.baylor.edu/local_ai_workshop
- https://libguides.baylor.edu/students-chatGPT
- https://provost.web.baylor.edu/ai
- https://ethics.web.baylor.edu/",https://its.web.baylor.edu/ai,https://its.web.baylor.edu/ai,https://atl.web.baylor.edu/resources/ai-resources; https://honorcode.web.baylor.edu/academic-integrity-office/faculty-resources/suggestions-dealing-artificial-intelligence-ai-produced; https://its.web.baylor.edu/ai,https://its.web.baylor.edu/ai; https://honorcode.web.baylor.edu/academic-integrity-office/faculty-resources/suggestions-dealing-artificial-intelligence-ai-produced; https://atl.web.baylor.edu/resources/ai-resources,https://atl.web.baylor.edu/resources/ai-resources,https://honorcode.web.baylor.edu/academic-integrity-office/faculty-resources/suggestions-dealing-artificial-intelligence-ai-produced,https://provost.web.baylor.edu/ai,https://provost.web.baylor.edu/ai,https://honorcode.web.baylor.edu/academic-integrity-office/faculty-resources/suggestions-dealing-artificial-intelligence-ai-produced,https://honorcode.web.baylor.edu/academic-integrity-office/faculty-resources/suggestions-dealing-artificial-intelligence-ai-produced,https://honorcode.web.baylor.edu/academic-integrity-office/faculty-resources/suggestions-dealing-artificial-intelligence-ai-produced; https://honorcode.web.baylor.edu/sites/g/files/ecbvkj911/files/2023-04/AI_Detection_Added_to_Turnitin_Notice_to_Faculty--April_3_2023.pdf,0.41666666666666663,0.7083333333333334,0.7777777777777778,0.3333333333333333,55.90277777777778,34.0,60.60606060606061,30.5,55.78703703703704,21.0,58.88888888888889,36.5
U35,1.0,0.5,0.16666666666666666,1.0,0.5,0.3333333333333333,0.3333333333333333,1.0,0.5,0.3333333333333333,1.0,0.5,Private Research-Oriented,R1,South,~20k students,Baylor University,"- https://its.web.baylor.edu/ai   
- https://honorcode.web.baylor.edu/academic-integrity-office/students-and-academic-integrity   
- https://honorcode.web.baylor.edu/academic-integrity-office/faculty-resources/suggestions-dealing-artificial-intelligence-ai-produced   
- https://libguides.baylor.edu/students-chatGPT/cheating ","- https://atl.web.baylor.edu/   
- https://atl.web.baylor.edu/resources/ai-resources ",- https://its.web.baylor.edu/ai ,"- https://libguides.baylor.edu/ai_toolkit_text 
- https://libguides.baylor.edu/local_ai_workshop 
- https://libguides.baylor.edu/students-chatGPT ","- https://honorcode.web.baylor.edu/academic-integrity-office/faculty-resources/suggestions-dealing-artificial-intelligence-ai-produced 
- https://honorcode.web.baylor.edu/academic-integrity-office/students-and-academic-integrity ","- https://provost.web.baylor.edu/ai 
- https://atl.web.baylor.edu/resources/ai-resources ",- https://ethics.web.baylor.edu/  ,"- https://its.web.baylor.edu/ai
- https://honorcode.web.baylor.edu/academic-integrity-office/students-and-academic-integrity
- https://honorcode.web.baylor.edu/academic-integrity-office/faculty-resources/suggestions-dealing-artificial-intelligence-ai-produced
- https://libguides.baylor.edu/students-chatGPT/cheating
- https://atl.web.baylor.edu/
- https://atl.web.baylor.edu/resources/ai-resources
- https://libguides.baylor.edu/ai_toolkit_text
- https://libguides.baylor.edu/local_ai_workshop
- https://libguides.baylor.edu/students-chatGPT
- https://provost.web.baylor.edu/ai
- https://ethics.web.baylor.edu/",https://its.web.baylor.edu/ai; https://honorcode.web.baylor.edu/academic-integrity-office/students-and-academic-integrity; https://honorcode.web.baylor.edu/academic-integrity-office/faculty-resources/suggestions-dealing-artificial-intelligence-ai-produced,https://its.web.baylor.edu/ai; https://honorcode.web.baylor.edu/academic-integrity-office/faculty-resources/suggestions-dealing-artificial-intelligence-ai-produced,https://atl.web.baylor.edu/resources/ai-resources; https://its.web.baylor.edu/ai; https://honorcode.web.baylor.edu/academic-integrity-office/faculty-resources/suggestions-dealing-artificial-intelligence-ai-produced,https://honorcode.web.baylor.edu/academic-integrity-office/students-and-academic-integrity; https://honorcode.web.baylor.edu/academic-integrity-office/faculty-resources/suggestions-dealing-artificial-intelligence-ai-produced,https://atl.web.baylor.edu/resources/ai-resources; https://provost.web.baylor.edu/ai,https://honorcode.web.baylor.edu/academic-integrity-office/faculty-resources/suggestions-dealing-artificial-intelligence-ai-produced; https://provost.web.baylor.edu/ai,https://provost.web.baylor.edu/ai; https://its.web.baylor.edu/ai,https://provost.web.baylor.edu/ai,https://honorcode.web.baylor.edu/academic-integrity-office/faculty-resources/suggestions-dealing-artificial-intelligence-ai-produced; https://its.web.baylor.edu/ai,https://honorcode.web.baylor.edu/academic-integrity-office/faculty-resources/suggestions-dealing-artificial-intelligence-ai-produced,https://its.web.baylor.edu/ai,0.3333333333333333,0.5416666666666666,0.611111111111111,0.75,55.90277777777778,36.0,56.060606060606055,39.5,59.95370370370371,16.0,55.55555555555556,43.0
U35,1.5,0.5,0.5,1.0,0.16666666666666666,0.5,0.16666666666666666,1.0,0.6666666666666666,0.3333333333333333,0.0,0.3333333333333333,Private Research-Oriented,R1,South,~20k students,Baylor University,"- https://its.web.baylor.edu/ai   
- https://honorcode.web.baylor.edu/academic-integrity-office/students-and-academic-integrity   
- https://honorcode.web.baylor.edu/academic-integrity-office/faculty-resources/suggestions-dealing-artificial-intelligence-ai-produced   
- https://libguides.baylor.edu/students-chatGPT/cheating ","- https://atl.web.baylor.edu/   
- https://atl.web.baylor.edu/resources/ai-resources ",- https://its.web.baylor.edu/ai ,"- https://libguides.baylor.edu/ai_toolkit_text 
- https://libguides.baylor.edu/local_ai_workshop 
- https://libguides.baylor.edu/students-chatGPT ","- https://honorcode.web.baylor.edu/academic-integrity-office/faculty-resources/suggestions-dealing-artificial-intelligence-ai-produced 
- https://honorcode.web.baylor.edu/academic-integrity-office/students-and-academic-integrity ","- https://provost.web.baylor.edu/ai 
- https://atl.web.baylor.edu/resources/ai-resources ",- https://ethics.web.baylor.edu/  ,"- https://its.web.baylor.edu/ai
- https://honorcode.web.baylor.edu/academic-integrity-office/students-and-academic-integrity
- https://honorcode.web.baylor.edu/academic-integrity-office/faculty-resources/suggestions-dealing-artificial-intelligence-ai-produced
- https://libguides.baylor.edu/students-chatGPT/cheating
- https://atl.web.baylor.edu/
- https://atl.web.baylor.edu/resources/ai-resources
- https://libguides.baylor.edu/ai_toolkit_text
- https://libguides.baylor.edu/local_ai_workshop
- https://libguides.baylor.edu/students-chatGPT
- https://provost.web.baylor.edu/ai
- https://ethics.web.baylor.edu/",https://its.web.baylor.edu/ai; https://honorcode.web.baylor.edu/academic-integrity-office/faculty-resources/suggestions-dealing-artificial-intelligence-ai-produced,https://its.web.baylor.edu/ai,https://atl.web.baylor.edu/resources/ai-resources; https://honorcode.web.baylor.edu/academic-integrity-office/faculty-resources/suggestions-dealing-artificial-intelligence-ai-produced; https://its.web.baylor.edu/ai,https://its.web.baylor.edu/ai; https://atl.web.baylor.edu/resources/ai-resources; https://honorcode.web.baylor.edu/academic-integrity-office/faculty-resources/suggestions-dealing-artificial-intelligence-ai-produced,https://atl.web.baylor.edu/resources/ai-resources,https://provost.web.baylor.edu/ai; https://honorcode.web.baylor.edu/academic-integrity-office/students-and-academic-integrity,https://provost.web.baylor.edu/ai,https://provost.web.baylor.edu/ai,https://honorcode.web.baylor.edu/academic-integrity-office/faculty-resources/suggestions-dealing-artificial-intelligence-ai-produced,https://honorcode.web.baylor.edu/academic-integrity-office/faculty-resources/suggestions-dealing-artificial-intelligence-ai-produced; https://its.web.baylor.edu/ai,https://honorcode.web.baylor.edu/academic-integrity-office/faculty-resources/suggestions-dealing-artificial-intelligence-ai-produced; https://honorcode.web.baylor.edu/academic-integrity-office/students-and-academic-integrity; https://its.web.baylor.edu/ai,0.5,0.45833333333333337,0.6666666666666666,0.16666666666666666,44.79166666666667,52.0,46.96969696969697,51.0,43.75,42.0,45.0,55.0
U36,0.5,0.5,0.5,1.0,1.0,0.5,0.5,0.5,0.0,0.0,0.0,0.0,Private Research-Oriented,R1,South,~13k students,Southern Methodist University,"- https://www.smu.edu/oit/ai 
- https://www.smu.edu/oit/ai/policy 
- https://www.smu.edu/oit/academictech/instructional-guidelines/ai-guide  
- https://www.smu.edu/oit/ai/faculty-guide   
- https://www.smu.edu/libraries/about/er-guidelines 
- https://www.smu.edu/provost/cte/resources/generative-ai-and-chat-gpt ",- https://www.smu.edu/provost/cte/resources/generative-ai-and-chat-gpt ,- https://www.smu.edu/oit/ai,"- https://guides.smu.edu/ai 
- https://guides.smu.edu/c.php?g=1358069&p=10027974 
- https://guides.smu.edu/aiandinfoliteracy ","- https://www.smu.edu/oit/ai/student-guide 
- https://www.smu.edu/oit/ai ",None ,"- https://www.smu.edu/oit/ai/ai-training   
- https://www.smu.edu/oit/training/ai-training/copilot/ai-basics   ","- https://www.smu.edu/oit/ai
- https://www.smu.edu/oit/ai/policy
- https://www.smu.edu/oit/academictech/instructional-guidelines/ai-guide
- https://www.smu.edu/oit/ai/faculty-guide
- https://www.smu.edu/libraries/about/er-guidelines
- https://www.smu.edu/provost/cte/resources/generative-ai-and-chat-gpt
- https://guides.smu.edu/ai
- https://guides.smu.edu/c.php?g=1358069&p=10027974
- https://guides.smu.edu/aiandinfoliteracy
- https://www.smu.edu/oit/ai/student-guide
- https://www.smu.edu/oit/ai/ai-training
- https://www.smu.edu/oit/training/ai-training/copilot/ai-basics",https://www.smu.edu/oit/ai; https://www.smu.edu/oit/ai/student-guide,https://www.smu.edu/oit/ai/student-guide; https://www.smu.edu/libraries/research-teaching/ai,https://www.smu.edu/oit/ai/faculty-guide; https://www.smu.edu/oit/training/ai-training/copilot/ai-basics; https://www.smu.edu/libraries/research-teaching/ai; https://www.smu.edu/provost/cte/resources/generative-ai-and-chat-gpt,https://www.smu.edu/oit/ai/student-guide; https://www.smu.edu/oit/ai/faculty-guide; https://www.smu.edu/oit/ai,https://www.smu.edu/libraries/research-teaching/ai,https://www.smu.edu/oit/ai/faculty-guide,https://www.smu.edu/oit/ai/representatives,https://www.smu.edu/oit/ai; https://www.smu.edu/oit/ai/policy; https://www.smu.edu/oit/ai/student-guide; https://www.smu.edu/oit/ai/faculty-guide; https://www.smu.edu/libraries/research-teaching/ai; https://www.smu.edu/provost/cte/resources/generative-ai-and-chat-gpt,https://www.smu.edu/oit/ai/policy; https://www.smu.edu/oit/ai; https://www.smu.edu/oit/ai/representatives,https://www.smu.edu/oit/ai/faculty-guide; https://www.smu.edu/oit/ai/student-guide; https://www.smu.edu/oit/ai; https://www.smu.edu/provost/cte/resources/generative-ai-and-chat-gpt; https://www.smu.edu/libraries/research-teaching/ai,https://www.smu.edu/oit/ai/faculty-guide; https://www.smu.edu/oit/ai/student-guide; https://www.smu.edu/oit/ai/policy,0.5,0.75,0.16666666666666666,0.0,35.41666666666667,62.0,40.909090909090914,57.0,26.38888888888889,62.0,43.33333333333333,56.0
U36,1.0,0.5,0.5,1.0,1.0,0.6666666666666666,0.6666666666666666,0.5,0.16666666666666666,0.0,0.0,0.0,Private Research-Oriented,R1,South,~13k students,Southern Methodist University,"- https://www.smu.edu/oit/ai 
- https://www.smu.edu/oit/ai/policy 
- https://www.smu.edu/oit/academictech/instructional-guidelines/ai-guide  
- https://www.smu.edu/oit/ai/faculty-guide   
- https://www.smu.edu/libraries/about/er-guidelines 
- https://www.smu.edu/provost/cte/resources/generative-ai-and-chat-gpt ",- https://www.smu.edu/provost/cte/resources/generative-ai-and-chat-gpt ,- https://www.smu.edu/oit/ai,"- https://guides.smu.edu/ai 
- https://guides.smu.edu/c.php?g=1358069&p=10027974 
- https://guides.smu.edu/aiandinfoliteracy ","- https://www.smu.edu/oit/ai/student-guide 
- https://www.smu.edu/oit/ai ",None ,"- https://www.smu.edu/oit/ai/ai-training   
- https://www.smu.edu/oit/training/ai-training/copilot/ai-basics   ","- https://www.smu.edu/oit/ai
- https://www.smu.edu/oit/ai/policy
- https://www.smu.edu/oit/academictech/instructional-guidelines/ai-guide
- https://www.smu.edu/oit/ai/faculty-guide
- https://www.smu.edu/libraries/about/er-guidelines
- https://www.smu.edu/provost/cte/resources/generative-ai-and-chat-gpt
- https://guides.smu.edu/ai
- https://guides.smu.edu/c.php?g=1358069&p=10027974
- https://guides.smu.edu/aiandinfoliteracy
- https://www.smu.edu/oit/ai/student-guide
- https://www.smu.edu/oit/ai/ai-training
- https://www.smu.edu/oit/training/ai-training/copilot/ai-basics",https://www.smu.edu/oit/ai; https://www.smu.edu/oit/ai/student-guide,https://www.smu.edu/oit/ai/student-guide,https://www.smu.edu/oit/ai/faculty-guide; https://www.smu.edu/oit/training/ai-training; https://www.smu.edu/oit/training/ai-training/copilot/ai-basics; https://www.smu.edu/provost/cte/resources/generative-ai-and-chat-gpt,https://www.smu.edu/oit/ai/student-guide; https://www.smu.edu/oit/ai/faculty-guide; https://www.smu.edu/oit/training/ai-training/copilot/ai-basics,https://www.smu.edu/oit/governance/governance-councils/atc; https://www.smu.edu/provost/cte/resources/generative-ai-and-chat-gpt,https://www.smu.edu/oit/ai/faculty-guide,https://www.smu.edu/oit/ai/representatives,https://www.smu.edu/oit/governance/governance-councils/atc,https://www.smu.edu/oit/ai/policy; https://www.smu.edu/oit/ai,https://www.smu.edu/oit/ai/faculty-guide; https://www.smu.edu/oit/ai/student-guide; https://www.smu.edu/oit/ai/policy,https://www.smu.edu/oit/ai/faculty-guide; https://www.smu.edu/oit/ai/student-guide; https://www.smu.edu/oit/ai/policy,0.5,0.8333333333333333,0.2222222222222222,0.0,38.888888888888886,57.0,45.45454545454545,52.5,29.629629629629626,58.5,47.77777777777777,50.5
U36,1.5,0.3333333333333333,0.8333333333333334,1.0,1.0,0.5,0.5,0.5,0.0,0.0,0.0,0.0,Private Research-Oriented,R1,South,~13k students,Southern Methodist University,"- https://www.smu.edu/oit/ai 
- https://www.smu.edu/oit/ai/policy 
- https://www.smu.edu/oit/academictech/instructional-guidelines/ai-guide  
- https://www.smu.edu/oit/ai/faculty-guide   
- https://www.smu.edu/libraries/about/er-guidelines 
- https://www.smu.edu/provost/cte/resources/generative-ai-and-chat-gpt ",- https://www.smu.edu/provost/cte/resources/generative-ai-and-chat-gpt ,- https://www.smu.edu/oit/ai,"- https://guides.smu.edu/ai 
- https://guides.smu.edu/c.php?g=1358069&p=10027974 
- https://guides.smu.edu/aiandinfoliteracy ","- https://www.smu.edu/oit/ai/student-guide 
- https://www.smu.edu/oit/ai ",None ,"- https://www.smu.edu/oit/ai/ai-training   
- https://www.smu.edu/oit/training/ai-training/copilot/ai-basics   ","- https://www.smu.edu/oit/ai
- https://www.smu.edu/oit/ai/policy
- https://www.smu.edu/oit/academictech/instructional-guidelines/ai-guide
- https://www.smu.edu/oit/ai/faculty-guide
- https://www.smu.edu/libraries/about/er-guidelines
- https://www.smu.edu/provost/cte/resources/generative-ai-and-chat-gpt
- https://guides.smu.edu/ai
- https://guides.smu.edu/c.php?g=1358069&p=10027974
- https://guides.smu.edu/aiandinfoliteracy
- https://www.smu.edu/oit/ai/student-guide
- https://www.smu.edu/oit/ai/ai-training
- https://www.smu.edu/oit/training/ai-training/copilot/ai-basics",https://www.smu.edu/oit/ai; https://www.smu.edu/oit/ai/student-guide; https://www.smu.edu/oit/ai/faculty-guide,https://www.smu.edu/oit/ai/student-guide,https://www.smu.edu/oit/ai/faculty-guide; https://www.smu.edu/oit/training/ai-training; https://www.smu.edu/provost/cte/resources/generative-ai-and-chat-gpt,https://www.smu.edu/oit/ai/student-guide; https://www.smu.edu/oit/ai/faculty-guide,https://www.smu.edu/oit/ai/representatives; https://www.smu.edu/provost/cte,https://www.smu.edu/oit/ai/faculty-guide,https://www.smu.edu/oit/ai/representatives,https://www.smu.edu/oit/ai/student-guide; https://www.smu.edu/oit/ai,https://www.smu.edu/oit/ai/policy; https://www.smu.edu/oit/ai,https://www.smu.edu/oit/ai/policy; https://www.smu.edu/oit/ai/student-guide; https://www.smu.edu/oit/ai/faculty-guide,https://www.smu.edu/oit/ai/policy; https://www.smu.edu/oit/ai/student-guide,0.5833333333333334,0.75,0.16666666666666666,0.0,37.50000000000001,59.0,42.42424242424242,57.5,27.77777777777778,64.0,45.0,55.0
U37,0.5,0.5,0.5,1.0,0.8333333333333334,0.0,0.3333333333333333,0.16666666666666666,0.0,0.3333333333333333,0.6666666666666666,0.16666666666666666,Private Research-Oriented,R1,South,~22k students,Nova Southeastern University,"- https://www.nova.edu/learning-educational-center/ai/index.html  
- https://libguides.nova.edu/GenAI/NSU   
- https://libguides.nova.edu/GenAI ",,- https://infosec.nova.edu/index.html ,"- https://libguides.nova.edu/GenAI   
- https://libguides.nova.edu/AI  ","- https://www.nova.edu/publications/chcs/chcs_student_handbook/27/   
- https://libguides.nova.edu/GenAI/NSU ",- None,- https://www.nova.edu/learning-educational-center/ai/index.html   ,"- https://www.nova.edu/learning-educational-center/ai/index.html
- https://libguides.nova.edu/GenAI/NSU
- https://libguides.nova.edu/GenAI
- https://infosec.nova.edu/index.html
- https://libguides.nova.edu/AI
- https://www.nova.edu/publications/chcs/chcs_student_handbook/27/
- None",https://www.nova.edu/learning-educational-center/ai/index.html; https://libguides.nova.edu/GenAI,https://libguides.nova.edu/GenAI/cite; https://www.nova.edu/learning-educational-center/ai/index.html,https://www.nova.edu/learning-educational-center/ai/index.html; https://libguides.nova.edu/GenAI/educatortools,https://libguides.nova.edu/GenAI/cite; https://libguides.nova.edu/GenAI/studenttools; https://libguides.nova.edu/GenAI/educatortools,https://www.nova.edu/learning-educational-center/ai/index.html; https://libguides.nova.edu/GenAI; https://infosec.nova.edu/index.html,https://www.nova.edu/learning-educational-center/ai/index.html,https://www.nova.edu/oiit/project-intake.html,https://www.nova.edu/learning-educational-center/ai/index.html; https://libguides.nova.edu/GenAI/NSU; https://www.nova.edu/student-affairs/student-handbooks.html,https://www.nova.edu/oiit/project-intake.html,https://www.nova.edu/learning-educational-center/ai/index.html,https://www.nova.edu/learning-educational-center/ai/index.html; https://libguides.nova.edu/GenAI/NSU; https://www.nova.edu/student-affairs/student-handbooks.html,0.5,0.5416666666666667,0.16666666666666666,0.41666666666666663,40.625,56.0,40.909090909090914,57.0,36.80555555555555,53.0,43.33333333333334,54.0
U37,1.0,0.3333333333333333,0.6666666666666666,1.0,0.8333333333333334,0.16666666666666666,0.3333333333333333,0.0,0.0,0.0,0.5,0.0,Private Research-Oriented,R1,South,~22k students,Nova Southeastern University,"- https://www.nova.edu/learning-educational-center/ai/index.html  
- https://libguides.nova.edu/GenAI/NSU   
- https://libguides.nova.edu/GenAI ",,- https://infosec.nova.edu/index.html ,"- https://libguides.nova.edu/GenAI   
- https://libguides.nova.edu/AI  ","- https://www.nova.edu/publications/chcs/chcs_student_handbook/27/   
- https://libguides.nova.edu/GenAI/NSU ",- None,- https://www.nova.edu/learning-educational-center/ai/index.html   ,"- https://www.nova.edu/learning-educational-center/ai/index.html
- https://libguides.nova.edu/GenAI/NSU
- https://libguides.nova.edu/GenAI
- https://infosec.nova.edu/index.html
- https://libguides.nova.edu/AI
- https://www.nova.edu/publications/chcs/chcs_student_handbook/27/
- None",https://www.nova.edu/learning-educational-center/ai/index.html; https://www.nova.edu/learning-educational-center/ai/learning-design.html; https://www.nova.edu/learning-educational-center/documents/ai/clarify_ai_use_in_your_classroom.pdf,https://www.nova.edu/learning-educational-center/ai/index.html,https://www.nova.edu/learning-educational-center/ai/index.html; https://www.nova.edu/learning-educational-center/ai/learning-design.html,https://www.nova.edu/learning-educational-center/ai/learning-design.html,https://www.nova.edu/learning-educational-center/ai/index.html; https://infosec.nova.edu/index.html; https://www.nova.edu/student-affairs/student-handbooks.html,https://www.nova.edu/learning-educational-center/ai/index.html,https://www.nova.edu/learning-educational-center/ai/index.html; https://infosec.nova.edu/index.html; https://www.nova.edu/student-affairs/student-handbooks.html,https://www.nova.edu/learning-educational-center/ai/index.html; https://www.nova.edu/student-affairs/student-handbooks.html,https://www.nova.edu/learning-educational-center/ai/index.html; https://infosec.nova.edu/index.html; https://www.nova.edu/student-affairs/student-handbooks.html,https://www.nova.edu/learning-educational-center/ai/index.html; https://www.nova.edu/learning-educational-center/documents/ai/clarify_ai_use_in_your_classroom.pdf,https://www.nova.edu/learning-educational-center/ai/index.html; https://www.nova.edu/learning-educational-center/documents/ai/clarify_ai_use_in_your_classroom.pdf; https://www.nova.edu/student-affairs/student-handbooks.html,0.5,0.5833333333333334,0.0,0.25,33.333333333333336,62.0,34.84848484848485,62.0,26.38888888888889,63.0,38.333333333333336,62.0
U37,1.5,0.5,0.5,1.0,0.8333333333333334,0.3333333333333333,0.6666666666666666,0.0,0.0,0.3333333333333333,0.8333333333333334,0.16666666666666666,Private Research-Oriented,R1,South,~22k students,Nova Southeastern University,"- https://www.nova.edu/learning-educational-center/ai/index.html  
- https://libguides.nova.edu/GenAI/NSU   
- https://libguides.nova.edu/GenAI ",,- https://infosec.nova.edu/index.html ,"- https://libguides.nova.edu/GenAI   
- https://libguides.nova.edu/AI  ","- https://www.nova.edu/publications/chcs/chcs_student_handbook/27/   
- https://libguides.nova.edu/GenAI/NSU ",- None,- https://www.nova.edu/learning-educational-center/ai/index.html   ,"- https://www.nova.edu/learning-educational-center/ai/index.html
- https://libguides.nova.edu/GenAI/NSU
- https://libguides.nova.edu/GenAI
- https://infosec.nova.edu/index.html
- https://libguides.nova.edu/AI
- https://www.nova.edu/publications/chcs/chcs_student_handbook/27/
- None",https://libguides.nova.edu/GenAI/NSU; https://www.nova.edu/learning-educational-center/ai/index.html,https://www.nova.edu/learning-educational-center/ai/index.html; https://www.nova.edu/learning-educational-center/documents/ai/responsible_use_gai_infographic_lec_2024.pdf; https://www.nova.edu/learning-educational-center/documents/ai/responsible_use_scenarios.pdf,https://www.nova.edu/learning-educational-center/ai/index.html; https://www.nova.edu/learning-educational-center/ai/learning-design.html; https://libguides.nova.edu/GenAI/NSU,https://www.nova.edu/learning-educational-center/ai/learning-design.html; https://www.nova.edu/learning-educational-center/documents/ai/responsible_use_scenarios.pdf,https://www.nova.edu/learning-educational-center/faculty/mako-commons.html,https://www.nova.edu/lec/ai/syllabus-statement.html,https://www.nova.edu/learning-educational-center/ai/index.html; https://libguides.nova.edu/GenAI/NSU; https://libguides.nova.edu/GenAI; https://infosec.nova.edu/index.html; https://libguides.nova.edu/AI; https://www.nova.edu/publications/chcs/chcs_student_handbook/27/,https://www.nova.edu/learning-educational-center/ai/index.html; https://libguides.nova.edu/GenAI/NSU; https://libguides.nova.edu/GenAI; https://infosec.nova.edu/index.html; https://libguides.nova.edu/AI; https://www.nova.edu/publications/chcs/chcs_student_handbook/27/,https://www.nova.edu/learning-educational-center/ai/index.html; https://www.nova.edu/lec/ai/syllabus-statement.html,https://www.nova.edu/learning-educational-center/ai/index.html,https://www.nova.edu/learning-educational-center/ai/index.html; https://libguides.nova.edu/GenAI/NSU; https://www.nova.edu/publications/chcs/chcs_student_handbook/27/,0.5,0.7083333333333334,0.1111111111111111,0.5,45.486111111111114,50.0,46.96969696969697,51.0,40.50925925925926,46.0,50.55555555555556,50.0
U38,0.5,0.0,0.0,0.0,0.0,0.0,0.0,0.0,0.0,0.0,0.0,0.0,Private Research-Oriented,R2,South,~6k students,Abilene Christian University,"- https://guides.acu.edu/facultychatgpt
- https://guides.acu.edu/c.php?g=1316157&p=9677751",,,- https://guides.acu.edu/facultychatgpt ,- None,,- https://guides.acu.edu/facultychatgpt ,"- https://guides.acu.edu/facultychatgpt
- https://guides.acu.edu/c.php?g=1316157&p=9677751
- None",https://guides.acu.edu/facultychatgpt; https://guides.acu.edu/c.php?g=1316157&p=9677751,https://guides.acu.edu/facultychatgpt; https://guides.acu.edu/c.php?g=1316157&p=9677751,https://guides.acu.edu/facultychatgpt; https://guides.acu.edu/c.php?g=1316157&p=9677751,https://guides.acu.edu/facultychatgpt; https://guides.acu.edu/c.php?g=1316157&p=9677751,https://guides.acu.edu/facultychatgpt; https://guides.acu.edu/c.php?g=1316157&p=9677751,https://guides.acu.edu/facultychatgpt; https://guides.acu.edu/c.php?g=1316157&p=9677751,https://guides.acu.edu/facultychatgpt; https://guides.acu.edu/c.php?g=1316157&p=9677751,https://guides.acu.edu/facultychatgpt; https://guides.acu.edu/c.php?g=1316157&p=9677751,https://guides.acu.edu/facultychatgpt; https://guides.acu.edu/c.php?g=1316157&p=9677751,https://guides.acu.edu/facultychatgpt; https://guides.acu.edu/c.php?g=1316157&p=9677751,https://guides.acu.edu/facultychatgpt; https://guides.acu.edu/c.php?g=1316157&p=9677751,0.0,0.0,0.0,0.0,0.0,77.0,0.0,77.0,0.0,77.0,0.0,77.0
U38,1.0,0.0,0.0,0.0,0.0,0.0,0.0,0.0,0.0,0.0,0.0,0.0,Private Research-Oriented,R2,South,~6k students,Abilene Christian University,"- https://guides.acu.edu/facultychatgpt
- https://guides.acu.edu/c.php?g=1316157&p=9677751",,,- https://guides.acu.edu/facultychatgpt ,- None,,- https://guides.acu.edu/facultychatgpt ,"- https://guides.acu.edu/facultychatgpt
- https://guides.acu.edu/c.php?g=1316157&p=9677751
- None",https://guides.acu.edu/facultychatgpt; https://guides.acu.edu/c.php?g=1316157&p=9677751,https://guides.acu.edu/facultychatgpt; https://guides.acu.edu/c.php?g=1316157&p=9677751,https://guides.acu.edu/facultychatgpt; https://guides.acu.edu/c.php?g=1316157&p=9677751,https://guides.acu.edu/facultychatgpt; https://guides.acu.edu/c.php?g=1316157&p=9677751,https://guides.acu.edu/facultychatgpt; https://guides.acu.edu/c.php?g=1316157&p=9677751,https://guides.acu.edu/facultychatgpt; https://guides.acu.edu/c.php?g=1316157&p=9677751,https://guides.acu.edu/facultychatgpt; https://guides.acu.edu/c.php?g=1316157&p=9677751,https://guides.acu.edu/facultychatgpt; https://guides.acu.edu/c.php?g=1316157&p=9677751,https://guides.acu.edu/facultychatgpt; https://guides.acu.edu/c.php?g=1316157&p=9677751,https://guides.acu.edu/facultychatgpt; https://guides.acu.edu/c.php?g=1316157&p=9677751,https://guides.acu.edu/facultychatgpt; https://guides.acu.edu/c.php?g=1316157&p=9677751,0.0,0.0,0.0,0.0,0.0,77.5,0.0,77.5,0.0,77.5,0.0,77.5
U38,1.5,0.0,0.0,0.0,0.0,0.0,0.0,0.0,0.0,0.0,0.0,0.0,Private Research-Oriented,R2,South,~6k students,Abilene Christian University,"- https://guides.acu.edu/facultychatgpt
- https://guides.acu.edu/c.php?g=1316157&p=9677751",,,- https://guides.acu.edu/facultychatgpt ,- None,,- https://guides.acu.edu/facultychatgpt ,"- https://guides.acu.edu/facultychatgpt
- https://guides.acu.edu/c.php?g=1316157&p=9677751
- None",https://guides.acu.edu/facultychatgpt; https://guides.acu.edu/c.php?g=1316157&p=9677751,https://guides.acu.edu/facultychatgpt; https://guides.acu.edu/c.php?g=1316157&p=9677751,https://guides.acu.edu/facultychatgpt; https://guides.acu.edu/c.php?g=1316157&p=9677751,https://guides.acu.edu/facultychatgpt; https://guides.acu.edu/c.php?g=1316157&p=9677751,https://guides.acu.edu/facultychatgpt; https://guides.acu.edu/c.php?g=1316157&p=9677751,https://guides.acu.edu/facultychatgpt; https://guides.acu.edu/c.php?g=1316157&p=9677751,https://guides.acu.edu/facultychatgpt; https://guides.acu.edu/c.php?g=1316157&p=9677751,https://guides.acu.edu/facultychatgpt; https://guides.acu.edu/c.php?g=1316157&p=9677751,https://guides.acu.edu/facultychatgpt; https://guides.acu.edu/c.php?g=1316157&p=9677751,https://guides.acu.edu/facultychatgpt; https://guides.acu.edu/c.php?g=1316157&p=9677751,https://guides.acu.edu/facultychatgpt; https://guides.acu.edu/c.php?g=1316157&p=9677751,0.0,0.0,0.0,0.0,0.0,78.0,0.0,78.0,0.0,78.0,0.0,78.0
U39,0.5,0.8333333333333334,0.5,1.0,1.0,0.5,1.0,1.0,0.5,0.0,1.0,0.0,Private Research-Oriented,R2,South,~9k students,Mercer University,"- https://provost.mercer.edu/office-of-the-provost/honor-system/   
- https://ctl.mercer.edu/ai-resources/sample-syllabus-guidance-for-ai-use/  
- https://provost.mercer.edu/resources/ai-at-mercer/  
- https://mercer.libguides.com/ArtIntel ","- https://ctl.mercer.edu/ai-resources/sample-syllabus-guidance-for-ai-use/   
- https://ctl.mercer.edu/resources/   ",,- https://mercer.libguides.com/AI ,"- https://provost.mercer.edu/office-of-the-provost/honor-system/   
- https://provost.mercer.edu/curriculum-information/syllabus-statements/   
- https://ctl.mercer.edu/ai-resources/sample-syllabus-guidance-for-ai-use/   
- https://provost.mercer.edu/resources/ai-at-mercer/ ",,"- https://provost.mercer.edu/resources/ai-at-mercer/ 
- https://ctl.mercer.edu/ai-resources/sample-syllabus-guidance-for-ai-use/ ","- https://provost.mercer.edu/office-of-the-provost/honor-system/
- https://ctl.mercer.edu/ai-resources/sample-syllabus-guidance-for-ai-use/
- https://provost.mercer.edu/resources/ai-at-mercer/
- https://mercer.libguides.com/ArtIntel
- https://ctl.mercer.edu/resources/
- https://mercer.libguides.com/AI
- https://provost.mercer.edu/curriculum-information/syllabus-statements/",https://ctl.mercer.edu/ai-resources/sample-syllabus-guidance-for-ai-use/,https://ctl.mercer.edu/ai-resources/sample-syllabus-guidance-for-ai-use/,https://ctl.mercer.edu/ai-resources/sample-syllabus-guidance-for-ai-use/; https://ctl.mercer.edu/resources/,https://ctl.mercer.edu/ai-resources/sample-syllabus-guidance-for-ai-use/,https://provost.mercer.edu/resources/ai-at-mercer/,https://ctl.mercer.edu/ai-resources/sample-syllabus-guidance-for-ai-use/,https://provost.mercer.edu/resources/ai-at-mercer/,https://provost.mercer.edu/resources/ai-at-mercer/,https://provost.mercer.edu/resources/ai-at-mercer/,https://provost.mercer.edu/office-of-the-provost/honor-system/,https://provost.mercer.edu/office-of-the-provost/honor-system/,0.6666666666666667,0.875,0.5,0.5,63.54166666666667,20.0,66.66666666666667,19.5,59.02777777777778,16.0,68.33333333333333,20.0
U39,1.0,0.8333333333333334,0.5,1.0,1.0,1.0,1.0,1.0,0.5,0.16666666666666666,0.8333333333333334,0.0,Private Research-Oriented,R2,South,~9k students,Mercer University,"- https://provost.mercer.edu/office-of-the-provost/honor-system/   
- https://ctl.mercer.edu/ai-resources/sample-syllabus-guidance-for-ai-use/  
- https://provost.mercer.edu/resources/ai-at-mercer/  
- https://mercer.libguides.com/ArtIntel ","- https://ctl.mercer.edu/ai-resources/sample-syllabus-guidance-for-ai-use/   
- https://ctl.mercer.edu/resources/   ",,- https://mercer.libguides.com/AI ,"- https://provost.mercer.edu/office-of-the-provost/honor-system/   
- https://provost.mercer.edu/curriculum-information/syllabus-statements/   
- https://ctl.mercer.edu/ai-resources/sample-syllabus-guidance-for-ai-use/   
- https://provost.mercer.edu/resources/ai-at-mercer/ ",,"- https://provost.mercer.edu/resources/ai-at-mercer/ 
- https://ctl.mercer.edu/ai-resources/sample-syllabus-guidance-for-ai-use/ ","- https://provost.mercer.edu/office-of-the-provost/honor-system/
- https://ctl.mercer.edu/ai-resources/sample-syllabus-guidance-for-ai-use/
- https://provost.mercer.edu/resources/ai-at-mercer/
- https://mercer.libguides.com/ArtIntel
- https://ctl.mercer.edu/resources/
- https://mercer.libguides.com/AI
- https://provost.mercer.edu/curriculum-information/syllabus-statements/",https://ctl.mercer.edu/ai-resources/sample-syllabus-guidance-for-ai-use/,https://ctl.mercer.edu/ai-resources/sample-syllabus-guidance-for-ai-use/,https://ctl.mercer.edu/ai-resources/sample-syllabus-guidance-for-ai-use/; https://ctl.mercer.edu/resources/; https://provost.mercer.edu/resources/ai-at-mercer/,https://ctl.mercer.edu/ai-resources/sample-syllabus-guidance-for-ai-use/,https://provost.mercer.edu/resources/ai-at-mercer/,https://ctl.mercer.edu/ai-resources/sample-syllabus-guidance-for-ai-use/,https://provost.mercer.edu/resources/ai-at-mercer/,https://provost.mercer.edu/resources/ai-at-mercer/,https://provost.mercer.edu/resources/ai-at-mercer/; https://provost.mercer.edu/office-of-the-provost/honor-system/; https://ctl.mercer.edu/ai-resources/sample-syllabus-guidance-for-ai-use/; https://provost.mercer.edu/curriculum-information/syllabus-statements/,https://provost.mercer.edu/office-of-the-provost/honor-system/; https://ctl.mercer.edu/ai-resources/sample-syllabus-guidance-for-ai-use/,https://provost.mercer.edu/office-of-the-provost/honor-system/; https://ctl.mercer.edu/ai-resources/sample-syllabus-guidance-for-ai-use/; https://provost.mercer.edu/resources/ai-at-mercer/,0.6666666666666667,1.0,0.5555555555555556,0.4166666666666667,65.97222222222221,13.0,71.21212121212122,10.5,60.18518518518518,15.0,72.77777777777777,11.5
U39,1.5,0.6666666666666666,0.5,1.0,0.8333333333333334,0.6666666666666666,1.0,1.0,0.3333333333333333,0.0,0.8333333333333334,0.0,Private Research-Oriented,R2,South,~9k students,Mercer University,"- https://provost.mercer.edu/office-of-the-provost/honor-system/   
- https://ctl.mercer.edu/ai-resources/sample-syllabus-guidance-for-ai-use/  
- https://provost.mercer.edu/resources/ai-at-mercer/  
- https://mercer.libguides.com/ArtIntel ","- https://ctl.mercer.edu/ai-resources/sample-syllabus-guidance-for-ai-use/   
- https://ctl.mercer.edu/resources/   ",,- https://mercer.libguides.com/AI ,"- https://provost.mercer.edu/office-of-the-provost/honor-system/   
- https://provost.mercer.edu/curriculum-information/syllabus-statements/   
- https://ctl.mercer.edu/ai-resources/sample-syllabus-guidance-for-ai-use/   
- https://provost.mercer.edu/resources/ai-at-mercer/ ",,"- https://provost.mercer.edu/resources/ai-at-mercer/ 
- https://ctl.mercer.edu/ai-resources/sample-syllabus-guidance-for-ai-use/ ","- https://provost.mercer.edu/office-of-the-provost/honor-system/
- https://ctl.mercer.edu/ai-resources/sample-syllabus-guidance-for-ai-use/
- https://provost.mercer.edu/resources/ai-at-mercer/
- https://mercer.libguides.com/ArtIntel
- https://ctl.mercer.edu/resources/
- https://mercer.libguides.com/AI
- https://provost.mercer.edu/curriculum-information/syllabus-statements/",https://ctl.mercer.edu/ai-resources/sample-syllabus-guidance-for-ai-use/; https://ctl.mercer.edu/about-academic-technology-services/about-academic-technology-resources/ai-guidance/,https://ctl.mercer.edu/about-academic-technology-services/about-academic-technology-resources/ai-guidance/; https://ctl.mercer.edu/ai-resources/sample-syllabus-guidance-for-ai-use/,https://ctl.mercer.edu/about-academic-technology-services/about-academic-technology-resources/ai-guidance/; https://ctl.mercer.edu/ai-resources/sample-syllabus-guidance-for-ai-use/; https://ctl.mercer.edu/about-academic-technology-services/about-academic-technology-resources/getting-started-with-amplifyai/,https://ctl.mercer.edu/ai-resources/sample-syllabus-guidance-for-ai-use/; https://ctl.mercer.edu/about-academic-technology-services/about-academic-technology-resources/getting-started-with-amplifyai/,https://provost.mercer.edu/resources/ai-at-mercer/,https://ctl.mercer.edu/ai-resources/sample-syllabus-guidance-for-ai-use/,https://provost.mercer.edu/resources/ai-at-mercer/,https://provost.mercer.edu/resources/ai-at-mercer/,https://provost.mercer.edu/resources/ai-at-mercer/; https://ctl.mercer.edu/about-academic-technology-services/about-academic-technology-resources/ai-guidance/,https://provost.mercer.edu/office-of-the-provost/honor-system/; https://ctl.mercer.edu/ai-resources/sample-syllabus-guidance-for-ai-use/,https://provost.mercer.edu/office-of-the-provost/honor-system/,0.5833333333333333,0.875,0.4444444444444444,0.4166666666666667,57.98611111111111,26.0,62.12121212121211,26.5,53.00925925925927,27.0,63.888888888888886,25.0
U4,0.5,1.0,0.5,1.0,0.8333333333333334,0.8333333333333334,1.0,1.0,0.0,0.5,0.5,0.0,Public Research-Oriented,R1,South,~50k students,University of South Florida,"- https://genai.usf.edu/at-usf/university-guidance   
- https://genai.usf.edu/at-usf/course-guidance   
- https://www.usf.edu/provost/faculty-success/teaching-learning/syllabus-course-guidance.aspx  
- https://lib.usf.edu/library-administration/ai-use-principles/","- https://www.usf.edu/citl/index.aspx 
- https://www.usf.edu/provost/faculty-success/teaching-learning/guidance-generative-ai.aspx 
- https://www.usf.edu/innovative-education/digital-learning/generative-ai/","- https://aix.eng.usf.edu/  
- https://www.usf.edu/ai-cybersecurity-computing/centers/ai-x/   
- https://www.usf.edu/ai-cybersecurity-computing/centers/ai-x/about/ ","- https://guides.lib.usf.edu/AI   
- https://guides.lib.usf.edu/AI/PRIMOAI   
- https://guides.lib.usf.edu/AI/atthelibraries   
- https://guides.lib.usf.edu/advancedcomputing 
- https://lib.usf.edu/library-administration/ai-use-principles/ ","- https://genai.usf.edu/at-usf/course-guidance  
- https://www.usf.edu/provost/faculty-success/teaching-learning/guidance-generative-ai.aspx 
- https://genai.usf.edu/at-usf/university-guidance ",- https://genai.usf.edu/at-usf/genai-task-force ,"- https://genai.usf.edu/  
- https://www.usf.edu/innovative-education/digital-learning/generative-ai/   
- https://www.usf.edu/ai-cybersecurity-computing/centers/ai-x/  
- https://www.usf.edu/ai-cybersecurity-computing/centers/ai-x/about/   
- https://www.usf.edu/ai-cybersecurity-computing/   ","- https://genai.usf.edu/at-usf/university-guidance
- https://genai.usf.edu/at-usf/course-guidance
- https://www.usf.edu/provost/faculty-success/teaching-learning/syllabus-course-guidance.aspx
- https://lib.usf.edu/library-administration/ai-use-principles/
- https://www.usf.edu/citl/index.aspx
- https://www.usf.edu/provost/faculty-success/teaching-learning/guidance-generative-ai.aspx
- https://www.usf.edu/innovative-education/digital-learning/generative-ai/
- https://aix.eng.usf.edu/
- https://www.usf.edu/ai-cybersecurity-computing/centers/ai-x/
- https://www.usf.edu/ai-cybersecurity-computing/centers/ai-x/about/
- https://guides.lib.usf.edu/AI
- https://guides.lib.usf.edu/AI/PRIMOAI
- https://guides.lib.usf.edu/AI/atthelibraries
- https://guides.lib.usf.edu/advancedcomputing
- https://genai.usf.edu/at-usf/genai-task-force
- https://genai.usf.edu/
- https://www.usf.edu/ai-cybersecurity-computing/",https://genai.usf.edu/at-usf/university-guidance; https://www.usf.edu/provost/faculty-success/teaching-learning/syllabus-course-guidance.aspx; https://lib.usf.edu/library-administration/ai-use-principles/,https://www.usf.edu/provost/faculty-success/teaching-learning/syllabus-course-guidance.aspx; https://genai.usf.edu/at-usf/university-guidance,https://www.usf.edu/provost/faculty-success/teaching-learning/guidance-generative-ai.aspx; https://www.usf.edu/innovative-education/digital-learning/generative-ai/; https://www.usf.edu/innovative-education/digital-learning/generative-ai/learn-ai/index.aspx,https://www.usf.edu/provost/faculty-success/teaching-learning/syllabus-course-guidance.aspx; https://www.usf.edu/innovative-education/digital-learning/generative-ai/gen_ai_case_studies/index.aspx,https://www.usf.edu/innovative-education/digital-learning/generative-ai/learn-ai/index.aspx,https://www.usf.edu/provost/faculty-success/teaching-learning/syllabus-course-guidance.aspx; https://genai.usf.edu/at-usf/course-guidance,https://genai.usf.edu/at-usf/genai-task-force,https://genai.usf.edu/at-usf/university-guidance; https://genai.usf.edu/at-usf/course-guidance; https://genai.usf.edu/at-usf/genai-task-force,https://genai.usf.edu/at-usf/university-guidance; https://genai.usf.edu/at-usf/course-guidance; https://www.usf.edu/provost/faculty-success/teaching-learning/syllabus-course-guidance.aspx,https://www.usf.edu/provost/faculty-success/teaching-learning/syllabus-course-guidance.aspx,https://www.usf.edu/provost/faculty-success/teaching-learning/syllabus-course-guidance.aspx; https://genai.usf.edu/at-usf/university-guidance; https://www.usf.edu/provost/faculty-success/teaching-learning/guidance-generative-ai.aspx,0.75,0.9166666666666667,0.5,0.25,60.41666666666667,24.5,65.15151515151516,23.0,52.77777777777778,32.5,66.66666666666667,22.5
U4,1.0,1.0,0.5,1.0,1.0,0.8333333333333334,1.0,1.0,0.0,0.5,0.5,0.0,Public Research-Oriented,R1,South,~50k students,University of South Florida,"- https://genai.usf.edu/at-usf/university-guidance   
- https://genai.usf.edu/at-usf/course-guidance   
- https://www.usf.edu/provost/faculty-success/teaching-learning/syllabus-course-guidance.aspx  
- https://lib.usf.edu/library-administration/ai-use-principles/","- https://www.usf.edu/citl/index.aspx 
- https://www.usf.edu/provost/faculty-success/teaching-learning/guidance-generative-ai.aspx 
- https://www.usf.edu/innovative-education/digital-learning/generative-ai/","- https://aix.eng.usf.edu/  
- https://www.usf.edu/ai-cybersecurity-computing/centers/ai-x/   
- https://www.usf.edu/ai-cybersecurity-computing/centers/ai-x/about/ ","- https://guides.lib.usf.edu/AI   
- https://guides.lib.usf.edu/AI/PRIMOAI   
- https://guides.lib.usf.edu/AI/atthelibraries   
- https://guides.lib.usf.edu/advancedcomputing 
- https://lib.usf.edu/library-administration/ai-use-principles/ ","- https://genai.usf.edu/at-usf/course-guidance  
- https://www.usf.edu/provost/faculty-success/teaching-learning/guidance-generative-ai.aspx 
- https://genai.usf.edu/at-usf/university-guidance ",- https://genai.usf.edu/at-usf/genai-task-force ,"- https://genai.usf.edu/  
- https://www.usf.edu/innovative-education/digital-learning/generative-ai/   
- https://www.usf.edu/ai-cybersecurity-computing/centers/ai-x/  
- https://www.usf.edu/ai-cybersecurity-computing/centers/ai-x/about/   
- https://www.usf.edu/ai-cybersecurity-computing/   ","- https://genai.usf.edu/at-usf/university-guidance
- https://genai.usf.edu/at-usf/course-guidance
- https://www.usf.edu/provost/faculty-success/teaching-learning/syllabus-course-guidance.aspx
- https://lib.usf.edu/library-administration/ai-use-principles/
- https://www.usf.edu/citl/index.aspx
- https://www.usf.edu/provost/faculty-success/teaching-learning/guidance-generative-ai.aspx
- https://www.usf.edu/innovative-education/digital-learning/generative-ai/
- https://aix.eng.usf.edu/
- https://www.usf.edu/ai-cybersecurity-computing/centers/ai-x/
- https://www.usf.edu/ai-cybersecurity-computing/centers/ai-x/about/
- https://guides.lib.usf.edu/AI
- https://guides.lib.usf.edu/AI/PRIMOAI
- https://guides.lib.usf.edu/AI/atthelibraries
- https://guides.lib.usf.edu/advancedcomputing
- https://genai.usf.edu/at-usf/genai-task-force
- https://genai.usf.edu/
- https://www.usf.edu/ai-cybersecurity-computing/",https://genai.usf.edu/at-usf/university-guidance; https://www.usf.edu/provost/faculty-success/teaching-learning/syllabus-course-guidance.aspx; https://lib.usf.edu/library-administration/ai-use-principles/,https://genai.usf.edu/at-usf/university-guidance; https://www.usf.edu/provost/faculty-success/teaching-learning/syllabus-course-guidance.aspx,https://www.usf.edu/provost/faculty-success/teaching-learning/guidance-generative-ai.aspx; https://genai.usf.edu/; https://genai.usf.edu/at-usf/course-guidance,https://www.usf.edu/provost/faculty-success/teaching-learning/syllabus-course-guidance.aspx,https://genai.usf.edu/at-usf/genai-task-force,https://www.usf.edu/provost/faculty-success/teaching-learning/syllabus-course-guidance.aspx; https://genai.usf.edu/at-usf/course-guidance,https://genai.usf.edu/at-usf/genai-task-force,https://genai.usf.edu/at-usf/genai-task-force; https://genai.usf.edu/at-usf/university-guidance; https://www.usf.edu/provost/faculty-success/teaching-learning/guidance-generative-ai.aspx,https://genai.usf.edu/at-usf/university-guidance; https://www.usf.edu/provost/faculty-success/teaching-learning/syllabus-course-guidance.aspx; https://genai.usf.edu/at-usf/course-guidance,https://www.usf.edu/provost/faculty-success/teaching-learning/syllabus-course-guidance.aspx,https://www.usf.edu/provost/faculty-success/teaching-learning/syllabus-course-guidance.aspx; https://genai.usf.edu/at-usf/university-guidance,0.75,0.9583333333333334,0.5,0.25,61.458333333333336,25.0,66.66666666666667,18.5,53.47222222222222,28.0,68.33333333333333,21.0
U4,1.5,1.0,0.5,1.0,1.0,1.0,1.0,1.0,0.0,0.5,0.5,0.0,Public Research-Oriented,R1,South,~50k students,University of South Florida,"- https://genai.usf.edu/at-usf/university-guidance   
- https://genai.usf.edu/at-usf/course-guidance   
- https://www.usf.edu/provost/faculty-success/teaching-learning/syllabus-course-guidance.aspx  
- https://lib.usf.edu/library-administration/ai-use-principles/","- https://www.usf.edu/citl/index.aspx 
- https://www.usf.edu/provost/faculty-success/teaching-learning/guidance-generative-ai.aspx 
- https://www.usf.edu/innovative-education/digital-learning/generative-ai/","- https://aix.eng.usf.edu/  
- https://www.usf.edu/ai-cybersecurity-computing/centers/ai-x/   
- https://www.usf.edu/ai-cybersecurity-computing/centers/ai-x/about/ ","- https://guides.lib.usf.edu/AI   
- https://guides.lib.usf.edu/AI/PRIMOAI   
- https://guides.lib.usf.edu/AI/atthelibraries   
- https://guides.lib.usf.edu/advancedcomputing 
- https://lib.usf.edu/library-administration/ai-use-principles/ ","- https://genai.usf.edu/at-usf/course-guidance  
- https://www.usf.edu/provost/faculty-success/teaching-learning/guidance-generative-ai.aspx 
- https://genai.usf.edu/at-usf/university-guidance ",- https://genai.usf.edu/at-usf/genai-task-force ,"- https://genai.usf.edu/  
- https://www.usf.edu/innovative-education/digital-learning/generative-ai/   
- https://www.usf.edu/ai-cybersecurity-computing/centers/ai-x/  
- https://www.usf.edu/ai-cybersecurity-computing/centers/ai-x/about/   
- https://www.usf.edu/ai-cybersecurity-computing/   ","- https://genai.usf.edu/at-usf/university-guidance
- https://genai.usf.edu/at-usf/course-guidance
- https://www.usf.edu/provost/faculty-success/teaching-learning/syllabus-course-guidance.aspx
- https://lib.usf.edu/library-administration/ai-use-principles/
- https://www.usf.edu/citl/index.aspx
- https://www.usf.edu/provost/faculty-success/teaching-learning/guidance-generative-ai.aspx
- https://www.usf.edu/innovative-education/digital-learning/generative-ai/
- https://aix.eng.usf.edu/
- https://www.usf.edu/ai-cybersecurity-computing/centers/ai-x/
- https://www.usf.edu/ai-cybersecurity-computing/centers/ai-x/about/
- https://guides.lib.usf.edu/AI
- https://guides.lib.usf.edu/AI/PRIMOAI
- https://guides.lib.usf.edu/AI/atthelibraries
- https://guides.lib.usf.edu/advancedcomputing
- https://genai.usf.edu/at-usf/genai-task-force
- https://genai.usf.edu/
- https://www.usf.edu/ai-cybersecurity-computing/",https://www.usf.edu/provost/faculty-success/teaching-learning/syllabus-course-guidance.aspx; https://genai.usf.edu/at-usf/university-guidance; https://lib.usf.edu/library-administration/ai-use-principles/,https://www.usf.edu/provost/faculty-success/teaching-learning/syllabus-course-guidance.aspx; https://genai.usf.edu/at-usf/university-guidance,https://www.usf.edu/provost/faculty-success/teaching-learning/guidance-generative-ai.aspx; https://genai.usf.edu/at-usf/course-guidance; https://www.usf.edu/provost/faculty-success/teaching-learning/syllabus-course-guidance.aspx,https://www.usf.edu/provost/faculty-success/teaching-learning/syllabus-course-guidance.aspx,https://genai.usf.edu/at-usf/genai-task-force,https://www.usf.edu/provost/faculty-success/teaching-learning/syllabus-course-guidance.aspx; https://genai.usf.edu/at-usf/course-guidance,https://genai.usf.edu/at-usf/genai-task-force,https://genai.usf.edu/at-usf/genai-task-force; https://genai.usf.edu/at-usf/university-guidance; https://genai.usf.edu/at-usf/course-guidance,https://genai.usf.edu/at-usf/university-guidance; https://genai.usf.edu/at-usf/course-guidance; https://www.usf.edu/provost/faculty-success/teaching-learning/syllabus-course-guidance.aspx,https://www.usf.edu/provost/faculty-success/teaching-learning/syllabus-course-guidance.aspx,https://www.usf.edu/provost/faculty-success/teaching-learning/syllabus-course-guidance.aspx; https://genai.usf.edu/at-usf/university-guidance,0.75,1.0,0.5,0.25,62.5,19.0,68.18181818181817,12.0,54.166666666666664,24.0,70.0,12.5
U40,0.5,0.0,0.0,1.0,0.0,0.0,0.0,0.0,0.5,0.0,0.0,0.0,Private Research-Oriented,R2,South,~4k students,Clark Atlanta University,,,- https://www.ai4opt.org/aihubcau ,- https://www.ai4opt.org/aihubcau ,,,- https://cpd.cau.edu/resources/quinncia/   ,"- https://www.ai4opt.org/aihubcau
- https://cpd.cau.edu/resources/quinncia/",https://www.ai4opt.org/aihubcau; https://cpd.cau.edu/resources/quinncia/; https://www.ai4opt.org/education/faculty-training,https://www.ai4opt.org/aihubcau; https://cpd.cau.edu/resources/quinncia/,https://www.ai4opt.org/education/faculty-training,https://www.ai4opt.org/aihubcau; https://www.ai4opt.org/education/faculty-training; https://cpd.cau.edu/resources/quinncia/,https://www.ai4opt.org/aihubcau; https://www.ai4opt.org/education/collegiate-opportunities,https://www.ai4opt.org/aihubcau; https://www.ai4opt.org/education/faculty-training,https://www.ai4opt.org/aihubcau; https://www.ai4opt.org/education/collegiate-opportunities; https://cpd.cau.edu/resources/quinncia/,https://www.ai4opt.org/education/collegiate-opportunities,https://www.ai4opt.org/aihubcau; https://cpd.cau.edu/resources/quinncia/,https://www.ai4opt.org/aihubcau; https://cpd.cau.edu/resources/quinncia/,https://www.ai4opt.org/aihubcau; https://cpd.cau.edu/resources/quinncia/,0.0,0.25,0.16666666666666666,0.0,10.416666666666666,73.0,13.636363636363635,71.5,9.722222222222221,71.5,13.333333333333334,72.0
U40,1.0,0.0,0.0,0.8333333333333334,0.0,0.16666666666666666,0.0,0.0,0.16666666666666666,0.0,0.0,0.0,Private Research-Oriented,R2,South,~4k students,Clark Atlanta University,,,- https://www.ai4opt.org/aihubcau ,- https://www.ai4opt.org/aihubcau ,,,- https://cpd.cau.edu/resources/quinncia/   ,"- https://www.ai4opt.org/aihubcau
- https://cpd.cau.edu/resources/quinncia/",https://www.ai4opt.org/aihubcau; https://cpd.cau.edu/resources/quinncia/,https://www.ai4opt.org/aihubcau; https://cpd.cau.edu/resources/quinncia/,https://www.ai4opt.org/education/faculty-training,https://www.ai4opt.org/aihubcau; https://www.ai4opt.org/education/faculty-training; https://cpd.cau.edu/resources/quinncia/,https://www.ai4opt.org/aihubcau; https://www.ai4opt.org/education/faculty-training; https://cpd.cau.edu/resources/quinncia/,https://www.ai4opt.org/aihubcau; https://www.ai4opt.org/education/faculty-training; https://cpd.cau.edu/resources/quinncia/,https://www.ai4opt.org/aihubcau; https://www.ai4opt.org/education/faculty-training; https://cpd.cau.edu/resources/quinncia/,https://www.ai4opt.org/aihubcau; https://www.ai4opt.org/education/faculty-training; https://cpd.cau.edu/resources/quinncia/,https://www.ai4opt.org/aihubcau; https://www.ai4opt.org/education/faculty-training; https://cpd.cau.edu/resources/quinncia/,https://www.ai4opt.org/aihubcau; https://cpd.cau.edu/resources/quinncia/,https://www.ai4opt.org/aihubcau; https://cpd.cau.edu/resources/quinncia/,0.0,0.25,0.05555555555555555,0.0,7.638888888888889,73.0,10.606060606060606,71.5,6.018518518518518,72.0,11.111111111111112,72.0
U40,1.5,0.0,0.0,1.0,0.0,0.0,0.0,0.0,0.16666666666666666,0.0,0.0,0.0,Private Research-Oriented,R2,South,~4k students,Clark Atlanta University,,,- https://www.ai4opt.org/aihubcau ,- https://www.ai4opt.org/aihubcau ,,,- https://cpd.cau.edu/resources/quinncia/   ,"- https://www.ai4opt.org/aihubcau
- https://cpd.cau.edu/resources/quinncia/",https://www.ai4opt.org/aihubcau; https://cpd.cau.edu/resources/quinncia/,https://www.ai4opt.org/aihubcau; https://cpd.cau.edu/resources/quinncia/,https://www.ai4opt.org/education/faculty-training,https://www.ai4opt.org/aihubcau; https://www.ai4opt.org/education/faculty-training; https://cpd.cau.edu/resources/quinncia/,https://www.ai4opt.org/aihubcau; https://www.ai4opt.org/education/faculty-training; https://cpd.cau.edu/resources/quinncia/,https://www.ai4opt.org/aihubcau; https://www.ai4opt.org/education/faculty-training; https://cpd.cau.edu/resources/quinncia/,https://www.ai4opt.org/aihubcau; https://www.ai4opt.org/education/faculty-training; https://cpd.cau.edu/resources/quinncia/,https://www.ai4opt.org/aihubcau; https://www.ai4opt.org/education/faculty-training; https://cpd.cau.edu/resources/quinncia/,https://www.ai4opt.org/aihubcau; https://www.ai4opt.org/education/faculty-training; https://cpd.cau.edu/resources/quinncia/,https://www.ai4opt.org/aihubcau; https://www.ai4opt.org/education/faculty-training; https://cpd.cau.edu/resources/quinncia/,https://www.ai4opt.org/aihubcau; https://www.ai4opt.org/education/faculty-training; https://cpd.cau.edu/resources/quinncia/,0.0,0.25,0.05555555555555555,0.0,7.638888888888889,74.0,10.606060606060606,72.0,6.018518518518518,74.0,11.111111111111112,72.0
U41,0.5,0.5,0.5,1.0,1.0,1.0,1.0,1.0,0.6666666666666666,0.5,0.0,0.3333333333333333,Private Research-Oriented,R2,South,~4k students,Florida Institute of Technology,- https://www.fit.edu/policies/student-focused-policies/standards-and-policies/responsible-use-of-generative-ai-in-academic-work/ ,,- https://www.fit.edu/provost/councils-and-committees/advisory-committee-for-ai-in-education/ ,,"- https://www.fit.edu/policies/student-focused-policies/standards-and-policies/responsible-use-of-generative-ai-in-academic-work/   
- https://www.fit.edu/policies/academic/policies/student-academic-honesty-policy/   
- https://www.fit.edu/student-affairs/student-conduct/student-handbook/ ",,"- https://www.fit.edu/provost/councils-and-committees/advisory-committee-for-ai-in-education/   
- https://research.fit.edu/craft/   
- https://research.fit.edu/autonomy-lab/ ","- https://www.fit.edu/policies/student-focused-policies/standards-and-policies/responsible-use-of-generative-ai-in-academic-work/
- https://www.fit.edu/provost/councils-and-committees/advisory-committee-for-ai-in-education/
- https://www.fit.edu/policies/academic/policies/student-academic-honesty-policy/
- https://www.fit.edu/student-affairs/student-conduct/student-handbook/
- https://research.fit.edu/craft/
- https://research.fit.edu/autonomy-lab/",https://www.fit.edu/policies/student-focused-policies/standards-and-policies/responsible-use-of-generative-ai-in-academic-work/,https://www.fit.edu/policies/student-focused-policies/standards-and-policies/responsible-use-of-generative-ai-in-academic-work/,https://www.fit.edu/policies/student-focused-policies/standards-and-policies/responsible-use-of-generative-ai-in-academic-work/; https://www.fit.edu/media/site-specific/wwwfitedu/provost/documents/AI-ERA-Framework.pdf; https://www.fit.edu/media/site-specific/wwwfitedu/provost/documents/Active-Learning-Strategies-Catalog.pdf,https://www.fit.edu/policies/student-focused-policies/standards-and-policies/responsible-use-of-generative-ai-in-academic-work/; https://www.fit.edu/media/site-specific/wwwfitedu/provost/documents/Prompts-for-Generating-Active-Learning-Strategies-Using-Generative-AI-Tools.pdf,https://www.fit.edu/provost/councils-and-committees/advisory-committee-for-ai-in-education/,https://www.fit.edu/policies/student-focused-policies/standards-and-policies/responsible-use-of-generative-ai-in-academic-work/,https://www.fit.edu/provost/councils-and-committees/advisory-committee-for-ai-in-education/,https://www.fit.edu/provost/councils-and-committees/advisory-committee-for-ai-in-education/,https://www.fit.edu/policies/student-focused-policies/standards-and-policies/responsible-use-of-generative-ai-in-academic-work/,https://www.fit.edu/policies/student-focused-policies/standards-and-policies/responsible-use-of-generative-ai-in-academic-work/; https://www.fit.edu/policies/academic/policies/student-academic-honesty-policy/; https://www.fit.edu/student-affairs/student-conduct/student-handbook/,https://www.fit.edu/policies/academic/policies/student-academic-honesty-policy/,0.5,1.0,0.7222222222222222,0.16666666666666666,59.72222222222222,27.0,68.18181818181817,16.0,54.62962962962964,25.0,67.77777777777779,21.0
U41,1.0,0.5,0.5,0.6666666666666666,1.0,1.0,1.0,1.0,0.16666666666666666,0.5,0.0,0.16666666666666666,Private Research-Oriented,R2,South,~4k students,Florida Institute of Technology,- https://www.fit.edu/policies/student-focused-policies/standards-and-policies/responsible-use-of-generative-ai-in-academic-work/ ,,- https://www.fit.edu/provost/councils-and-committees/advisory-committee-for-ai-in-education/ ,,"- https://www.fit.edu/policies/student-focused-policies/standards-and-policies/responsible-use-of-generative-ai-in-academic-work/   
- https://www.fit.edu/policies/academic/policies/student-academic-honesty-policy/   
- https://www.fit.edu/student-affairs/student-conduct/student-handbook/ ",,"- https://www.fit.edu/provost/councils-and-committees/advisory-committee-for-ai-in-education/   
- https://research.fit.edu/craft/   
- https://research.fit.edu/autonomy-lab/ ","- https://www.fit.edu/policies/student-focused-policies/standards-and-policies/responsible-use-of-generative-ai-in-academic-work/
- https://www.fit.edu/provost/councils-and-committees/advisory-committee-for-ai-in-education/
- https://www.fit.edu/policies/academic/policies/student-academic-honesty-policy/
- https://www.fit.edu/student-affairs/student-conduct/student-handbook/
- https://research.fit.edu/craft/
- https://research.fit.edu/autonomy-lab/",https://www.fit.edu/policies/student-focused-policies/standards-and-policies/responsible-use-of-generative-ai-in-academic-work/,https://www.fit.edu/policies/student-focused-policies/standards-and-policies/responsible-use-of-generative-ai-in-academic-work/,https://www.fit.edu/policies/student-focused-policies/standards-and-policies/responsible-use-of-generative-ai-in-academic-work/; https://www.fit.edu/provost/councils-and-committees/advisory-committee-for-ai-in-education/,https://www.fit.edu/policies/student-focused-policies/standards-and-policies/responsible-use-of-generative-ai-in-academic-work/,https://www.fit.edu/provost/councils-and-committees/advisory-committee-for-ai-in-education/,https://www.fit.edu/policies/student-focused-policies/standards-and-policies/responsible-use-of-generative-ai-in-academic-work/,https://www.fit.edu/provost/councils-and-committees/advisory-committee-for-ai-in-education/,https://www.fit.edu/provost/councils-and-committees/advisory-committee-for-ai-in-education/,https://www.fit.edu/policies/student-focused-policies/standards-and-policies/responsible-use-of-generative-ai-in-academic-work/,https://www.fit.edu/policies/student-focused-policies/standards-and-policies/responsible-use-of-generative-ai-in-academic-work/; https://www.fit.edu/policies/academic/policies/student-academic-honesty-policy/; https://www.fit.edu/student-affairs/student-conduct/student-handbook/,https://www.fit.edu/policies/student-focused-policies/standards-and-policies/responsible-use-of-generative-ai-in-academic-work/; https://www.fit.edu/policies/academic/policies/student-academic-honesty-policy/; https://www.fit.edu/student-affairs/student-conduct/student-handbook/,0.5,0.9166666666666666,0.5555555555555556,0.08333333333333333,51.388888888888886,42.0,59.09090909090909,32.5,44.907407407407405,43.0,59.444444444444436,36.0
U41,1.5,0.5,0.5,1.0,1.0,1.0,1.0,1.0,0.3333333333333333,0.5,0.0,0.16666666666666666,Private Research-Oriented,R2,South,~4k students,Florida Institute of Technology,- https://www.fit.edu/policies/student-focused-policies/standards-and-policies/responsible-use-of-generative-ai-in-academic-work/ ,,- https://www.fit.edu/provost/councils-and-committees/advisory-committee-for-ai-in-education/ ,,"- https://www.fit.edu/policies/student-focused-policies/standards-and-policies/responsible-use-of-generative-ai-in-academic-work/   
- https://www.fit.edu/policies/academic/policies/student-academic-honesty-policy/   
- https://www.fit.edu/student-affairs/student-conduct/student-handbook/ ",,"- https://www.fit.edu/provost/councils-and-committees/advisory-committee-for-ai-in-education/   
- https://research.fit.edu/craft/   
- https://research.fit.edu/autonomy-lab/ ","- https://www.fit.edu/policies/student-focused-policies/standards-and-policies/responsible-use-of-generative-ai-in-academic-work/
- https://www.fit.edu/provost/councils-and-committees/advisory-committee-for-ai-in-education/
- https://www.fit.edu/policies/academic/policies/student-academic-honesty-policy/
- https://www.fit.edu/student-affairs/student-conduct/student-handbook/
- https://research.fit.edu/craft/
- https://research.fit.edu/autonomy-lab/",https://www.fit.edu/policies/student-focused-policies/standards-and-policies/responsible-use-of-generative-ai-in-academic-work/; https://www.fit.edu/policies/academic/policies/student-academic-honesty-policy/,https://www.fit.edu/policies/student-focused-policies/standards-and-policies/responsible-use-of-generative-ai-in-academic-work/; https://www.fit.edu/policies/academic/policies/student-academic-honesty-policy/,https://www.fit.edu/policies/student-focused-policies/standards-and-policies/responsible-use-of-generative-ai-in-academic-work/; https://www.fit.edu/provost/councils-and-committees/advisory-committee-for-ai-in-education/,https://www.fit.edu/policies/student-focused-policies/standards-and-policies/responsible-use-of-generative-ai-in-academic-work/,https://www.fit.edu/provost/councils-and-committees/advisory-committee-for-ai-in-education/,https://www.fit.edu/policies/student-focused-policies/standards-and-policies/responsible-use-of-generative-ai-in-academic-work/,https://www.fit.edu/provost/councils-and-committees/advisory-committee-for-ai-in-education/,https://www.fit.edu/provost/councils-and-committees/advisory-committee-for-ai-in-education/; https://www.fit.edu/policies/student-focused-policies/standards-and-policies/responsible-use-of-generative-ai-in-academic-work/; https://www.fit.edu/policies/academic/policies/student-academic-honesty-policy/; https://www.fit.edu/student-affairs/student-conduct/student-handbook/,https://www.fit.edu/policies/student-focused-policies/standards-and-policies/responsible-use-of-generative-ai-in-academic-work/; https://www.fit.edu/student-affairs/student-conduct/student-handbook/,https://www.fit.edu/policies/student-focused-policies/standards-and-policies/responsible-use-of-generative-ai-in-academic-work/; https://www.fit.edu/policies/academic/policies/student-academic-honesty-policy/; https://www.fit.edu/student-affairs/student-conduct/student-handbook/,https://www.fit.edu/policies/student-focused-policies/standards-and-policies/responsible-use-of-generative-ai-in-academic-work/; https://www.fit.edu/policies/academic/policies/student-academic-honesty-policy/; https://www.fit.edu/student-affairs/student-conduct/student-handbook/,0.5,1.0,0.611111111111111,0.08333333333333333,54.861111111111114,31.0,63.63636363636363,20.0,48.148148148148145,36.0,63.88888888888889,24.0
U42,0.5,0.8333333333333334,0.5,1.0,1.0,0.8333333333333334,0.6666666666666666,0.8333333333333334,1.0,0.5,0.3333333333333333,0.16666666666666666,Private Research-Oriented,R1,West,~18k students,Stanford University,"- https://communitystandards.stanford.edu/generative-ai-policy-guidance 
- https://uit.stanford.edu/security/responsibleai 
- https://uit.stanford.edu/ai/use-cases 
- https://communitystandards.stanford.edu/generative-ai-policy-guidance 
- https://teachingcommons.stanford.edu/teaching-guides/artificial-intelligence-teaching-guide/creating-your-course-policy-ai ","- https://ctl.stanford.edu/academic-tech   
- https://ctl.stanford.edu/aimes   
- https://ctl.stanford.edu/opportunities/department-guidance-draft-quant1   
- https://ctl.stanford.edu/strategies-limiting-ai-use   
- https://teachingcommons.stanford.edu/professional-development/workshops-programs/do-it-yourself-workshop-kits ","- https://hai.stanford.edu/   
- https://iai.stanford.edu/ 
- https://aimi.stanford.edu/   
- https://ai4all.spcs.stanford.edu/ 
- https://momentum.stanford.edu/initiatives/human-centered-artificial-intelligence 
- https://uit.stanford.edu/ai ",- https://guides.library.stanford.edu/ai_research ,"- https://teachingcommons.stanford.edu/teaching-guides/foundations-course-design/feedback-and-assessment/academic-honesty-and-stanfords 
- https://studentaffairs.stanford.edu/AIWG 
- https://studentaffairs.stanford.edu/AIWG/charge-academic-integrity-working-group ",- https://studentaffairs.stanford.edu/AIWG/charge-academic-integrity-working-group ,"- https://uit.stanford.edu/ai 
- https://stanfordaialignment.org/ ","- https://communitystandards.stanford.edu/generative-ai-policy-guidance
- https://uit.stanford.edu/security/responsibleai
- https://uit.stanford.edu/ai/use-cases
- https://teachingcommons.stanford.edu/teaching-guides/artificial-intelligence-teaching-guide/creating-your-course-policy-ai
- https://ctl.stanford.edu/academic-tech
- https://ctl.stanford.edu/aimes
- https://ctl.stanford.edu/opportunities/department-guidance-draft-quant1
- https://ctl.stanford.edu/strategies-limiting-ai-use
- https://teachingcommons.stanford.edu/professional-development/workshops-programs/do-it-yourself-workshop-kits
- https://hai.stanford.edu/
- https://iai.stanford.edu/
- https://aimi.stanford.edu/
- https://ai4all.spcs.stanford.edu/
- https://momentum.stanford.edu/initiatives/human-centered-artificial-intelligence
- https://uit.stanford.edu/ai
- https://guides.library.stanford.edu/ai_research
- https://teachingcommons.stanford.edu/teaching-guides/foundations-course-design/feedback-and-assessment/academic-honesty-and-stanfords
- https://studentaffairs.stanford.edu/AIWG
- https://studentaffairs.stanford.edu/AIWG/charge-academic-integrity-working-group
- https://stanfordaialignment.org/",https://communitystandards.stanford.edu/generative-ai-policy-guidance; https://uit.stanford.edu/ai/prompt-guide,https://communitystandards.stanford.edu/generative-ai-policy-guidance; https://uit.stanford.edu/security/responsibleai; https://teachingcommons.stanford.edu/teaching-guides/artificial-intelligence-teaching-guide/creating-your-course-policy-ai,https://teachingcommons.stanford.edu/teaching-guides/artificial-intelligence-teaching-guide/creating-your-course-policy-ai; https://ctl.stanford.edu/aimes; https://ctl.stanford.edu/strategies-limiting-ai-use; https://uit.stanford.edu/ai,https://uit.stanford.edu/ai/use-cases; https://uit.stanford.edu/ai/prompt-guide; https://communitystandards.stanford.edu/generative-ai-policy-guidance; https://ctl.stanford.edu/opportunities/department-guidance-draft-quant1,https://ctl.stanford.edu/aimes,https://teachingcommons.stanford.edu/teaching-guides/artificial-intelligence-teaching-guide/creating-your-course-policy-ai,https://communitystandards.stanford.edu/generative-ai-policy-guidance,https://studentaffairs.stanford.edu/AIWG; https://studentaffairs.stanford.edu/AIWG/charge-academic-integrity-working-group,https://communitystandards.stanford.edu/generative-ai-policy-guidance,https://communitystandards.stanford.edu/generative-ai-policy-guidance; https://communitystandards.stanford.edu/resources/faculty-tas/tips-faculty-teaching-assistants,https://communitystandards.stanford.edu/generative-ai-policy-guidance; https://communitystandards.stanford.edu/resources/faculty-tas/tips-faculty-teaching-assistants,0.6666666666666667,0.875,0.7777777777777778,0.25,64.23611111111111,18.0,69.69696969696972,11.0,59.95370370370371,15.0,68.88888888888889,18.5
U42,1.0,0.8333333333333334,0.6666666666666666,1.0,1.0,1.0,1.0,0.6666666666666666,1.0,0.5,0.5,0.3333333333333333,Private Research-Oriented,R1,West,~18k students,Stanford University,"- https://communitystandards.stanford.edu/generative-ai-policy-guidance 
- https://uit.stanford.edu/security/responsibleai 
- https://uit.stanford.edu/ai/use-cases 
- https://communitystandards.stanford.edu/generative-ai-policy-guidance 
- https://teachingcommons.stanford.edu/teaching-guides/artificial-intelligence-teaching-guide/creating-your-course-policy-ai ","- https://ctl.stanford.edu/academic-tech   
- https://ctl.stanford.edu/aimes   
- https://ctl.stanford.edu/opportunities/department-guidance-draft-quant1   
- https://ctl.stanford.edu/strategies-limiting-ai-use   
- https://teachingcommons.stanford.edu/professional-development/workshops-programs/do-it-yourself-workshop-kits ","- https://hai.stanford.edu/   
- https://iai.stanford.edu/ 
- https://aimi.stanford.edu/   
- https://ai4all.spcs.stanford.edu/ 
- https://momentum.stanford.edu/initiatives/human-centered-artificial-intelligence 
- https://uit.stanford.edu/ai ",- https://guides.library.stanford.edu/ai_research ,"- https://teachingcommons.stanford.edu/teaching-guides/foundations-course-design/feedback-and-assessment/academic-honesty-and-stanfords 
- https://studentaffairs.stanford.edu/AIWG 
- https://studentaffairs.stanford.edu/AIWG/charge-academic-integrity-working-group ",- https://studentaffairs.stanford.edu/AIWG/charge-academic-integrity-working-group ,"- https://uit.stanford.edu/ai 
- https://stanfordaialignment.org/ ","- https://communitystandards.stanford.edu/generative-ai-policy-guidance
- https://uit.stanford.edu/security/responsibleai
- https://uit.stanford.edu/ai/use-cases
- https://teachingcommons.stanford.edu/teaching-guides/artificial-intelligence-teaching-guide/creating-your-course-policy-ai
- https://ctl.stanford.edu/academic-tech
- https://ctl.stanford.edu/aimes
- https://ctl.stanford.edu/opportunities/department-guidance-draft-quant1
- https://ctl.stanford.edu/strategies-limiting-ai-use
- https://teachingcommons.stanford.edu/professional-development/workshops-programs/do-it-yourself-workshop-kits
- https://hai.stanford.edu/
- https://iai.stanford.edu/
- https://aimi.stanford.edu/
- https://ai4all.spcs.stanford.edu/
- https://momentum.stanford.edu/initiatives/human-centered-artificial-intelligence
- https://uit.stanford.edu/ai
- https://guides.library.stanford.edu/ai_research
- https://teachingcommons.stanford.edu/teaching-guides/foundations-course-design/feedback-and-assessment/academic-honesty-and-stanfords
- https://studentaffairs.stanford.edu/AIWG
- https://studentaffairs.stanford.edu/AIWG/charge-academic-integrity-working-group
- https://stanfordaialignment.org/",https://teachingcommons.stanford.edu/teaching-guides/artificial-intelligence-teaching-guide/defining-ai-and-chatbots; https://communitystandards.stanford.edu/generative-ai-policy-guidance,https://teachingcommons.stanford.edu/teaching-guides/artificial-intelligence-teaching-guide/integrating-ai-assignments; https://teachingcommons.stanford.edu/teaching-guides/artificial-intelligence-teaching-guide/creating-your-course-policy-ai,https://ctl.stanford.edu/aimes; https://teachingcommons.stanford.edu/teaching-guides/artificial-intelligence-teaching-guide/creating-your-course-policy-ai,https://uit.stanford.edu/ai/use-cases; https://ctl.stanford.edu/opportunities/department-guidance-draft-quant1,https://studentaffairs.stanford.edu/AIWG; https://studentaffairs.stanford.edu/AIWG/charge-academic-integrity-working-group,https://teachingcommons.stanford.edu/teaching-guides/artificial-intelligence-teaching-guide/creating-your-course-policy-ai,https://communitystandards.stanford.edu/generative-ai-policy-guidance; https://studentaffairs.stanford.edu/AIWG/charge-academic-integrity-working-group,https://studentaffairs.stanford.edu/AIWG; https://studentaffairs.stanford.edu/AIWG/charge-academic-integrity-working-group,https://ctl.stanford.edu/strategies-limiting-ai-use; https://communitystandards.stanford.edu/generative-ai-policy-guidance,https://ctl.stanford.edu/aimes/aimes-library-examples; https://studentaffairs.stanford.edu/news/academic-integrity-working-group-addresses-generative-ai-and-exam-policies,https://studentaffairs.stanford.edu/news/academic-integrity-working-group-addresses-generative-ai-and-exam-policies; https://communitystandards.stanford.edu/generative-ai-policy-guidance,0.75,1.0,0.7222222222222222,0.41666666666666663,72.22222222222221,3.5,77.27272727272727,2.5,67.12962962962963,5.5,77.77777777777779,3.5
U42,1.5,0.6666666666666666,0.5,1.0,1.0,1.0,1.0,0.6666666666666666,1.0,0.5,0.5,0.16666666666666666,Private Research-Oriented,R1,West,~18k students,Stanford University,"- https://communitystandards.stanford.edu/generative-ai-policy-guidance 
- https://uit.stanford.edu/security/responsibleai 
- https://uit.stanford.edu/ai/use-cases 
- https://communitystandards.stanford.edu/generative-ai-policy-guidance 
- https://teachingcommons.stanford.edu/teaching-guides/artificial-intelligence-teaching-guide/creating-your-course-policy-ai ","- https://ctl.stanford.edu/academic-tech   
- https://ctl.stanford.edu/aimes   
- https://ctl.stanford.edu/opportunities/department-guidance-draft-quant1   
- https://ctl.stanford.edu/strategies-limiting-ai-use   
- https://teachingcommons.stanford.edu/professional-development/workshops-programs/do-it-yourself-workshop-kits ","- https://hai.stanford.edu/   
- https://iai.stanford.edu/ 
- https://aimi.stanford.edu/   
- https://ai4all.spcs.stanford.edu/ 
- https://momentum.stanford.edu/initiatives/human-centered-artificial-intelligence 
- https://uit.stanford.edu/ai ",- https://guides.library.stanford.edu/ai_research ,"- https://teachingcommons.stanford.edu/teaching-guides/foundations-course-design/feedback-and-assessment/academic-honesty-and-stanfords 
- https://studentaffairs.stanford.edu/AIWG 
- https://studentaffairs.stanford.edu/AIWG/charge-academic-integrity-working-group ",- https://studentaffairs.stanford.edu/AIWG/charge-academic-integrity-working-group ,"- https://uit.stanford.edu/ai 
- https://stanfordaialignment.org/ ","- https://communitystandards.stanford.edu/generative-ai-policy-guidance
- https://uit.stanford.edu/security/responsibleai
- https://uit.stanford.edu/ai/use-cases
- https://teachingcommons.stanford.edu/teaching-guides/artificial-intelligence-teaching-guide/creating-your-course-policy-ai
- https://ctl.stanford.edu/academic-tech
- https://ctl.stanford.edu/aimes
- https://ctl.stanford.edu/opportunities/department-guidance-draft-quant1
- https://ctl.stanford.edu/strategies-limiting-ai-use
- https://teachingcommons.stanford.edu/professional-development/workshops-programs/do-it-yourself-workshop-kits
- https://hai.stanford.edu/
- https://iai.stanford.edu/
- https://aimi.stanford.edu/
- https://ai4all.spcs.stanford.edu/
- https://momentum.stanford.edu/initiatives/human-centered-artificial-intelligence
- https://uit.stanford.edu/ai
- https://guides.library.stanford.edu/ai_research
- https://teachingcommons.stanford.edu/teaching-guides/foundations-course-design/feedback-and-assessment/academic-honesty-and-stanfords
- https://studentaffairs.stanford.edu/AIWG
- https://studentaffairs.stanford.edu/AIWG/charge-academic-integrity-working-group
- https://stanfordaialignment.org/",https://teachingcommons.stanford.edu/teaching-guides/artificial-intelligence-teaching-guide/defining-ai-and-chatbots; https://uit.stanford.edu/ai/faqs; https://communitystandards.stanford.edu/generative-ai-policy-guidance,https://communitystandards.stanford.edu/generative-ai-policy-guidance; https://uit.stanford.edu/security/responsibleai; https://teachingcommons.stanford.edu/teaching-guides/artificial-intelligence-teaching-guide/creating-your-course-policy-ai,https://teachingcommons.stanford.edu/teaching-guides/artificial-intelligence-teaching-guide/creating-your-course-policy-ai; https://ctl.stanford.edu/aimes; https://ctl.stanford.edu/strategies-limiting-ai-use,https://uit.stanford.edu/ai/use-cases; https://uit.stanford.edu/ai/prompt-guide; https://communitystandards.stanford.edu/generative-ai-policy-guidance,https://studentaffairs.stanford.edu/AIWG; https://studentaffairs.stanford.edu/AIWG/charge-academic-integrity-working-group; https://ctl.stanford.edu/aimes,https://teachingcommons.stanford.edu/teaching-guides/artificial-intelligence-teaching-guide/creating-your-course-policy-ai,https://studentaffairs.stanford.edu/AIWG/charge-academic-integrity-working-group; https://studentaffairs.stanford.edu/AIWG,https://studentaffairs.stanford.edu/AIWG; https://studentaffairs.stanford.edu/AIWG/charge-academic-integrity-working-group,https://communitystandards.stanford.edu/generative-ai-policy-guidance; https://uit.stanford.edu/ai/topics-services-list,https://teachingcommons.stanford.edu/news/guidance-technology-tools-academic-integrity,https://teachingcommons.stanford.edu/news/guidance-technology-tools-academic-integrity,0.5833333333333333,1.0,0.7222222222222222,0.3333333333333333,65.97222222222221,11.5,72.72727272727272,5.0,61.57407407407407,10.0,72.77777777777777,6.0
U43,0.5,0.8333333333333334,0.5,1.0,0.6666666666666666,0.0,0.5,0.0,0.0,0.5,1.0,0.5,Private Research-Oriented,R1,West,~2k students,California Institute of Technology,"- https://www.imss.caltech.edu/services/collaboration-storage-backups/caltech-ai/guidelines-for-secure-and-ethical-use-of-artificial-intelligence-ai   
- https://aiinteaching.caltech.edu/  
- https://www.hss.caltech.edu/hss-policies/hss-policy-on-generative-ai 
- https://caltech.app.box.com/s/nbp3eg1x5h6ye3nznoi3118f5imjtxoj ","- https://ctlo.caltech.edu/universityteaching/resources/resources-for-teaching-in-the-age-of-ai 
- https://aiinteaching.caltech.edu/   
- https://writing.caltech.edu/resources-for-instructors/generative-ai-and-college-writing ",- https://ai4science.caltech.edu/   ,,"- https://aiinteaching.caltech.edu/ 
- https://caltech.app.box.com/s/nbp3eg1x5h6ye3nznoi3118f5imjtxoj ",,"- https://ist.caltech.edu/ai4science   
- https://cast.caltech.edu/   
- https://ctme.caltech.edu/ai-ml-lab-for-engineering-and-science.html   ","- https://www.imss.caltech.edu/services/collaboration-storage-backups/caltech-ai/guidelines-for-secure-and-ethical-use-of-artificial-intelligence-ai
- https://aiinteaching.caltech.edu/
- https://www.hss.caltech.edu/hss-policies/hss-policy-on-generative-ai
- https://caltech.app.box.com/s/nbp3eg1x5h6ye3nznoi3118f5imjtxoj
- https://ctlo.caltech.edu/universityteaching/resources/resources-for-teaching-in-the-age-of-ai
- https://writing.caltech.edu/resources-for-instructors/generative-ai-and-college-writing
- https://ai4science.caltech.edu/
- https://ist.caltech.edu/ai4science
- https://cast.caltech.edu/
- https://ctme.caltech.edu/ai-ml-lab-for-engineering-and-science.html",https://writing.caltech.edu/resources-for-instructors/generative-ai-and-college-writing,https://writing.caltech.edu/resources-for-instructors/generative-ai-and-college-writing; https://ctlo.caltech.edu/universityteaching/resources/resources-for-teaching-in-the-age-of-ai,https://aiinteaching.caltech.edu/; https://ctlo.caltech.edu/universityteaching/resources/resources-for-teaching-in-the-age-of-ai; https://writing.caltech.edu/resources-for-instructors/generative-ai-and-college-writing,https://writing.caltech.edu/resources-for-instructors/generative-ai-and-college-writing; https://www.imss.caltech.edu/services/collaboration-storage-backups/caltech-ai/guidelines-for-secure-and-ethical-use-of-artificial-intelligence-ai; https://www.hss.caltech.edu/hss-policies/hss-policy-on-generative-ai; https://ctlo.caltech.edu/universityteaching/resources/resources-for-teaching-in-the-age-of-ai,https://aiinteaching.caltech.edu/; https://ctlo.caltech.edu/universityteaching/resources/resources-for-teaching-in-the-age-of-ai; https://writing.caltech.edu/resources-for-instructors/generative-ai-and-college-writing; https://www.hss.caltech.edu/hss-policies/hss-policy-on-generative-ai,https://writing.caltech.edu/resources-for-instructors/generative-ai-and-college-writing; https://ctlo.caltech.edu/universityteaching/resources/resources-for-teaching-in-the-age-of-ai,https://www.imss.caltech.edu/services/collaboration-storage-backups/caltech-ai/guidelines-for-secure-and-ethical-use-of-artificial-intelligence-ai; https://aiinteaching.caltech.edu/; https://www.hss.caltech.edu/hss-policies/hss-policy-on-generative-ai,https://aiinteaching.caltech.edu/; https://www.imss.caltech.edu/services/collaboration-storage-backups/caltech-ai/guidelines-for-secure-and-ethical-use-of-artificial-intelligence-ai; https://www.hss.caltech.edu/hss-policies/hss-policy-on-generative-ai,https://aiinteaching.caltech.edu/; https://writing.caltech.edu/resources-for-instructors/generative-ai-and-college-writing,https://aiinteaching.caltech.edu/; https://writing.caltech.edu/resources-for-instructors/generative-ai-and-college-writing,https://aiinteaching.caltech.edu/; https://writing.caltech.edu/resources-for-instructors/generative-ai-and-college-writing,0.6666666666666667,0.5416666666666666,0.16666666666666666,0.75,53.125,39.5,50.0,48.0,50.69444444444445,35.0,53.33333333333334,48.0
U43,1.0,1.0,0.5,1.0,0.6666666666666666,0.0,0.5,0.0,0.0,0.5,1.0,0.5,Private Research-Oriented,R1,West,~2k students,California Institute of Technology,"- https://www.imss.caltech.edu/services/collaboration-storage-backups/caltech-ai/guidelines-for-secure-and-ethical-use-of-artificial-intelligence-ai   
- https://aiinteaching.caltech.edu/  
- https://www.hss.caltech.edu/hss-policies/hss-policy-on-generative-ai 
- https://caltech.app.box.com/s/nbp3eg1x5h6ye3nznoi3118f5imjtxoj ","- https://ctlo.caltech.edu/universityteaching/resources/resources-for-teaching-in-the-age-of-ai 
- https://aiinteaching.caltech.edu/   
- https://writing.caltech.edu/resources-for-instructors/generative-ai-and-college-writing ",- https://ai4science.caltech.edu/   ,,"- https://aiinteaching.caltech.edu/ 
- https://caltech.app.box.com/s/nbp3eg1x5h6ye3nznoi3118f5imjtxoj ",,"- https://ist.caltech.edu/ai4science   
- https://cast.caltech.edu/   
- https://ctme.caltech.edu/ai-ml-lab-for-engineering-and-science.html   ","- https://www.imss.caltech.edu/services/collaboration-storage-backups/caltech-ai/guidelines-for-secure-and-ethical-use-of-artificial-intelligence-ai
- https://aiinteaching.caltech.edu/
- https://www.hss.caltech.edu/hss-policies/hss-policy-on-generative-ai
- https://caltech.app.box.com/s/nbp3eg1x5h6ye3nznoi3118f5imjtxoj
- https://ctlo.caltech.edu/universityteaching/resources/resources-for-teaching-in-the-age-of-ai
- https://writing.caltech.edu/resources-for-instructors/generative-ai-and-college-writing
- https://ai4science.caltech.edu/
- https://ist.caltech.edu/ai4science
- https://cast.caltech.edu/
- https://ctme.caltech.edu/ai-ml-lab-for-engineering-and-science.html",https://www.imss.caltech.edu/services/ai; https://ctlo.caltech.edu/universityteaching/resources/resources-for-teaching-in-the-age-of-ai,https://www.imss.caltech.edu/services/ai; https://writing.caltech.edu/resources-for-instructors/generative-ai-and-college-writing; https://www.hss.caltech.edu/hss-policies/hss-policy-on-generative-ai,https://aiinteaching.caltech.edu/; https://ctlo.caltech.edu/universityteaching/resources/resources-for-teaching-in-the-age-of-ai; https://writing.caltech.edu/resources-for-instructors/generative-ai-and-college-writing,https://writing.caltech.edu/resources-for-instructors/generative-ai-and-college-writing; https://www.imss.caltech.edu/services/ai,https://aiinteaching.caltech.edu/; https://ctlo.caltech.edu/universityteaching/resources/resources-for-teaching-in-the-age-of-ai; https://writing.caltech.edu/resources-for-instructors/generative-ai-and-college-writing; https://www.imss.caltech.edu/services/ai,https://ctlo.caltech.edu/universityteaching/resources/resources-for-teaching-in-the-age-of-ai; https://writing.caltech.edu/resources-for-instructors/generative-ai-and-college-writing,https://www.imss.caltech.edu/services/ai; https://www.imss.caltech.edu/services/collaboration-storage-backups/caltech-ai/guidelines-for-secure-and-ethical-use-of-artificial-intelligence-ai; https://aiinteaching.caltech.edu/,https://aiinteaching.caltech.edu/; https://www.imss.caltech.edu/services/ai,https://www.imss.caltech.edu/services/ai; https://writing.caltech.edu/resources-for-instructors/generative-ai-and-college-writing,https://aiinteaching.caltech.edu/; https://writing.caltech.edu/resources-for-instructors/generative-ai-and-college-writing,https://aiinteaching.caltech.edu/; https://writing.caltech.edu/resources-for-instructors/generative-ai-and-college-writing,0.75,0.5416666666666666,0.16666666666666666,0.75,55.20833333333333,37.0,51.515151515151516,46.0,52.083333333333336,33.0,55.00000000000001,44.5
U43,1.5,0.8333333333333334,0.5,1.0,0.6666666666666666,0.16666666666666666,0.3333333333333333,0.0,0.0,0.5,1.0,0.3333333333333333,Private Research-Oriented,R1,West,~2k students,California Institute of Technology,"- https://www.imss.caltech.edu/services/collaboration-storage-backups/caltech-ai/guidelines-for-secure-and-ethical-use-of-artificial-intelligence-ai   
- https://aiinteaching.caltech.edu/  
- https://www.hss.caltech.edu/hss-policies/hss-policy-on-generative-ai 
- https://caltech.app.box.com/s/nbp3eg1x5h6ye3nznoi3118f5imjtxoj ","- https://ctlo.caltech.edu/universityteaching/resources/resources-for-teaching-in-the-age-of-ai 
- https://aiinteaching.caltech.edu/   
- https://writing.caltech.edu/resources-for-instructors/generative-ai-and-college-writing ",- https://ai4science.caltech.edu/   ,,"- https://aiinteaching.caltech.edu/ 
- https://caltech.app.box.com/s/nbp3eg1x5h6ye3nznoi3118f5imjtxoj ",,"- https://ist.caltech.edu/ai4science   
- https://cast.caltech.edu/   
- https://ctme.caltech.edu/ai-ml-lab-for-engineering-and-science.html   ","- https://www.imss.caltech.edu/services/collaboration-storage-backups/caltech-ai/guidelines-for-secure-and-ethical-use-of-artificial-intelligence-ai
- https://aiinteaching.caltech.edu/
- https://www.hss.caltech.edu/hss-policies/hss-policy-on-generative-ai
- https://caltech.app.box.com/s/nbp3eg1x5h6ye3nznoi3118f5imjtxoj
- https://ctlo.caltech.edu/universityteaching/resources/resources-for-teaching-in-the-age-of-ai
- https://writing.caltech.edu/resources-for-instructors/generative-ai-and-college-writing
- https://ai4science.caltech.edu/
- https://ist.caltech.edu/ai4science
- https://cast.caltech.edu/
- https://ctme.caltech.edu/ai-ml-lab-for-engineering-and-science.html",https://writing.caltech.edu/resources-for-instructors/generative-ai-and-college-writing,https://www.hss.caltech.edu/hss-policies/hss-policy-on-generative-ai; https://www.imss.caltech.edu/services/ai; https://ctlo.caltech.edu/universityteaching/resources/resources-for-teaching-in-the-age-of-ai,https://ctlo.caltech.edu/universityteaching/resources/resources-for-teaching-in-the-age-of-ai; https://writing.caltech.edu/resources-for-instructors/generative-ai-and-college-writing; https://aiinteaching.caltech.edu/,https://ctlo.caltech.edu/universityteaching/resources/resources-for-teaching-in-the-age-of-ai; https://www.imss.caltech.edu/services/ai; https://www.hss.caltech.edu/hss-policies/hss-policy-on-generative-ai,https://aiinteaching.caltech.edu/; https://ctlo.caltech.edu/universityteaching/resources/resources-for-teaching-in-the-age-of-ai; https://writing.caltech.edu/resources-for-instructors/generative-ai-and-college-writing,https://writing.caltech.edu/resources-for-instructors/language-for-course-syllabi; https://ctlo.caltech.edu/universityteaching/resources/resources-for-teaching-in-the-age-of-ai,https://www.imss.caltech.edu/services/ai; https://www.imss.caltech.edu/services/collaboration-storage-backups/caltech-ai/guidelines-for-secure-and-ethical-use-of-artificial-intelligence-ai; https://aiinteaching.caltech.edu/,https://aiinteaching.caltech.edu/; https://www.imss.caltech.edu/services/ai,https://aiinteaching.caltech.edu/; https://writing.caltech.edu/resources-for-instructors/generative-ai-and-college-writing; https://www.imss.caltech.edu/services/ai,https://aiinteaching.caltech.edu/,https://aiinteaching.caltech.edu/,0.6666666666666667,0.5416666666666666,0.16666666666666666,0.6666666666666666,51.04166666666667,38.0,48.48484848484848,47.0,47.91666666666667,37.0,51.66666666666667,47.0
U44,0.5,0.5,0.3333333333333333,1.0,0.8333333333333334,0.5,0.8333333333333334,1.0,0.0,0.5,1.0,1.0,Private Research-Oriented,R1,West,~46k students,University of Southern California,"- https://academicintegrity.usc.edu/faculty-resources/addressing-generative-ai/   
- https://itservices.usc.edu/ai-faqs/   
- https://careers.usc.edu/ai-guidelines/   
- https://libguides.usc.edu/generative-AI/scholarship-research 
- https://libguides.usc.edu/generative-AI/usc-guidelines ","- https://cet.usc.edu/ai-teaching-at-usc-tools-guidance-and-faculty-examples/   
- https://cet.usc.edu/ai-in-education-a-resource-hub/   
- https://cet.usc.edu/ai-in-education-faculty-institutes/   
- https://cet.usc.edu/cet-spring-faculty-showcase-ai-in-teaching/   
- https://cet.usc.edu/resource_topic/ai/  
- https://cet.usc.edu/teaching-resources/teaching-with-ai/ 
- https://academicprograms.usc.edu/services/excellence-in-teaching/ ","- https://www.usc.edu/ai/  
- https://ai.usc.edu/ai-at-usc/   
- https://www.cais.usc.edu/   
- https://dayofscupport.usc.edu/p/cais/c/   
- https://www.uscaims.org/about   
- https://aai.usc.edu/   
- https://sac.usc.edu/credif/ 
- https://sites.usc.edu/ai-knowledge-hub/ ","- https://libraries.usc.edu/ai-literacy   
- https://libraries.usc.edu/article/your-ai-questions-answered-usc-libraries   
- https://libguides.usc.edu/AIskeptic ","- https://academicintegrity.usc.edu/faculty-resources/addressing-generative-ai/   
- https://libguides.usc.edu/generative-AI/scholarship-research 
- https://sites.usc.edu/ai-knowledge-hub/ 
- https://academicintegrity.usc.edu/generative-ai-and-chatgpt-edu/ ",- https://www.president.usc.edu/presidential-initiatives/presidents-ai-strategy-committee/ ,"- https://www.usc.edu/ai/  
- https://ai.usc.edu/ai-at-usc/   
- https://aai.usc.edu/   
- https://www.cais.usc.edu/  
- https://caisplusplus.usc.edu/ ","- https://academicintegrity.usc.edu/faculty-resources/addressing-generative-ai/
- https://itservices.usc.edu/ai-faqs/
- https://careers.usc.edu/ai-guidelines/
- https://libguides.usc.edu/generative-AI/scholarship-research
- https://libguides.usc.edu/generative-AI/usc-guidelines
- https://cet.usc.edu/ai-teaching-at-usc-tools-guidance-and-faculty-examples/
- https://cet.usc.edu/ai-in-education-a-resource-hub/
- https://cet.usc.edu/ai-in-education-faculty-institutes/
- https://cet.usc.edu/cet-spring-faculty-showcase-ai-in-teaching/
- https://cet.usc.edu/resource_topic/ai/
- https://cet.usc.edu/teaching-resources/teaching-with-ai/
- https://academicprograms.usc.edu/services/excellence-in-teaching/
- https://www.usc.edu/ai/
- https://ai.usc.edu/ai-at-usc/
- https://www.cais.usc.edu/
- https://dayofscupport.usc.edu/p/cais/c/
- https://www.uscaims.org/about
- https://aai.usc.edu/
- https://sac.usc.edu/credif/
- https://sites.usc.edu/ai-knowledge-hub/
- https://libraries.usc.edu/ai-literacy
- https://libraries.usc.edu/article/your-ai-questions-answered-usc-libraries
- https://libguides.usc.edu/AIskeptic
- https://academicintegrity.usc.edu/generative-ai-and-chatgpt-edu/
- https://www.president.usc.edu/presidential-initiatives/presidents-ai-strategy-committee/
- https://caisplusplus.usc.edu/",https://academicintegrity.usc.edu/faculty-resources/addressing-generative-ai/; https://libraries.usc.edu/article/your-ai-questions-answered-usc-libraries,https://itservices.usc.edu/ai-faqs/; https://academicintegrity.usc.edu/faculty-resources/addressing-generative-ai/,https://itservices.usc.edu/ai-faqs/; https://cet.usc.edu/ai-teaching-at-usc-tools-guidance-and-faculty-examples/; https://cet.usc.edu/ai-in-education-a-resource-hub/; https://cet.usc.edu/ai-in-education-faculty-institutes/; https://cet.usc.edu/teaching-resources/teaching-with-ai/,https://careers.usc.edu/ai-guidelines/; https://cet.usc.edu/ai-teaching-at-usc-tools-guidance-and-faculty-examples/,https://www.president.usc.edu/presidential-initiatives/presidents-ai-strategy-committee/; https://cet.usc.edu/ai-teaching-at-usc-tools-guidance-and-faculty-examples/,https://academicintegrity.usc.edu/faculty-resources/addressing-generative-ai/; https://cet.usc.edu/teaching-resources/syllabus-template/,https://www.president.usc.edu/presidential-initiatives/presidents-ai-strategy-committee/,https://www.president.usc.edu/presidential-initiatives/presidents-ai-strategy-committee/; https://cet.usc.edu/ai-teaching-at-usc-tools-guidance-and-faculty-examples/; https://itservices.usc.edu/ai-faqs/,https://cet.usc.edu/teaching-resources/syllabus-template/,https://academicintegrity.usc.edu/faculty-resources/addressing-generative-ai/,https://academicintegrity.usc.edu/faculty-resources/addressing-generative-ai/,0.41666666666666663,0.7916666666666667,0.5,1.0,67.70833333333334,11.0,68.18181818181817,16.0,70.1388888888889,2.0,70.0,14.5
U44,1.0,0.5,0.0,1.0,0.6666666666666666,0.3333333333333333,0.5,1.0,0.0,0.3333333333333333,1.0,1.0,Private Research-Oriented,R1,West,~46k students,University of Southern California,"- https://academicintegrity.usc.edu/faculty-resources/addressing-generative-ai/   
- https://itservices.usc.edu/ai-faqs/   
- https://careers.usc.edu/ai-guidelines/   
- https://libguides.usc.edu/generative-AI/scholarship-research 
- https://libguides.usc.edu/generative-AI/usc-guidelines ","- https://cet.usc.edu/ai-teaching-at-usc-tools-guidance-and-faculty-examples/   
- https://cet.usc.edu/ai-in-education-a-resource-hub/   
- https://cet.usc.edu/ai-in-education-faculty-institutes/   
- https://cet.usc.edu/cet-spring-faculty-showcase-ai-in-teaching/   
- https://cet.usc.edu/resource_topic/ai/  
- https://cet.usc.edu/teaching-resources/teaching-with-ai/ 
- https://academicprograms.usc.edu/services/excellence-in-teaching/ ","- https://www.usc.edu/ai/  
- https://ai.usc.edu/ai-at-usc/   
- https://www.cais.usc.edu/   
- https://dayofscupport.usc.edu/p/cais/c/   
- https://www.uscaims.org/about   
- https://aai.usc.edu/   
- https://sac.usc.edu/credif/ 
- https://sites.usc.edu/ai-knowledge-hub/ ","- https://libraries.usc.edu/ai-literacy   
- https://libraries.usc.edu/article/your-ai-questions-answered-usc-libraries   
- https://libguides.usc.edu/AIskeptic ","- https://academicintegrity.usc.edu/faculty-resources/addressing-generative-ai/   
- https://libguides.usc.edu/generative-AI/scholarship-research 
- https://sites.usc.edu/ai-knowledge-hub/ 
- https://academicintegrity.usc.edu/generative-ai-and-chatgpt-edu/ ",- https://www.president.usc.edu/presidential-initiatives/presidents-ai-strategy-committee/ ,"- https://www.usc.edu/ai/  
- https://ai.usc.edu/ai-at-usc/   
- https://aai.usc.edu/   
- https://www.cais.usc.edu/  
- https://caisplusplus.usc.edu/ ","- https://academicintegrity.usc.edu/faculty-resources/addressing-generative-ai/
- https://itservices.usc.edu/ai-faqs/
- https://careers.usc.edu/ai-guidelines/
- https://libguides.usc.edu/generative-AI/scholarship-research
- https://libguides.usc.edu/generative-AI/usc-guidelines
- https://cet.usc.edu/ai-teaching-at-usc-tools-guidance-and-faculty-examples/
- https://cet.usc.edu/ai-in-education-a-resource-hub/
- https://cet.usc.edu/ai-in-education-faculty-institutes/
- https://cet.usc.edu/cet-spring-faculty-showcase-ai-in-teaching/
- https://cet.usc.edu/resource_topic/ai/
- https://cet.usc.edu/teaching-resources/teaching-with-ai/
- https://academicprograms.usc.edu/services/excellence-in-teaching/
- https://www.usc.edu/ai/
- https://ai.usc.edu/ai-at-usc/
- https://www.cais.usc.edu/
- https://dayofscupport.usc.edu/p/cais/c/
- https://www.uscaims.org/about
- https://aai.usc.edu/
- https://sac.usc.edu/credif/
- https://sites.usc.edu/ai-knowledge-hub/
- https://libraries.usc.edu/ai-literacy
- https://libraries.usc.edu/article/your-ai-questions-answered-usc-libraries
- https://libguides.usc.edu/AIskeptic
- https://academicintegrity.usc.edu/generative-ai-and-chatgpt-edu/
- https://www.president.usc.edu/presidential-initiatives/presidents-ai-strategy-committee/
- https://caisplusplus.usc.edu/",https://academicintegrity.usc.edu/faculty-resources/addressing-generative-ai/; https://academicintegrity.usc.edu/generative-ai-and-chatgpt-edu/,https://academicintegrity.usc.edu/faculty-resources/addressing-generative-ai/; https://libraries.usc.edu/ai-literacy; https://libraries.usc.edu/article/your-ai-questions-answered-usc-libraries,https://cet.usc.edu/ai-teaching-at-usc-tools-guidance-and-faculty-examples/; https://cet.usc.edu/ai-in-education-a-resource-hub/; https://cet.usc.edu/ai-in-education-faculty-institutes/; https://cet.usc.edu/teaching-resources/teaching-with-ai/,https://cet.usc.edu/teaching-resources/teaching-with-ai/; https://academicintegrity.usc.edu/faculty-resources/addressing-generative-ai/,https://cet.usc.edu/ai-teaching-at-usc-tools-guidance-and-faculty-examples/; https://cet.usc.edu/ai-in-education-faculty-institutes/; https://cet.usc.edu/ai-in-education-a-resource-hub/,https://academicintegrity.usc.edu/faculty-resources/addressing-generative-ai/; https://cet.usc.edu/teaching-resources/syllabus-template/,https://www.president.usc.edu/presidential-initiatives/presidents-ai-strategy-committee/,https://www.president.usc.edu/presidential-initiatives/presidents-ai-strategy-committee/; https://www.usc.edu/ai/; https://ai.usc.edu/ai-at-usc/,https://cet.usc.edu/teaching-resources/syllabus-template/,https://academicintegrity.usc.edu/faculty-resources/addressing-generative-ai/,https://academicintegrity.usc.edu/faculty-resources/addressing-generative-ai/,0.25,0.625,0.4444444444444444,1.0,57.986111111111114,29.0,57.57575757575757,38.0,62.731481481481474,11.0,58.88888888888889,37.0
U44,1.5,0.5,0.16666666666666666,1.0,0.6666666666666666,0.3333333333333333,0.5,1.0,0.16666666666666666,0.5,1.0,1.0,Private Research-Oriented,R1,West,~46k students,University of Southern California,"- https://academicintegrity.usc.edu/faculty-resources/addressing-generative-ai/   
- https://itservices.usc.edu/ai-faqs/   
- https://careers.usc.edu/ai-guidelines/   
- https://libguides.usc.edu/generative-AI/scholarship-research 
- https://libguides.usc.edu/generative-AI/usc-guidelines ","- https://cet.usc.edu/ai-teaching-at-usc-tools-guidance-and-faculty-examples/   
- https://cet.usc.edu/ai-in-education-a-resource-hub/   
- https://cet.usc.edu/ai-in-education-faculty-institutes/   
- https://cet.usc.edu/cet-spring-faculty-showcase-ai-in-teaching/   
- https://cet.usc.edu/resource_topic/ai/  
- https://cet.usc.edu/teaching-resources/teaching-with-ai/ 
- https://academicprograms.usc.edu/services/excellence-in-teaching/ ","- https://www.usc.edu/ai/  
- https://ai.usc.edu/ai-at-usc/   
- https://www.cais.usc.edu/   
- https://dayofscupport.usc.edu/p/cais/c/   
- https://www.uscaims.org/about   
- https://aai.usc.edu/   
- https://sac.usc.edu/credif/ 
- https://sites.usc.edu/ai-knowledge-hub/ ","- https://libraries.usc.edu/ai-literacy   
- https://libraries.usc.edu/article/your-ai-questions-answered-usc-libraries   
- https://libguides.usc.edu/AIskeptic ","- https://academicintegrity.usc.edu/faculty-resources/addressing-generative-ai/   
- https://libguides.usc.edu/generative-AI/scholarship-research 
- https://sites.usc.edu/ai-knowledge-hub/ 
- https://academicintegrity.usc.edu/generative-ai-and-chatgpt-edu/ ",- https://www.president.usc.edu/presidential-initiatives/presidents-ai-strategy-committee/ ,"- https://www.usc.edu/ai/  
- https://ai.usc.edu/ai-at-usc/   
- https://aai.usc.edu/   
- https://www.cais.usc.edu/  
- https://caisplusplus.usc.edu/ ","- https://academicintegrity.usc.edu/faculty-resources/addressing-generative-ai/
- https://itservices.usc.edu/ai-faqs/
- https://careers.usc.edu/ai-guidelines/
- https://libguides.usc.edu/generative-AI/scholarship-research
- https://libguides.usc.edu/generative-AI/usc-guidelines
- https://cet.usc.edu/ai-teaching-at-usc-tools-guidance-and-faculty-examples/
- https://cet.usc.edu/ai-in-education-a-resource-hub/
- https://cet.usc.edu/ai-in-education-faculty-institutes/
- https://cet.usc.edu/cet-spring-faculty-showcase-ai-in-teaching/
- https://cet.usc.edu/resource_topic/ai/
- https://cet.usc.edu/teaching-resources/teaching-with-ai/
- https://academicprograms.usc.edu/services/excellence-in-teaching/
- https://www.usc.edu/ai/
- https://ai.usc.edu/ai-at-usc/
- https://www.cais.usc.edu/
- https://dayofscupport.usc.edu/p/cais/c/
- https://www.uscaims.org/about
- https://aai.usc.edu/
- https://sac.usc.edu/credif/
- https://sites.usc.edu/ai-knowledge-hub/
- https://libraries.usc.edu/ai-literacy
- https://libraries.usc.edu/article/your-ai-questions-answered-usc-libraries
- https://libguides.usc.edu/AIskeptic
- https://academicintegrity.usc.edu/generative-ai-and-chatgpt-edu/
- https://www.president.usc.edu/presidential-initiatives/presidents-ai-strategy-committee/
- https://caisplusplus.usc.edu/",https://academicintegrity.usc.edu/faculty-resources/addressing-generative-ai/; https://academicintegrity.usc.edu/generative-ai-and-chatgpt-edu/,https://academicintegrity.usc.edu/faculty-resources/addressing-generative-ai/; https://libraries.usc.edu/ai-literacy,https://itservices.usc.edu/ai-faqs/; https://cet.usc.edu/ai-teaching-at-usc-tools-guidance-and-faculty-examples/; https://cet.usc.edu/ai-in-education-a-resource-hub/; https://cet.usc.edu/ai-in-education-faculty-institutes/,https://careers.usc.edu/ai-guidelines/,https://cet.usc.edu/ai-in-education-a-resource-hub/; https://cet.usc.edu/ai-teaching-at-usc-tools-guidance-and-faculty-examples/,https://academicintegrity.usc.edu/faculty-resources/addressing-generative-ai/; https://cet.usc.edu/teaching-resources/syllabus-template/; https://itservices.usc.edu/ai-faqs/,https://www.president.usc.edu/presidential-initiatives/presidents-ai-strategy-committee/,https://www.president.usc.edu/presidential-initiatives/presidents-ai-strategy-committee/; https://www.usc.edu/ai/,https://cet.usc.edu/teaching-resources/syllabus-template/,https://academicintegrity.usc.edu/faculty-resources/addressing-generative-ai/,https://academicintegrity.usc.edu/faculty-resources/addressing-generative-ai/,0.3333333333333333,0.625,0.5555555555555556,1.0,62.84722222222222,18.0,62.121212121212125,23.5,67.82407407407408,2.0,62.77777777777778,27.0
U45,0.5,0.5,0.16666666666666666,1.0,0.8333333333333334,1.0,0.8333333333333334,0.0,0.0,0.0,1.0,0.5,Private Research-Oriented,R1,West,~13k students,University of Denver,"- https://libguides.du.edu/AIpolicy 
- https://otl.du.edu/plan-a-course/teaching-resources/artificial-intelligence-ai-in-the-classroom/concerns-about-ai-programs/ 
- https://studentaffairs.du.edu/sites/default/files/2023-09/Honor%20Code%202023%202024%20PublishB%201.pdf ","- https://otl.du.edu/plan-a-course/teaching-resources/artificial-intelligence-ai-in-the-classroom/   
- https://otl.du.edu/plan-a-course/teaching-resources/artificial-intelligence-ai-in-the-classroom/du-faculty-features-how-faculty-are-using-ai-in-the-classroom/   
- https://otl.du.edu/plan-a-course/teaching-resources/sample-syllabus-statements/ ",- https://www.du.edu/artificial-intelligence ,"- https://www.du.edu/artificial-intelligence/research   
- https://libguides.du.edu/AIpolicy ",- https://studentaffairs.du.edu/sites/default/files/2023-09/Honor%20Code%202023%202024%20PublishB%201.pdf ,,,"- https://libguides.du.edu/AIpolicy
- https://otl.du.edu/plan-a-course/teaching-resources/artificial-intelligence-ai-in-the-classroom/concerns-about-ai-programs/
- https://studentaffairs.du.edu/sites/default/files/2023-09/Honor%20Code%202023%202024%20PublishB%201.pdf
- https://otl.du.edu/plan-a-course/teaching-resources/artificial-intelligence-ai-in-the-classroom/
- https://otl.du.edu/plan-a-course/teaching-resources/artificial-intelligence-ai-in-the-classroom/du-faculty-features-how-faculty-are-using-ai-in-the-classroom/
- https://otl.du.edu/plan-a-course/teaching-resources/sample-syllabus-statements/
- https://www.du.edu/artificial-intelligence
- https://www.du.edu/artificial-intelligence/research",https://otl.du.edu/plan-a-course/teaching-resources/artificial-intelligence-ai-in-the-classroom/; https://otl.du.edu/plan-a-course/teaching-resources/artificial-intelligence-ai-in-the-classroom/using-ai-for-teaching/; https://studentaffairs.du.edu/sites/default/files/2023-09/Honor%20Code%202023%202024%20PublishB%201.pdf,https://otl.du.edu/plan-a-course/teaching-resources/artificial-intelligence-ai-in-the-classroom/; https://otl.du.edu/plan-a-course/teaching-resources/artificial-intelligence-ai-in-the-classroom/using-ai-for-teaching/; https://otl.du.edu/plan-a-course/teaching-resources/sample-syllabus-statements/,https://otl.du.edu/plan-a-course/teaching-resources/artificial-intelligence-ai-in-the-classroom/; https://otl.du.edu/plan-a-course/teaching-resources/artificial-intelligence-ai-in-the-classroom/using-ai-for-teaching/; https://otl.du.edu/plan-a-course/teaching-resources/artificial-intelligence-ai-in-the-classroom/concerns-about-ai-programs/,https://otl.du.edu/plan-a-course/teaching-resources/artificial-intelligence-ai-in-the-classroom/using-ai-for-teaching/; https://otl.du.edu/plan-a-course/teaching-resources/artificial-intelligence-ai-in-the-classroom/concerns-about-ai-programs/,https://otl.du.edu/plan-a-course/teaching-resources/artificial-intelligence-ai-in-the-classroom/,https://otl.du.edu/plan-a-course/teaching-resources/sample-syllabus-statements/; https://otl.du.edu/plan-a-course/teaching-resources/artificial-intelligence-ai-in-the-classroom/concerns-about-ai-programs/,https://www.du.edu/artificial-intelligence; https://www.du.edu/artificial-intelligence/research; https://otl.du.edu/plan-a-course/teaching-resources/artificial-intelligence-ai-in-the-classroom/,https://www.du.edu/artificial-intelligence; https://www.du.edu/artificial-intelligence/research; https://studentaffairs.du.edu/sites/default/files/2023-09/Honor%20Code%202023%202024%20PublishB%201.pdf,https://www.du.edu/artificial-intelligence; https://libguides.du.edu/AIpolicy,https://otl.du.edu/plan-a-course/teaching-resources/artificial-intelligence-ai-in-the-classroom/concerns-about-ai-programs/,https://studentaffairs.du.edu/sites/default/files/2023-09/Honor%20Code%202023%202024%20PublishB%201.pdf; https://otl.du.edu/plan-a-course/teaching-resources/artificial-intelligence-ai-in-the-classroom/concerns-about-ai-programs/,0.3333333333333333,0.9166666666666667,0.0,0.75,50.0,45.0,53.03030303030304,42.5,45.83333333333333,44.0,58.333333333333336,38.0
U45,1.0,0.5,0.0,1.0,0.8333333333333334,0.8333333333333334,0.8333333333333334,0.16666666666666666,0.0,0.0,1.0,0.5,Private Research-Oriented,R1,West,~13k students,University of Denver,"- https://libguides.du.edu/AIpolicy 
- https://otl.du.edu/plan-a-course/teaching-resources/artificial-intelligence-ai-in-the-classroom/concerns-about-ai-programs/ 
- https://studentaffairs.du.edu/sites/default/files/2023-09/Honor%20Code%202023%202024%20PublishB%201.pdf ","- https://otl.du.edu/plan-a-course/teaching-resources/artificial-intelligence-ai-in-the-classroom/   
- https://otl.du.edu/plan-a-course/teaching-resources/artificial-intelligence-ai-in-the-classroom/du-faculty-features-how-faculty-are-using-ai-in-the-classroom/   
- https://otl.du.edu/plan-a-course/teaching-resources/sample-syllabus-statements/ ",- https://www.du.edu/artificial-intelligence ,"- https://www.du.edu/artificial-intelligence/research   
- https://libguides.du.edu/AIpolicy ",- https://studentaffairs.du.edu/sites/default/files/2023-09/Honor%20Code%202023%202024%20PublishB%201.pdf ,,,"- https://libguides.du.edu/AIpolicy
- https://otl.du.edu/plan-a-course/teaching-resources/artificial-intelligence-ai-in-the-classroom/concerns-about-ai-programs/
- https://studentaffairs.du.edu/sites/default/files/2023-09/Honor%20Code%202023%202024%20PublishB%201.pdf
- https://otl.du.edu/plan-a-course/teaching-resources/artificial-intelligence-ai-in-the-classroom/
- https://otl.du.edu/plan-a-course/teaching-resources/artificial-intelligence-ai-in-the-classroom/du-faculty-features-how-faculty-are-using-ai-in-the-classroom/
- https://otl.du.edu/plan-a-course/teaching-resources/sample-syllabus-statements/
- https://www.du.edu/artificial-intelligence
- https://www.du.edu/artificial-intelligence/research",https://otl.du.edu/plan-a-course/teaching-resources/artificial-intelligence-ai-in-the-classroom/; https://studentaffairs.du.edu/sites/default/files/2023-09/Honor%20Code%202023%202024%20PublishB%201.pdf,https://otl.du.edu/plan-a-course/teaching-resources/artificial-intelligence-ai-in-the-classroom/; https://otl.du.edu/plan-a-course/teaching-resources/sample-syllabus-statements/; https://studentaffairs.du.edu/sites/default/files/2023-09/Honor%20Code%202023%202024%20PublishB%201.pdf,https://otl.du.edu/plan-a-course/teaching-resources/artificial-intelligence-ai-in-the-classroom/,https://otl.du.edu/plan-a-course/teaching-resources/artificial-intelligence-ai-in-the-classroom/; https://otl.du.edu/plan-a-course/teaching-resources/artificial-intelligence-ai-in-the-classroom/du-faculty-features-how-faculty-are-using-ai-in-the-classroom/,https://otl.du.edu/plan-a-course/teaching-resources/artificial-intelligence-ai-in-the-classroom/,https://otl.du.edu/plan-a-course/teaching-resources/artificial-intelligence-ai-in-the-classroom/concerns-about-ai-programs/; https://otl.du.edu/plan-a-course/teaching-resources/sample-syllabus-statements/,https://www.du.edu/artificial-intelligence; https://www.du.edu/artificial-intelligence/research; https://otl.du.edu/plan-a-course/teaching-resources/artificial-intelligence-ai-in-the-classroom/,https://www.du.edu/artificial-intelligence; https://www.du.edu/artificial-intelligence/research; https://otl.du.edu/plan-a-course/teaching-resources/artificial-intelligence-ai-in-the-classroom/,https://www.du.edu/artificial-intelligence; https://libguides.du.edu/AIpolicy; https://otl.du.edu/plan-a-course/teaching-resources/artificial-intelligence-ai-in-the-classroom/,https://otl.du.edu/plan-a-course/teaching-resources/artificial-intelligence-ai-in-the-classroom/concerns-about-ai-programs/,https://otl.du.edu/plan-a-course/teaching-resources/artificial-intelligence-ai-in-the-classroom/concerns-about-ai-programs/; https://studentaffairs.du.edu/sites/default/files/2023-09/Honor%20Code%202023%202024%20PublishB%201.pdf,0.25,0.8750000000000001,0.05555555555555555,0.75,48.26388888888889,47.0,51.515151515151516,46.0,45.601851851851855,41.0,56.111111111111114,42.0
U45,1.5,0.5,0.0,1.0,0.8333333333333334,0.6666666666666666,1.0,0.0,0.0,0.0,0.6666666666666666,0.5,Private Research-Oriented,R1,West,~13k students,University of Denver,"- https://libguides.du.edu/AIpolicy 
- https://otl.du.edu/plan-a-course/teaching-resources/artificial-intelligence-ai-in-the-classroom/concerns-about-ai-programs/ 
- https://studentaffairs.du.edu/sites/default/files/2023-09/Honor%20Code%202023%202024%20PublishB%201.pdf ","- https://otl.du.edu/plan-a-course/teaching-resources/artificial-intelligence-ai-in-the-classroom/   
- https://otl.du.edu/plan-a-course/teaching-resources/artificial-intelligence-ai-in-the-classroom/du-faculty-features-how-faculty-are-using-ai-in-the-classroom/   
- https://otl.du.edu/plan-a-course/teaching-resources/sample-syllabus-statements/ ",- https://www.du.edu/artificial-intelligence ,"- https://www.du.edu/artificial-intelligence/research   
- https://libguides.du.edu/AIpolicy ",- https://studentaffairs.du.edu/sites/default/files/2023-09/Honor%20Code%202023%202024%20PublishB%201.pdf ,,,"- https://libguides.du.edu/AIpolicy
- https://otl.du.edu/plan-a-course/teaching-resources/artificial-intelligence-ai-in-the-classroom/concerns-about-ai-programs/
- https://studentaffairs.du.edu/sites/default/files/2023-09/Honor%20Code%202023%202024%20PublishB%201.pdf
- https://otl.du.edu/plan-a-course/teaching-resources/artificial-intelligence-ai-in-the-classroom/
- https://otl.du.edu/plan-a-course/teaching-resources/artificial-intelligence-ai-in-the-classroom/du-faculty-features-how-faculty-are-using-ai-in-the-classroom/
- https://otl.du.edu/plan-a-course/teaching-resources/sample-syllabus-statements/
- https://www.du.edu/artificial-intelligence
- https://www.du.edu/artificial-intelligence/research",https://otl.du.edu/plan-a-course/teaching-resources/artificial-intelligence-ai-in-the-classroom/; https://studentaffairs.du.edu/sites/default/files/2023-09/Honor%20Code%202023%202024%20PublishB%201.pdf,https://otl.du.edu/plan-a-course/teaching-resources/artificial-intelligence-ai-in-the-classroom/; https://otl.du.edu/plan-a-course/teaching-resources/artificial-intelligence-ai-in-the-classroom/using-ai-for-teaching/; https://otl.du.edu/plan-a-course/teaching-resources/sample-syllabus-statements/,https://otl.du.edu/plan-a-course/teaching-resources/artificial-intelligence-ai-in-the-classroom/; https://otl.du.edu/plan-a-course/teaching-resources/artificial-intelligence-ai-in-the-classroom/using-ai-for-teaching/; https://otl.du.edu/plan-a-course/teaching-resources/artificial-intelligence-ai-in-the-classroom/concerns-about-ai-programs/,https://otl.du.edu/plan-a-course/teaching-resources/artificial-intelligence-ai-in-the-classroom/using-ai-for-teaching/; https://otl.du.edu/plan-a-course/teaching-resources/artificial-intelligence-ai-in-the-classroom/concerns-about-ai-programs/,https://otl.du.edu/plan-a-course/teaching-resources/artificial-intelligence-ai-in-the-classroom/; https://otl.du.edu/plan-a-course/teaching-resources/artificial-intelligence-ai-in-the-classroom/using-ai-for-teaching/; https://www.du.edu/artificial-intelligence; https://www.du.edu/artificial-intelligence/research,https://otl.du.edu/plan-a-course/teaching-resources/sample-syllabus-statements/; https://otl.du.edu/plan-a-course/teaching-resources/artificial-intelligence-ai-in-the-classroom/concerns-about-ai-programs/,https://www.du.edu/artificial-intelligence; https://www.du.edu/artificial-intelligence/research; https://otl.du.edu/plan-a-course/teaching-resources/artificial-intelligence-ai-in-the-classroom/,https://www.du.edu/artificial-intelligence; https://otl.du.edu/plan-a-course/teaching-resources/artificial-intelligence-ai-in-the-classroom/,https://www.du.edu/artificial-intelligence; https://otl.du.edu/plan-a-course/teaching-resources/artificial-intelligence-ai-in-the-classroom/,https://otl.du.edu/plan-a-course/teaching-resources/artificial-intelligence-ai-in-the-classroom/concerns-about-ai-programs/,https://otl.du.edu/plan-a-course/teaching-resources/artificial-intelligence-ai-in-the-classroom/concerns-about-ai-programs/; https://studentaffairs.du.edu/sites/default/files/2023-09/Honor%20Code%202023%202024%20PublishB%201.pdf,0.25,0.875,0.0,0.5833333333333333,42.70833333333333,54.0,46.96969696969697,51.0,38.19444444444444,50.5,51.66666666666666,48.0
U46,0.5,0.6666666666666666,0.6666666666666666,1.0,1.0,0.8333333333333334,1.0,1.0,0.0,0.3333333333333333,0.0,0.0,Private Research-Oriented,R2,West,~10k students,Pepperdine University,"- https://community.pepperdine.edu/it/ai/default.htm   
- https://community.pepperdine.edu/it/ai/oversight-committee.htm   
- https://community.pepperdine.edu/it/ai/tiered-trust.htm  
- https://community.pepperdine.edu/it/security/policies/usagepolicy.htm   
- https://www.pepperdine.edu/about/administration/provost/content/ai-use-syllabus-statements.pdf 
- https://infoguides.pepperdine.edu/AIGSEP ",- https://community.pepperdine.edu/techlearn/ ,- https://community.pepperdine.edu/it/ai/default.htm ,"- https://infoguides.pepperdine.edu/artificialIntelligence_home 
- https://infoguides.pepperdine.edu/AI ","- https://community.pepperdine.edu/it/ai/default.htm   
- https://www.pepperdine.edu/about/administration/provost/content/ai-use-syllabus-statements.pdf ","- https://community.pepperdine.edu/it/ai/oversight-committee.htm 
- https://community.pepperdine.edu/it/ai/position-statement.htm ","- https://community.pepperdine.edu/it/ai/default.htm   
- https://community.pepperdine.edu/it/ai/oversight-committee.htm   
- https://community.pepperdine.edu/it/tools/gsuite/gemini.htm   
- https://community.pepperdine.edu/it/tools/zoom/aicompanion.htm   
- https://infoguides.pepperdine.edu/AI ","- https://community.pepperdine.edu/it/ai/default.htm
- https://community.pepperdine.edu/it/ai/oversight-committee.htm
- https://community.pepperdine.edu/it/ai/tiered-trust.htm
- https://community.pepperdine.edu/it/security/policies/usagepolicy.htm
- https://www.pepperdine.edu/about/administration/provost/content/ai-use-syllabus-statements.pdf
- https://infoguides.pepperdine.edu/AIGSEP
- https://community.pepperdine.edu/techlearn/
- https://infoguides.pepperdine.edu/artificialIntelligence_home
- https://infoguides.pepperdine.edu/AI
- https://community.pepperdine.edu/it/ai/position-statement.htm
- https://community.pepperdine.edu/it/tools/gsuite/gemini.htm
- https://community.pepperdine.edu/it/tools/zoom/aicompanion.htm",https://community.pepperdine.edu/it/ai/; https://www.pepperdine.edu/about/administration/provost/content/ai-use-syllabus-statements.pdf,https://community.pepperdine.edu/it/ai/; https://www.pepperdine.edu/about/administration/provost/content/ai-use-syllabus-statements.pdf,https://community.pepperdine.edu/it/about/events/; https://community.pepperdine.edu/it/tools/gsuite/gemini.htm; https://community.pepperdine.edu/it/tools/zoom/aicompanion.htm; https://community.pepperdine.edu/techlearn/,https://www.pepperdine.edu/about/administration/provost/content/ai-use-syllabus-statements.pdf; https://community.pepperdine.edu/it/ai/,https://www.pepperdine.edu/about/administration/provost/content/ai-use-syllabus-statements.pdf,https://www.pepperdine.edu/about/administration/provost/content/ai-use-syllabus-statements.pdf,https://community.pepperdine.edu/it/ai/oversight-committee.htm,https://community.pepperdine.edu/it/ai/oversight-committee.htm; https://community.pepperdine.edu/it/ai/; https://community.pepperdine.edu/it/ai/position-statement.htm,https://community.pepperdine.edu/it/ai/,https://community.pepperdine.edu/it/ai/; https://community.pepperdine.edu/it/ai/position-statement.htm; https://community.pepperdine.edu/it/security/policies/usagepolicy.htm; https://www.pepperdine.edu/about/administration/provost/content/ai-use-syllabus-statements.pdf,https://community.pepperdine.edu/it/ai/; https://community.pepperdine.edu/it/ai/position-statement.htm; https://community.pepperdine.edu/it/security/policies/usagepolicy.htm; https://www.pepperdine.edu/about/administration/provost/content/ai-use-syllabus-statements.pdf,0.6666666666666666,0.9583333333333334,0.4444444444444444,0.0,51.736111111111114,41.0,59.09090909090909,35.0,41.898148148148145,48.0,60.55555555555555,35.0
U46,1.0,1.0,0.5,1.0,1.0,0.6666666666666666,1.0,1.0,0.16666666666666666,0.16666666666666666,0.0,0.0,Private Research-Oriented,R2,West,~10k students,Pepperdine University,"- https://community.pepperdine.edu/it/ai/default.htm   
- https://community.pepperdine.edu/it/ai/oversight-committee.htm   
- https://community.pepperdine.edu/it/ai/tiered-trust.htm  
- https://community.pepperdine.edu/it/security/policies/usagepolicy.htm   
- https://www.pepperdine.edu/about/administration/provost/content/ai-use-syllabus-statements.pdf 
- https://infoguides.pepperdine.edu/AIGSEP ",- https://community.pepperdine.edu/techlearn/ ,- https://community.pepperdine.edu/it/ai/default.htm ,"- https://infoguides.pepperdine.edu/artificialIntelligence_home 
- https://infoguides.pepperdine.edu/AI ","- https://community.pepperdine.edu/it/ai/default.htm   
- https://www.pepperdine.edu/about/administration/provost/content/ai-use-syllabus-statements.pdf ","- https://community.pepperdine.edu/it/ai/oversight-committee.htm 
- https://community.pepperdine.edu/it/ai/position-statement.htm ","- https://community.pepperdine.edu/it/ai/default.htm   
- https://community.pepperdine.edu/it/ai/oversight-committee.htm   
- https://community.pepperdine.edu/it/tools/gsuite/gemini.htm   
- https://community.pepperdine.edu/it/tools/zoom/aicompanion.htm   
- https://infoguides.pepperdine.edu/AI ","- https://community.pepperdine.edu/it/ai/default.htm
- https://community.pepperdine.edu/it/ai/oversight-committee.htm
- https://community.pepperdine.edu/it/ai/tiered-trust.htm
- https://community.pepperdine.edu/it/security/policies/usagepolicy.htm
- https://www.pepperdine.edu/about/administration/provost/content/ai-use-syllabus-statements.pdf
- https://infoguides.pepperdine.edu/AIGSEP
- https://community.pepperdine.edu/techlearn/
- https://infoguides.pepperdine.edu/artificialIntelligence_home
- https://infoguides.pepperdine.edu/AI
- https://community.pepperdine.edu/it/ai/position-statement.htm
- https://community.pepperdine.edu/it/tools/gsuite/gemini.htm
- https://community.pepperdine.edu/it/tools/zoom/aicompanion.htm",https://community.pepperdine.edu/it/ai/default.htm,https://www.pepperdine.edu/about/administration/provost/content/ai-use-syllabus-statements.pdf; https://community.pepperdine.edu/it/ai/default.htm,https://community.pepperdine.edu/it/ai/default.htm; https://community.pepperdine.edu/it/tools/gsuite/gemini.htm,https://www.pepperdine.edu/about/administration/provost/content/ai-use-syllabus-statements.pdf,https://www.pepperdine.edu/about/administration/provost/content/ai-use-syllabus-statements.pdf,https://www.pepperdine.edu/about/administration/provost/content/ai-use-syllabus-statements.pdf,https://community.pepperdine.edu/it/ai/oversight-committee.htm,https://community.pepperdine.edu/it/ai/oversight-committee.htm,https://community.pepperdine.edu/it/ai/default.htm; https://community.pepperdine.edu/it/ai/tiered-trust.htm; https://community.pepperdine.edu/it/ai/position-statement.htm; https://community.pepperdine.edu/it/security/policies/usagepolicy.htm; https://www.pepperdine.edu/about/administration/provost/content/ai-use-syllabus-statements.pdf,https://community.pepperdine.edu/it/ai/default.htm; https://community.pepperdine.edu/it/ai/position-statement.htm; https://community.pepperdine.edu/it/security/policies/usagepolicy.htm; https://www.pepperdine.edu/about/administration/provost/content/ai-use-syllabus-statements.pdf,https://community.pepperdine.edu/it/ai/default.htm; https://community.pepperdine.edu/it/ai/position-statement.htm; https://community.pepperdine.edu/it/security/policies/usagepolicy.htm; https://www.pepperdine.edu/about/administration/provost/content/ai-use-syllabus-statements.pdf,0.75,0.9166666666666666,0.4444444444444445,0.0,52.77777777777778,39.0,59.09090909090909,32.5,42.59259259259259,47.0,60.55555555555555,35.0
U46,1.5,0.8333333333333334,0.5,1.0,1.0,0.8333333333333334,1.0,1.0,0.0,0.16666666666666666,0.0,0.0,Private Research-Oriented,R2,West,~10k students,Pepperdine University,"- https://community.pepperdine.edu/it/ai/default.htm   
- https://community.pepperdine.edu/it/ai/oversight-committee.htm   
- https://community.pepperdine.edu/it/ai/tiered-trust.htm  
- https://community.pepperdine.edu/it/security/policies/usagepolicy.htm   
- https://www.pepperdine.edu/about/administration/provost/content/ai-use-syllabus-statements.pdf 
- https://infoguides.pepperdine.edu/AIGSEP ",- https://community.pepperdine.edu/techlearn/ ,- https://community.pepperdine.edu/it/ai/default.htm ,"- https://infoguides.pepperdine.edu/artificialIntelligence_home 
- https://infoguides.pepperdine.edu/AI ","- https://community.pepperdine.edu/it/ai/default.htm   
- https://www.pepperdine.edu/about/administration/provost/content/ai-use-syllabus-statements.pdf ","- https://community.pepperdine.edu/it/ai/oversight-committee.htm 
- https://community.pepperdine.edu/it/ai/position-statement.htm ","- https://community.pepperdine.edu/it/ai/default.htm   
- https://community.pepperdine.edu/it/ai/oversight-committee.htm   
- https://community.pepperdine.edu/it/tools/gsuite/gemini.htm   
- https://community.pepperdine.edu/it/tools/zoom/aicompanion.htm   
- https://infoguides.pepperdine.edu/AI ","- https://community.pepperdine.edu/it/ai/default.htm
- https://community.pepperdine.edu/it/ai/oversight-committee.htm
- https://community.pepperdine.edu/it/ai/tiered-trust.htm
- https://community.pepperdine.edu/it/security/policies/usagepolicy.htm
- https://www.pepperdine.edu/about/administration/provost/content/ai-use-syllabus-statements.pdf
- https://infoguides.pepperdine.edu/AIGSEP
- https://community.pepperdine.edu/techlearn/
- https://infoguides.pepperdine.edu/artificialIntelligence_home
- https://infoguides.pepperdine.edu/AI
- https://community.pepperdine.edu/it/ai/position-statement.htm
- https://community.pepperdine.edu/it/tools/gsuite/gemini.htm
- https://community.pepperdine.edu/it/tools/zoom/aicompanion.htm",https://community.pepperdine.edu/it/ai/default.htm,https://community.pepperdine.edu/it/ai/default.htm; https://www.pepperdine.edu/about/administration/provost/content/ai-use-syllabus-statements.pdf,https://community.pepperdine.edu/it/ai/default.htm; https://community.pepperdine.edu/it/tools/gsuite/gemini.htm; https://community.pepperdine.edu/it/tools/zoom/aicompanion.htm; https://community.pepperdine.edu/techlearn/,https://www.pepperdine.edu/about/administration/provost/content/ai-use-syllabus-statements.pdf; https://community.pepperdine.edu/it/ai/default.htm; https://community.pepperdine.edu/it/tools/zoom/aicompanion.htm,https://www.pepperdine.edu/about/administration/provost/content/ai-use-syllabus-statements.pdf,https://www.pepperdine.edu/about/administration/provost/content/ai-use-syllabus-statements.pdf,https://community.pepperdine.edu/it/ai/oversight-committee.htm,https://community.pepperdine.edu/it/ai/oversight-committee.htm; https://community.pepperdine.edu/it/ai/default.htm,https://community.pepperdine.edu/it/security/policies/usagepolicy.htm; https://www.pepperdine.edu/about/administration/provost/content/ai-use-syllabus-statements.pdf; https://community.pepperdine.edu/it/ai/default.htm,https://community.pepperdine.edu/it/ai/default.htm; https://community.pepperdine.edu/it/ai/position-statement.htm; https://www.pepperdine.edu/about/administration/provost/content/ai-use-syllabus-statements.pdf; https://community.pepperdine.edu/it/security/policies/usagepolicy.htm,https://community.pepperdine.edu/it/ai/default.htm; https://community.pepperdine.edu/it/ai/position-statement.htm; https://www.pepperdine.edu/about/administration/provost/content/ai-use-syllabus-statements.pdf; https://community.pepperdine.edu/it/security/policies/usagepolicy.htm,0.6666666666666667,0.9583333333333334,0.3888888888888889,0.0,50.34722222222222,39.5,57.57575757575758,33.0,40.0462962962963,47.0,59.44444444444444,32.5
U47,0.5,1.0,0.5,1.0,1.0,0.6666666666666666,1.0,0.5,0.5,0.5,0.0,0.5,Private Research-Oriented,R2,West,~10k students,Chapman University,"- https://www.chapman.edu/campus-services/information-systems/policies-and-procedures/guidelines-relating-to-data-privacy-and-security-when-using-generative-artificial-intelligence-tools.aspx   
- https://www.chapman.edu/ai/guidelines-for-the-use-of-ai.aspx   
- https://www.chapman.edu/ai/chapman-considerations-for-syllabus-policy-on-the-use-of-ai-generative-tools.aspx ",- https://www.chapman.edu/ai/artificial-intelligence-in-the-classroom.aspx ,- https://www.chapman.edu/ai/index.aspx ,- https://libguides.chapman.edu/AI ,"- https://www.chapman.edu/ai/chapman-considerations-for-syllabus-policy-on-the-use-of-ai-generative-tools.aspx 
- https://www.chapman.edu/ai/artificial-intelligence-in-the-classroom.aspx 
- https://www.chapman.edu/academics/academic-integrity/_files/information-for-students-2025.pdf ",,"- https://www.chapman.edu/ai/index.aspx   
- https://www.chapman.edu/campus-services/information-systems/research-technology-support/ai/index.aspx   
- https://www.chapman.edu/campus-services/information-systems/research-technology-support/pantherai/index.aspx   ","- https://www.chapman.edu/campus-services/information-systems/policies-and-procedures/guidelines-relating-to-data-privacy-and-security-when-using-generative-artificial-intelligence-tools.aspx
- https://www.chapman.edu/ai/guidelines-for-the-use-of-ai.aspx
- https://www.chapman.edu/ai/chapman-considerations-for-syllabus-policy-on-the-use-of-ai-generative-tools.aspx
- https://www.chapman.edu/ai/artificial-intelligence-in-the-classroom.aspx
- https://www.chapman.edu/ai/index.aspx
- https://libguides.chapman.edu/AI
- https://www.chapman.edu/academics/academic-integrity/_files/information-for-students-2025.pdf
- https://www.chapman.edu/campus-services/information-systems/research-technology-support/ai/index.aspx
- https://www.chapman.edu/campus-services/information-systems/research-technology-support/pantherai/index.aspx",https://www.chapman.edu/ai/key-terms.aspx; https://www.chapman.edu/ai/chapman-considerations-for-syllabus-policy-on-the-use-of-ai-generative-tools.aspx; https://www.chapman.edu/academics/academic-integrity/_files/information-for-students-2025.pdf,https://www.chapman.edu/ai/chapman-considerations-for-syllabus-policy-on-the-use-of-ai-generative-tools.aspx; https://www.chapman.edu/academics/academic-integrity/_files/information-for-students-2025.pdf,https://www.chapman.edu/ai/artificial-intelligence-in-the-classroom.aspx; https://www.chapman.edu/campus-services/information-systems/training/index.aspx,https://www.chapman.edu/ai/chapman-considerations-for-syllabus-policy-on-the-use-of-ai-generative-tools.aspx; https://www.chapman.edu/ai/guidelines-for-the-use-of-ai.aspx,https://www.chapman.edu/ai/chapman-considerations-for-syllabus-policy-on-the-use-of-ai-generative-tools.aspx,https://www.chapman.edu/ai/chapman-considerations-for-syllabus-policy-on-the-use-of-ai-generative-tools.aspx,https://www.chapman.edu/ai/chapman-considerations-for-syllabus-policy-on-the-use-of-ai-generative-tools.aspx; https://www.chapman.edu/campus-services/information-systems/policies-and-procedures/guidelines-relating-to-data-privacy-and-security-when-using-generative-artificial-intelligence-tools.aspx,https://www.chapman.edu/ai/index.aspx; https://www.chapman.edu/campus-services/information-systems/research-technology-support/ai/index.aspx; https://www.chapman.edu/campus-services/information-systems/research-technology-support/pantherai/index.aspx; https://www.chapman.edu/academics/academic-integrity/_files/information-for-students-2025.pdf,https://www.chapman.edu/ai/guidelines-for-the-use-of-ai.aspx; https://www.chapman.edu/campus-services/information-systems/policies-and-procedures/guidelines-relating-to-data-privacy-and-security-when-using-generative-artificial-intelligence-tools.aspx,https://www.chapman.edu/ai/chapman-considerations-for-syllabus-policy-on-the-use-of-ai-generative-tools.aspx; https://www.chapman.edu/academics/academic-integrity/_files/information-for-students-2025.pdf,https://www.chapman.edu/academics/academic-integrity/_files/information-for-students-2025.pdf,0.75,0.9166666666666666,0.5,0.25,60.416666666666664,26.0,65.15151515151516,23.0,52.77777777777778,32.5,66.66666666666666,24.0
U47,1.0,1.0,0.6666666666666666,1.0,1.0,0.8333333333333334,1.0,0.5,0.16666666666666666,0.5,0.16666666666666666,0.0,Private Research-Oriented,R2,West,~10k students,Chapman University,"- https://www.chapman.edu/campus-services/information-systems/policies-and-procedures/guidelines-relating-to-data-privacy-and-security-when-using-generative-artificial-intelligence-tools.aspx   
- https://www.chapman.edu/ai/guidelines-for-the-use-of-ai.aspx   
- https://www.chapman.edu/ai/chapman-considerations-for-syllabus-policy-on-the-use-of-ai-generative-tools.aspx ",- https://www.chapman.edu/ai/artificial-intelligence-in-the-classroom.aspx ,- https://www.chapman.edu/ai/index.aspx ,- https://libguides.chapman.edu/AI ,"- https://www.chapman.edu/ai/chapman-considerations-for-syllabus-policy-on-the-use-of-ai-generative-tools.aspx 
- https://www.chapman.edu/ai/artificial-intelligence-in-the-classroom.aspx 
- https://www.chapman.edu/academics/academic-integrity/_files/information-for-students-2025.pdf ",,"- https://www.chapman.edu/ai/index.aspx   
- https://www.chapman.edu/campus-services/information-systems/research-technology-support/ai/index.aspx   
- https://www.chapman.edu/campus-services/information-systems/research-technology-support/pantherai/index.aspx   ","- https://www.chapman.edu/campus-services/information-systems/policies-and-procedures/guidelines-relating-to-data-privacy-and-security-when-using-generative-artificial-intelligence-tools.aspx
- https://www.chapman.edu/ai/guidelines-for-the-use-of-ai.aspx
- https://www.chapman.edu/ai/chapman-considerations-for-syllabus-policy-on-the-use-of-ai-generative-tools.aspx
- https://www.chapman.edu/ai/artificial-intelligence-in-the-classroom.aspx
- https://www.chapman.edu/ai/index.aspx
- https://libguides.chapman.edu/AI
- https://www.chapman.edu/academics/academic-integrity/_files/information-for-students-2025.pdf
- https://www.chapman.edu/campus-services/information-systems/research-technology-support/ai/index.aspx
- https://www.chapman.edu/campus-services/information-systems/research-technology-support/pantherai/index.aspx",https://www.chapman.edu/ai/key-terms.aspx; https://www.chapman.edu/ai/chapman-considerations-for-syllabus-policy-on-the-use-of-ai-generative-tools.aspx,https://www.chapman.edu/ai/chapman-considerations-for-syllabus-policy-on-the-use-of-ai-generative-tools.aspx,https://www.chapman.edu/ai/artificial-intelligence-in-the-classroom.aspx; https://www.chapman.edu/ai/chapman-considerations-for-syllabus-policy-on-the-use-of-ai-generative-tools.aspx,https://www.chapman.edu/ai/chapman-considerations-for-syllabus-policy-on-the-use-of-ai-generative-tools.aspx; https://www.chapman.edu/ai/artificial-intelligence-in-the-classroom.aspx,https://www.chapman.edu/ai/chapman-considerations-for-syllabus-policy-on-the-use-of-ai-generative-tools.aspx,https://www.chapman.edu/ai/chapman-considerations-for-syllabus-policy-on-the-use-of-ai-generative-tools.aspx,https://www.chapman.edu/ai/chapman-considerations-for-syllabus-policy-on-the-use-of-ai-generative-tools.aspx,https://www.chapman.edu/academics/academic-integrity/_files/information-for-students-2025.pdf,https://www.chapman.edu/ai/guidelines-for-the-use-of-ai.aspx,https://www.chapman.edu/ai/index.aspx; https://www.chapman.edu/ai/artificial-intelligence-in-the-classroom.aspx; https://www.chapman.edu/ai/chapman-considerations-for-syllabus-policy-on-the-use-of-ai-generative-tools.aspx; https://www.chapman.edu/academics/academic-integrity/_files/information-for-students-2025.pdf,https://www.chapman.edu/academics/academic-integrity/_files/information-for-students-2025.pdf,0.8333333333333333,0.9583333333333334,0.38888888888888884,0.08333333333333333,56.59722222222222,34.0,62.121212121212125,27.0,45.60185185185184,42.0,64.44444444444444,27.0
U47,1.5,1.0,0.5,1.0,1.0,0.6666666666666666,1.0,0.3333333333333333,0.16666666666666666,0.16666666666666666,0.16666666666666666,0.0,Private Research-Oriented,R2,West,~10k students,Chapman University,"- https://www.chapman.edu/campus-services/information-systems/policies-and-procedures/guidelines-relating-to-data-privacy-and-security-when-using-generative-artificial-intelligence-tools.aspx   
- https://www.chapman.edu/ai/guidelines-for-the-use-of-ai.aspx   
- https://www.chapman.edu/ai/chapman-considerations-for-syllabus-policy-on-the-use-of-ai-generative-tools.aspx ",- https://www.chapman.edu/ai/artificial-intelligence-in-the-classroom.aspx ,- https://www.chapman.edu/ai/index.aspx ,- https://libguides.chapman.edu/AI ,"- https://www.chapman.edu/ai/chapman-considerations-for-syllabus-policy-on-the-use-of-ai-generative-tools.aspx 
- https://www.chapman.edu/ai/artificial-intelligence-in-the-classroom.aspx 
- https://www.chapman.edu/academics/academic-integrity/_files/information-for-students-2025.pdf ",,"- https://www.chapman.edu/ai/index.aspx   
- https://www.chapman.edu/campus-services/information-systems/research-technology-support/ai/index.aspx   
- https://www.chapman.edu/campus-services/information-systems/research-technology-support/pantherai/index.aspx   ","- https://www.chapman.edu/campus-services/information-systems/policies-and-procedures/guidelines-relating-to-data-privacy-and-security-when-using-generative-artificial-intelligence-tools.aspx
- https://www.chapman.edu/ai/guidelines-for-the-use-of-ai.aspx
- https://www.chapman.edu/ai/chapman-considerations-for-syllabus-policy-on-the-use-of-ai-generative-tools.aspx
- https://www.chapman.edu/ai/artificial-intelligence-in-the-classroom.aspx
- https://www.chapman.edu/ai/index.aspx
- https://libguides.chapman.edu/AI
- https://www.chapman.edu/academics/academic-integrity/_files/information-for-students-2025.pdf
- https://www.chapman.edu/campus-services/information-systems/research-technology-support/ai/index.aspx
- https://www.chapman.edu/campus-services/information-systems/research-technology-support/pantherai/index.aspx",https://www.chapman.edu/ai/key-terms.aspx; https://www.chapman.edu/academics/academic-integrity/_files/information-for-students-2025.pdf; https://www.chapman.edu/ai/guidelines-for-the-use-of-ai.aspx,https://www.chapman.edu/ai/chapman-considerations-for-syllabus-policy-on-the-use-of-ai-generative-tools.aspx; https://www.chapman.edu/ai/artificial-intelligence-in-the-classroom.aspx,https://www.chapman.edu/ai/artificial-intelligence-in-the-classroom.aspx; https://www.chapman.edu/ai/chapman-considerations-for-syllabus-policy-on-the-use-of-ai-generative-tools.aspx,https://www.chapman.edu/ai/chapman-considerations-for-syllabus-policy-on-the-use-of-ai-generative-tools.aspx; https://www.chapman.edu/ai/guidelines-for-the-use-of-ai.aspx,https://www.chapman.edu/ai/chapman-considerations-for-syllabus-policy-on-the-use-of-ai-generative-tools.aspx; https://www.chapman.edu/ai/artificial-intelligence-in-the-classroom.aspx,https://www.chapman.edu/ai/chapman-considerations-for-syllabus-policy-on-the-use-of-ai-generative-tools.aspx,https://www.chapman.edu/ai/index.aspx; https://www.chapman.edu/campus-services/information-systems/policies-and-procedures/guidelines-relating-to-data-privacy-and-security-when-using-generative-artificial-intelligence-tools.aspx,https://www.chapman.edu/ai/index.aspx; https://www.chapman.edu/academics/academic-integrity/_files/information-for-students-2025.pdf,https://www.chapman.edu/ai/index.aspx; https://www.chapman.edu/campus-services/information-systems/policies-and-procedures/guidelines-relating-to-data-privacy-and-security-when-using-generative-artificial-intelligence-tools.aspx,https://www.chapman.edu/ai/index.aspx; https://www.chapman.edu/academics/academic-integrity/_files/information-for-students-2025.pdf; https://www.chapman.edu/ai/chapman-considerations-for-syllabus-policy-on-the-use-of-ai-generative-tools.aspx,https://www.chapman.edu/academics/academic-integrity/_files/information-for-students-2025.pdf; https://www.chapman.edu/ai/index.aspx,0.75,0.9166666666666666,0.2222222222222222,0.08333333333333333,49.30555555555555,43.5,54.54545454545454,38.0,37.962962962962955,52.0,57.77777777777777,37.0
U48,0.5,0.6666666666666666,0.5,1.0,1.0,1.0,1.0,1.0,0.0,0.6666666666666666,1.0,0.5,Private Research-Oriented,R1,Midwest,~20k students,University of Chicago,"- https://genai.uchicago.edu   
- https://academictech.uchicago.edu/generative-ai/   
- https://guides.lib.uchicago.edu/GenAI   
- https://genai.uchicago.edu/en/about/generative-ai-guidance 
- https://genai.uchicago.edu/generative-ai-tools/approved-restricted-and-unauthorized-tools 
- https://genai.uchicago.edu/en/resources/students 
- https://guides.lib.uchicago.edu/c.php?g=1371911&p=10145580 
- https://genai.uchicago.edu/en/resources/students/generative-ai-student-guide ","- https://teaching.uchicago.edu/resources/programming-and-resources-generative-ai   
- https://teaching.uchicago.edu/programs/teaching-generative-ai-landscape 
- https://teaching.uchicago.edu/sites/default/files/2023-09/CCTL_AI%20Syllabus%20Statements.pdf ",- https://genai.uchicago.edu/ ,"- https://guides.lib.uchicago.edu/GenAI   
- https://knowledge.uchicago.edu/record/16386 
- https://knowledge.uchicago.edu/record/16387 ","- https://guides.lib.uchicago.edu/c.php?g=1371911&p=10145580 
- https://genai.uchicago.edu/en/resources/students ","- https://provost.uchicago.edu/reports/report-advancing-computing-and-ai-committee 
- https://provost.uchicago.edu/reports ","- https://science.uchicago.edu/data-science-ai  
- https://datascience.uchicago.edu/   
- https://datascience.uchicago.edu/about/about-dsi/   
- https://datascience.uchicago.edu/research/ai-science/   
- https://codas.uchicago.edu/ ","- https://genai.uchicago.edu
- https://academictech.uchicago.edu/generative-ai/
- https://guides.lib.uchicago.edu/GenAI
- https://genai.uchicago.edu/en/about/generative-ai-guidance
- https://genai.uchicago.edu/generative-ai-tools/approved-restricted-and-unauthorized-tools
- https://genai.uchicago.edu/en/resources/students
- https://guides.lib.uchicago.edu/c.php?g=1371911&p=10145580
- https://genai.uchicago.edu/en/resources/students/generative-ai-student-guide
- https://teaching.uchicago.edu/resources/programming-and-resources-generative-ai
- https://teaching.uchicago.edu/programs/teaching-generative-ai-landscape
- https://teaching.uchicago.edu/sites/default/files/2023-09/CCTL_AI%20Syllabus%20Statements.pdf
- https://genai.uchicago.edu/
- https://knowledge.uchicago.edu/record/16386
- https://knowledge.uchicago.edu/record/16387
- https://provost.uchicago.edu/reports/report-advancing-computing-and-ai-committee
- https://provost.uchicago.edu/reports
- https://science.uchicago.edu/data-science-ai
- https://datascience.uchicago.edu/
- https://datascience.uchicago.edu/about/about-dsi/
- https://datascience.uchicago.edu/research/ai-science/
- https://codas.uchicago.edu/",https://genai.uchicago.edu/en/resources/students/generative-ai-student-guide; https://academictech.uchicago.edu/generative-ai/,https://teaching.uchicago.edu/sites/default/files/2023-09/CCTL_AI%20Syllabus%20Statements.pdf; https://genai.uchicago.edu/en/resources/students/generative-ai-student-guide,https://teaching.uchicago.edu/resources/programming-and-resources-generative-ai; https://teaching.uchicago.edu/programs/teaching-generative-ai-landscape; https://academictech.uchicago.edu/generative-ai/,https://genai.uchicago.edu/en/resources/students/generative-ai-student-guide,https://teaching.uchicago.edu/resources/programming-and-resources-generative-ai; https://provost.uchicago.edu/reports/report-advancing-computing-and-ai-committee,https://teaching.uchicago.edu/sites/default/files/2023-09/CCTL_AI%20Syllabus%20Statements.pdf,https://provost.uchicago.edu/reports/report-advancing-computing-and-ai-committee,https://genai.uchicago.edu/en/resources/students/generative-ai-student-guide; https://genai.uchicago.edu/en/about/generative-ai-guidance; https://teaching.uchicago.edu/resources/programming-and-resources-generative-ai,https://genai.uchicago.edu/en/about/generative-ai-guidance,https://academictech.uchicago.edu/detection-software/,https://academictech.uchicago.edu/detection-software/,0.5833333333333333,1.0,0.5555555555555555,0.75,72.22222222222221,4.0,75.75757575757575,4.0,69.9074074074074,3.0,77.77777777777777,4.0
U48,1.0,0.6666666666666666,0.5,1.0,1.0,1.0,1.0,1.0,0.0,0.5,0.3333333333333333,0.0,Private Research-Oriented,R1,Midwest,~20k students,University of Chicago,"- https://genai.uchicago.edu   
- https://academictech.uchicago.edu/generative-ai/   
- https://guides.lib.uchicago.edu/GenAI   
- https://genai.uchicago.edu/en/about/generative-ai-guidance 
- https://genai.uchicago.edu/generative-ai-tools/approved-restricted-and-unauthorized-tools 
- https://genai.uchicago.edu/en/resources/students 
- https://guides.lib.uchicago.edu/c.php?g=1371911&p=10145580 
- https://genai.uchicago.edu/en/resources/students/generative-ai-student-guide ","- https://teaching.uchicago.edu/resources/programming-and-resources-generative-ai   
- https://teaching.uchicago.edu/programs/teaching-generative-ai-landscape 
- https://teaching.uchicago.edu/sites/default/files/2023-09/CCTL_AI%20Syllabus%20Statements.pdf ",- https://genai.uchicago.edu/ ,"- https://guides.lib.uchicago.edu/GenAI   
- https://knowledge.uchicago.edu/record/16386 
- https://knowledge.uchicago.edu/record/16387 ","- https://guides.lib.uchicago.edu/c.php?g=1371911&p=10145580 
- https://genai.uchicago.edu/en/resources/students ","- https://provost.uchicago.edu/reports/report-advancing-computing-and-ai-committee 
- https://provost.uchicago.edu/reports ","- https://science.uchicago.edu/data-science-ai  
- https://datascience.uchicago.edu/   
- https://datascience.uchicago.edu/about/about-dsi/   
- https://datascience.uchicago.edu/research/ai-science/   
- https://codas.uchicago.edu/ ","- https://genai.uchicago.edu
- https://academictech.uchicago.edu/generative-ai/
- https://guides.lib.uchicago.edu/GenAI
- https://genai.uchicago.edu/en/about/generative-ai-guidance
- https://genai.uchicago.edu/generative-ai-tools/approved-restricted-and-unauthorized-tools
- https://genai.uchicago.edu/en/resources/students
- https://guides.lib.uchicago.edu/c.php?g=1371911&p=10145580
- https://genai.uchicago.edu/en/resources/students/generative-ai-student-guide
- https://teaching.uchicago.edu/resources/programming-and-resources-generative-ai
- https://teaching.uchicago.edu/programs/teaching-generative-ai-landscape
- https://teaching.uchicago.edu/sites/default/files/2023-09/CCTL_AI%20Syllabus%20Statements.pdf
- https://genai.uchicago.edu/
- https://knowledge.uchicago.edu/record/16386
- https://knowledge.uchicago.edu/record/16387
- https://provost.uchicago.edu/reports/report-advancing-computing-and-ai-committee
- https://provost.uchicago.edu/reports
- https://science.uchicago.edu/data-science-ai
- https://datascience.uchicago.edu/
- https://datascience.uchicago.edu/about/about-dsi/
- https://datascience.uchicago.edu/research/ai-science/
- https://codas.uchicago.edu/",https://genai.uchicago.edu/en/resources/students/generative-ai-student-guide,https://genai.uchicago.edu/en/resources/students/generative-ai-student-guide; https://teaching.uchicago.edu/sites/default/files/2023-09/CCTL_AI%20Syllabus%20Statements.pdf,https://academictech.uchicago.edu/generative-ai/; https://teaching.uchicago.edu/resources/programming-and-resources-generative-ai; https://teaching.uchicago.edu/programs/teaching-generative-ai-landscape,https://genai.uchicago.edu/en/resources/students/generative-ai-student-guide; https://academictech.uchicago.edu/generative-ai/,https://teaching.uchicago.edu/resources/programming-and-resources-generative-ai; https://provost.uchicago.edu/sites/default/files/2025-08/AIEducationWGReport.pdf; https://academictech.uchicago.edu/generative-ai/,https://teaching.uchicago.edu/sites/default/files/2023-09/CCTL_AI%20Syllabus%20Statements.pdf; https://academictech.uchicago.edu/generative-ai/,https://provost.uchicago.edu/reports/report-advancing-computing-and-ai-committee,https://genai.uchicago.edu/en/about/generative-ai-guidance; https://academictech.uchicago.edu/generative-ai/; https://teaching.uchicago.edu/resources/programming-and-resources-generative-ai,https://genai.uchicago.edu/en/about/generative-ai-guidance,https://academictech.uchicago.edu/generative-ai/,https://academictech.uchicago.edu/generative-ai/; https://genai.uchicago.edu/en/about/generative-ai-guidance,0.5833333333333333,1.0,0.5,0.16666666666666666,56.249999999999986,35.0,63.636363636363626,25.0,48.61111111111111,39.0,64.99999999999999,26.0
U48,1.5,0.5,0.5,1.0,1.0,1.0,1.0,0.8333333333333334,0.0,0.6666666666666666,0.8333333333333334,0.3333333333333333,Private Research-Oriented,R1,Midwest,~20k students,University of Chicago,"- https://genai.uchicago.edu   
- https://academictech.uchicago.edu/generative-ai/   
- https://guides.lib.uchicago.edu/GenAI   
- https://genai.uchicago.edu/en/about/generative-ai-guidance 
- https://genai.uchicago.edu/generative-ai-tools/approved-restricted-and-unauthorized-tools 
- https://genai.uchicago.edu/en/resources/students 
- https://guides.lib.uchicago.edu/c.php?g=1371911&p=10145580 
- https://genai.uchicago.edu/en/resources/students/generative-ai-student-guide ","- https://teaching.uchicago.edu/resources/programming-and-resources-generative-ai   
- https://teaching.uchicago.edu/programs/teaching-generative-ai-landscape 
- https://teaching.uchicago.edu/sites/default/files/2023-09/CCTL_AI%20Syllabus%20Statements.pdf ",- https://genai.uchicago.edu/ ,"- https://guides.lib.uchicago.edu/GenAI   
- https://knowledge.uchicago.edu/record/16386 
- https://knowledge.uchicago.edu/record/16387 ","- https://guides.lib.uchicago.edu/c.php?g=1371911&p=10145580 
- https://genai.uchicago.edu/en/resources/students ","- https://provost.uchicago.edu/reports/report-advancing-computing-and-ai-committee 
- https://provost.uchicago.edu/reports ","- https://science.uchicago.edu/data-science-ai  
- https://datascience.uchicago.edu/   
- https://datascience.uchicago.edu/about/about-dsi/   
- https://datascience.uchicago.edu/research/ai-science/   
- https://codas.uchicago.edu/ ","- https://genai.uchicago.edu
- https://academictech.uchicago.edu/generative-ai/
- https://guides.lib.uchicago.edu/GenAI
- https://genai.uchicago.edu/en/about/generative-ai-guidance
- https://genai.uchicago.edu/generative-ai-tools/approved-restricted-and-unauthorized-tools
- https://genai.uchicago.edu/en/resources/students
- https://guides.lib.uchicago.edu/c.php?g=1371911&p=10145580
- https://genai.uchicago.edu/en/resources/students/generative-ai-student-guide
- https://teaching.uchicago.edu/resources/programming-and-resources-generative-ai
- https://teaching.uchicago.edu/programs/teaching-generative-ai-landscape
- https://teaching.uchicago.edu/sites/default/files/2023-09/CCTL_AI%20Syllabus%20Statements.pdf
- https://genai.uchicago.edu/
- https://knowledge.uchicago.edu/record/16386
- https://knowledge.uchicago.edu/record/16387
- https://provost.uchicago.edu/reports/report-advancing-computing-and-ai-committee
- https://provost.uchicago.edu/reports
- https://science.uchicago.edu/data-science-ai
- https://datascience.uchicago.edu/
- https://datascience.uchicago.edu/about/about-dsi/
- https://datascience.uchicago.edu/research/ai-science/
- https://codas.uchicago.edu/",https://academictech.uchicago.edu/generative-ai/; https://genai.uchicago.edu/en/resources/students/generative-ai-student-guide,https://genai.uchicago.edu/en/resources/students/generative-ai-student-guide; https://teaching.uchicago.edu/sites/default/files/2023-09/CCTL_AI%20Syllabus%20Statements.pdf,https://genai.uchicago.edu/resources/faculty-and-instructors; https://teaching.uchicago.edu/resources/programming-and-resources-generative-ai; https://academictech.uchicago.edu/generative-ai/,https://genai.uchicago.edu/en/resources/students/generative-ai-student-guide,https://provost.uchicago.edu/reports; https://teaching.uchicago.edu/resources/programming-and-resources-generative-ai,https://teaching.uchicago.edu/sites/default/files/2023-09/CCTL_AI%20Syllabus%20Statements.pdf; https://teaching.uchicago.edu/resources/programming-and-resources-generative-ai,https://provost.uchicago.edu/reports/report-advancing-computing-and-ai-committee; https://provost.uchicago.edu/reports,https://provost.uchicago.edu/reports; https://genai.uchicago.edu/en/about/generative-ai-guidance,https://genai.uchicago.edu/en/about/generative-ai-guidance; https://genai.uchicago.edu/generative-ai-tools/approved-restricted-and-unauthorized-tools,https://academictech.uchicago.edu/detection-software/,https://academictech.uchicago.edu/detection-software/,0.5,1.0,0.5,0.5833333333333334,64.58333333333334,14.5,69.6969696969697,7.0,61.111111111111114,12.0,71.66666666666667,9.0
U49,0.5,0.0,0.0,0.0,0.0,0.0,0.0,0.0,0.0,0.0,0.0,0.0,Private Research-Oriented,R1,Midwest,~13k students,University of Notre Dame,"- https://ai.nd.edu/ai-in-action/policies-and-guidelines/   
- https://honorcode.nd.edu/generative-ai-policy-for-students-august-2023/   
- https://ai.nd.edu/essentials/students/ 
- https://ai.nd.edu/about/generative-ai-task-force-gait/ai-recommendations/   
- https://ai.nd.edu/about/generative-ai-task-force-gait/   
- https://learning.nd.edu/resource-library/writing-ai-syllabus-policies-a-practical-guide-for-notre-dame-faculty/ ","- https://learning.nd.edu/   
- https://learning.nd.edu/about/kaneb-center/   
- https://learning.nd.edu/resource-library/   
- https://learning.nd.edu/learning-technology/lab-for-ai-in-teaching-and-learning-laitl/ai-academy/   
- https://learning.nd.edu/learning-technology/lab-for-ai-in-teaching-and-learning-laitl/ai-coaching/   
- https://learning.nd.edu/consultations-and-programs/kccda/ ","- https://ai.nd.edu/   
- https://strategicframework.nd.edu/initiatives/data-ai-computing/   ",- https://libguides.library.nd.edu/ai ,"- https://altech.nd.edu/artificial-intelligence/academic-integrity/   
- https://honorcode.nd.edu/generative-ai-policy-for-students-august-2023/  
- https://honorcode.nd.edu/official-statement-regarding-generative-ai-may-2023/   
- https://honorcode.nd.edu/policy-update-ai-editing-tools-fall-2024/  
- https://learningcontinuity.nd.edu/honor-code-academic-integrity/  ","- https://ai.nd.edu/about/generative-ai-task-force-gait/   
- https://ai.nd.edu/about/generative-ai-task-force-gait/ai-recommendations/   
- https://ai.nd.edu/about/ai-innovation-council/   
- https://strategicframework.nd.edu/initiatives/data-ai-computing/curriculum-task-force/ 
- https://strategicframework.nd.edu/initiatives/data-ai-computing/ ",,"- https://ai.nd.edu/ai-in-action/policies-and-guidelines/
- https://honorcode.nd.edu/generative-ai-policy-for-students-august-2023/
- https://ai.nd.edu/essentials/students/
- https://ai.nd.edu/about/generative-ai-task-force-gait/ai-recommendations/
- https://ai.nd.edu/about/generative-ai-task-force-gait/
- https://learning.nd.edu/resource-library/writing-ai-syllabus-policies-a-practical-guide-for-notre-dame-faculty/
- https://learning.nd.edu/
- https://learning.nd.edu/about/kaneb-center/
- https://learning.nd.edu/resource-library/
- https://learning.nd.edu/learning-technology/lab-for-ai-in-teaching-and-learning-laitl/ai-academy/
- https://learning.nd.edu/learning-technology/lab-for-ai-in-teaching-and-learning-laitl/ai-coaching/
- https://learning.nd.edu/consultations-and-programs/kccda/
- https://ai.nd.edu/
- https://strategicframework.nd.edu/initiatives/data-ai-computing/
- https://libguides.library.nd.edu/ai
- https://altech.nd.edu/artificial-intelligence/academic-integrity/
- https://honorcode.nd.edu/official-statement-regarding-generative-ai-may-2023/
- https://honorcode.nd.edu/policy-update-ai-editing-tools-fall-2024/
- https://learningcontinuity.nd.edu/honor-code-academic-integrity/
- https://ai.nd.edu/about/ai-innovation-council/
- https://strategicframework.nd.edu/initiatives/data-ai-computing/curriculum-task-force/",https://honorcode.nd.edu/generative-ai-policy-for-students-august-2023/; https://ai.nd.edu/essentials/students/; https://ai.nd.edu/ai-in-action/policies-and-guidelines/,https://libguides.library.nd.edu/ai; https://ai.nd.edu/ai-in-action/policies-and-guidelines/; https://learning.nd.edu/resource-library/writing-ai-syllabus-policies-a-practical-guide-for-notre-dame-faculty/,https://learning.nd.edu/resource-library/writing-ai-syllabus-policies-a-practical-guide-for-notre-dame-faculty/; https://learning.nd.edu/learning-technology/lab-for-ai-in-teaching-and-learning-laitl/ai-academy/; https://learning.nd.edu/learning-technology/lab-for-ai-in-teaching-and-learning-laitl/ai-coaching/,https://ai.nd.edu/essentials/students/; https://altech.nd.edu/artificial-intelligence/academic-integrity/; https://learning.nd.edu/resource-library/writing-ai-syllabus-policies-a-practical-guide-for-notre-dame-faculty/,https://learning.nd.edu/learning-technology/lab-for-ai-in-teaching-and-learning-laitl/ai-academy/; https://learning.nd.edu/learning-technology/lab-for-ai-in-teaching-and-learning-laitl/ai-coaching/; https://learning.nd.edu/about/kaneb-center/,https://learning.nd.edu/resource-library/writing-ai-syllabus-policies-a-practical-guide-for-notre-dame-faculty/; https://learning.nd.edu/resource-library/,https://ai.nd.edu/about/generative-ai-task-force-gait/; https://ai.nd.edu/about/ai-innovation-council/,https://ai.nd.edu/about/generative-ai-task-force-gait/; https://ai.nd.edu/about/ai-innovation-council/,https://honorcode.nd.edu/policy-update-ai-editing-tools-fall-2024/; https://honorcode.nd.edu/official-statement-regarding-generative-ai-may-2023/,https://altech.nd.edu/artificial-intelligence/academic-integrity/; https://learningcontinuity.nd.edu/honor-code-academic-integrity/; https://honorcode.nd.edu/policy-update-ai-editing-tools-fall-2024/,https://altech.nd.edu/artificial-intelligence/academic-integrity/; https://learningcontinuity.nd.edu/honor-code-academic-integrity/; https://honorcode.nd.edu/generative-ai-policy-for-students-august-2023/,0.0,0.0,0.0,0.0,0.0,77.0,0.0,77.0,0.0,77.0,0.0,77.0
U49,1.0,0.0,0.0,0.0,0.0,0.0,0.0,0.0,0.0,0.0,0.0,0.0,Private Research-Oriented,R1,Midwest,~13k students,University of Notre Dame,"- https://ai.nd.edu/ai-in-action/policies-and-guidelines/   
- https://honorcode.nd.edu/generative-ai-policy-for-students-august-2023/   
- https://ai.nd.edu/essentials/students/ 
- https://ai.nd.edu/about/generative-ai-task-force-gait/ai-recommendations/   
- https://ai.nd.edu/about/generative-ai-task-force-gait/   
- https://learning.nd.edu/resource-library/writing-ai-syllabus-policies-a-practical-guide-for-notre-dame-faculty/ ","- https://learning.nd.edu/   
- https://learning.nd.edu/about/kaneb-center/   
- https://learning.nd.edu/resource-library/   
- https://learning.nd.edu/learning-technology/lab-for-ai-in-teaching-and-learning-laitl/ai-academy/   
- https://learning.nd.edu/learning-technology/lab-for-ai-in-teaching-and-learning-laitl/ai-coaching/   
- https://learning.nd.edu/consultations-and-programs/kccda/ ","- https://ai.nd.edu/   
- https://strategicframework.nd.edu/initiatives/data-ai-computing/   ",- https://libguides.library.nd.edu/ai ,"- https://altech.nd.edu/artificial-intelligence/academic-integrity/   
- https://honorcode.nd.edu/generative-ai-policy-for-students-august-2023/  
- https://honorcode.nd.edu/official-statement-regarding-generative-ai-may-2023/   
- https://honorcode.nd.edu/policy-update-ai-editing-tools-fall-2024/  
- https://learningcontinuity.nd.edu/honor-code-academic-integrity/  ","- https://ai.nd.edu/about/generative-ai-task-force-gait/   
- https://ai.nd.edu/about/generative-ai-task-force-gait/ai-recommendations/   
- https://ai.nd.edu/about/ai-innovation-council/   
- https://strategicframework.nd.edu/initiatives/data-ai-computing/curriculum-task-force/ 
- https://strategicframework.nd.edu/initiatives/data-ai-computing/ ",,"- https://ai.nd.edu/ai-in-action/policies-and-guidelines/
- https://honorcode.nd.edu/generative-ai-policy-for-students-august-2023/
- https://ai.nd.edu/essentials/students/
- https://ai.nd.edu/about/generative-ai-task-force-gait/ai-recommendations/
- https://ai.nd.edu/about/generative-ai-task-force-gait/
- https://learning.nd.edu/resource-library/writing-ai-syllabus-policies-a-practical-guide-for-notre-dame-faculty/
- https://learning.nd.edu/
- https://learning.nd.edu/about/kaneb-center/
- https://learning.nd.edu/resource-library/
- https://learning.nd.edu/learning-technology/lab-for-ai-in-teaching-and-learning-laitl/ai-academy/
- https://learning.nd.edu/learning-technology/lab-for-ai-in-teaching-and-learning-laitl/ai-coaching/
- https://learning.nd.edu/consultations-and-programs/kccda/
- https://ai.nd.edu/
- https://strategicframework.nd.edu/initiatives/data-ai-computing/
- https://libguides.library.nd.edu/ai
- https://altech.nd.edu/artificial-intelligence/academic-integrity/
- https://honorcode.nd.edu/official-statement-regarding-generative-ai-may-2023/
- https://honorcode.nd.edu/policy-update-ai-editing-tools-fall-2024/
- https://learningcontinuity.nd.edu/honor-code-academic-integrity/
- https://ai.nd.edu/about/ai-innovation-council/
- https://strategicframework.nd.edu/initiatives/data-ai-computing/curriculum-task-force/",https://honorcode.nd.edu/generative-ai-policy-for-students-august-2023/; https://ai.nd.edu/essentials/students/; https://ai.nd.edu/ai-in-action/policies-and-guidelines/,https://libguides.library.nd.edu/ai; https://ai.nd.edu/essentials/students/; https://learning.nd.edu/resource-library/writing-ai-syllabus-policies-a-practical-guide-for-notre-dame-faculty/,https://learning.nd.edu/resource-library/writing-ai-syllabus-policies-a-practical-guide-for-notre-dame-faculty/; https://learning.nd.edu/learning-technology/lab-for-ai-in-teaching-and-learning-laitl/ai-academy/; https://learning.nd.edu/learning-technology/lab-for-ai-in-teaching-and-learning-laitl/ai-coaching/,https://ai.nd.edu/essentials/students/; https://ai.nd.edu/about/generative-ai-task-force-gait/ai-recommendations/; https://altech.nd.edu/artificial-intelligence/academic-integrity/,https://learning.nd.edu/learning-technology/lab-for-ai-in-teaching-and-learning-laitl/ai-academy/; https://learning.nd.edu/learning-technology/lab-for-ai-in-teaching-and-learning-laitl/ai-coaching/; https://learning.nd.edu/about/kaneb-center/,https://learning.nd.edu/resource-library/writing-ai-syllabus-policies-a-practical-guide-for-notre-dame-faculty/,https://ai.nd.edu/about/generative-ai-task-force-gait/; https://ai.nd.edu/about/ai-innovation-council/,https://ai.nd.edu/about/generative-ai-task-force-gait/; https://ai.nd.edu/about/ai-innovation-council/,https://honorcode.nd.edu/official-statement-regarding-generative-ai-may-2023/; https://honorcode.nd.edu/policy-update-ai-editing-tools-fall-2024/; https://honorcode.nd.edu/generative-ai-policy-for-students-august-2023/,https://learningcontinuity.nd.edu/honor-code-academic-integrity/; https://altech.nd.edu/artificial-intelligence/academic-integrity/; https://honorcode.nd.edu/policy-update-ai-editing-tools-fall-2024/,https://learningcontinuity.nd.edu/honor-code-academic-integrity/; https://altech.nd.edu/artificial-intelligence/academic-integrity/; https://honorcode.nd.edu/generative-ai-policy-for-students-august-2023/,0.0,0.0,0.0,0.0,0.0,77.5,0.0,77.5,0.0,77.5,0.0,77.5
U49,1.5,0.3333333333333333,0.16666666666666666,0.3333333333333333,0.3333333333333333,0.16666666666666666,0.3333333333333333,0.3333333333333333,0.16666666666666666,0.16666666666666666,0.0,0.0,Private Research-Oriented,R1,Midwest,~13k students,University of Notre Dame,"- https://ai.nd.edu/ai-in-action/policies-and-guidelines/   
- https://honorcode.nd.edu/generative-ai-policy-for-students-august-2023/   
- https://ai.nd.edu/essentials/students/ 
- https://ai.nd.edu/about/generative-ai-task-force-gait/ai-recommendations/   
- https://ai.nd.edu/about/generative-ai-task-force-gait/   
- https://learning.nd.edu/resource-library/writing-ai-syllabus-policies-a-practical-guide-for-notre-dame-faculty/ ","- https://learning.nd.edu/   
- https://learning.nd.edu/about/kaneb-center/   
- https://learning.nd.edu/resource-library/   
- https://learning.nd.edu/learning-technology/lab-for-ai-in-teaching-and-learning-laitl/ai-academy/   
- https://learning.nd.edu/learning-technology/lab-for-ai-in-teaching-and-learning-laitl/ai-coaching/   
- https://learning.nd.edu/consultations-and-programs/kccda/ ","- https://ai.nd.edu/   
- https://strategicframework.nd.edu/initiatives/data-ai-computing/   ",- https://libguides.library.nd.edu/ai ,"- https://altech.nd.edu/artificial-intelligence/academic-integrity/   
- https://honorcode.nd.edu/generative-ai-policy-for-students-august-2023/  
- https://honorcode.nd.edu/official-statement-regarding-generative-ai-may-2023/   
- https://honorcode.nd.edu/policy-update-ai-editing-tools-fall-2024/  
- https://learningcontinuity.nd.edu/honor-code-academic-integrity/  ","- https://ai.nd.edu/about/generative-ai-task-force-gait/   
- https://ai.nd.edu/about/generative-ai-task-force-gait/ai-recommendations/   
- https://ai.nd.edu/about/ai-innovation-council/   
- https://strategicframework.nd.edu/initiatives/data-ai-computing/curriculum-task-force/ 
- https://strategicframework.nd.edu/initiatives/data-ai-computing/ ",,"- https://ai.nd.edu/ai-in-action/policies-and-guidelines/
- https://honorcode.nd.edu/generative-ai-policy-for-students-august-2023/
- https://ai.nd.edu/essentials/students/
- https://ai.nd.edu/about/generative-ai-task-force-gait/ai-recommendations/
- https://ai.nd.edu/about/generative-ai-task-force-gait/
- https://learning.nd.edu/resource-library/writing-ai-syllabus-policies-a-practical-guide-for-notre-dame-faculty/
- https://learning.nd.edu/
- https://learning.nd.edu/about/kaneb-center/
- https://learning.nd.edu/resource-library/
- https://learning.nd.edu/learning-technology/lab-for-ai-in-teaching-and-learning-laitl/ai-academy/
- https://learning.nd.edu/learning-technology/lab-for-ai-in-teaching-and-learning-laitl/ai-coaching/
- https://learning.nd.edu/consultations-and-programs/kccda/
- https://ai.nd.edu/
- https://strategicframework.nd.edu/initiatives/data-ai-computing/
- https://libguides.library.nd.edu/ai
- https://altech.nd.edu/artificial-intelligence/academic-integrity/
- https://honorcode.nd.edu/official-statement-regarding-generative-ai-may-2023/
- https://honorcode.nd.edu/policy-update-ai-editing-tools-fall-2024/
- https://learningcontinuity.nd.edu/honor-code-academic-integrity/
- https://ai.nd.edu/about/ai-innovation-council/
- https://strategicframework.nd.edu/initiatives/data-ai-computing/curriculum-task-force/",https://honorcode.nd.edu/generative-ai-policy-for-students-august-2023/; https://ai.nd.edu/ai-in-action/policies-and-guidelines/,https://libguides.library.nd.edu/ai; https://honorcode.nd.edu/generative-ai-policy-for-students-august-2023/,https://learning.nd.edu/; https://learning.nd.edu/learning-technology/lab-for-ai-in-teaching-and-learning-laitl/ai-academy/,https://ai.nd.edu/essentials/students/; https://ai.nd.edu/ai-in-action/policies-and-guidelines/,https://learning.nd.edu/learning-technology/lab-for-ai-in-teaching-and-learning-laitl/; https://learning.nd.edu/about/kaneb-center/,https://learning.nd.edu/resource-library/writing-ai-syllabus-policies-a-practical-guide-for-notre-dame-faculty/; https://learning.nd.edu/resource-library/,https://ai.nd.edu/about/generative-ai-task-force-gait/; https://ai.nd.edu/about/ai-innovation-council/,https://ai.nd.edu/about/generative-ai-task-force-gait/; https://ai.nd.edu/about/generative-ai-task-force-gait/ai-recommendations/,https://honorcode.nd.edu/official-statement-regarding-generative-ai-may-2023/; https://honorcode.nd.edu/policy-update-ai-editing-tools-fall-2024/,https://altech.nd.edu/artificial-intelligence/academic-integrity/; https://learningcontinuity.nd.edu/honor-code-academic-integrity/,https://altech.nd.edu/artificial-intelligence/academic-integrity/; https://learningcontinuity.nd.edu/honor-code-academic-integrity/,0.25,0.29166666666666663,0.2222222222222222,0.0,19.09722222222222,68.0,21.21212121212121,67.0,16.435185185185183,68.0,21.111111111111107,67.0
U5,0.5,1.0,0.5,1.0,0.8333333333333334,0.6666666666666666,0.8333333333333334,0.6666666666666666,0.3333333333333333,0.0,1.0,0.0,Public Research-Oriented,R1,South,~62k students,University of Florida,"- https://privacy.ufl.edu/laws-and-regulations/ai-governance/ 
- https://ai.ufl.edu/for-our-students/guidance-for-students/ ","- https://teach.ufl.edu/artificial-intelligence-in-teaching-and-learning/   
- https://teach.ufl.edu/ai-awards/  
- https://teach.ufl.edu/events-and-workshops/harnessing-ai-for-teaching-and-learning/","- https://ai.ufl.edu/ 
- https://ailearning.ai.ufl.edu/ 
- https://ailearning.ai.ufl.edu/the-ai-center/ ","- https://training.uflib.ufl.edu/libraries-and-ai/   
- https://guides.uflib.ufl.edu/ai/introduction   
- https://committees.uflib.ufl.edu/committees/ai-committee/ 
- https://guides.uflib.ufl.edu/artificialintelligence 
- https://guides.uflib.ufl.edu/ai 
- https://guides.uflib.ufl.edu/TDM ","- https://citt.it.ufl.edu/services/learning-innovation--technology/artificial-intelligence/   
- https://ai.ufl.edu/teaching-with-ai/expanding-the-ai-curriculum/guidance-for-instructors/   
- https://ai.ufl.edu/for-our-students/guidance-for-students/    
- https://guides.uflib.ufl.edu/artificialintelligence/transparency 
- https://policy.ufl.edu/regulation/4-040/ ","- https://committees.uflib.ufl.edu/committees/ai-committee/   
- https://www.ai.ufl.edu/faculty/course-designation/ 
- https://ai.ufl.edu/media/aiufledu/resources/UF-AI-BlueSky-Task-Force-Full-Report-April-2025.pdf 
- https://ai.ufl.edu/about/ ","- https://ai.ufl.edu/ 
- https://ailearning.ai.ufl.edu/ 
- https://presidentsearch.ufl.edu/artificial-intelligence-initiative/ 
- https://it.ufl.edu/ai/ 
- https://ai.ctsi.ufl.edu/about-us/","- https://privacy.ufl.edu/laws-and-regulations/ai-governance/
- https://ai.ufl.edu/for-our-students/guidance-for-students/
- https://teach.ufl.edu/artificial-intelligence-in-teaching-and-learning/
- https://teach.ufl.edu/ai-awards/
- https://teach.ufl.edu/events-and-workshops/harnessing-ai-for-teaching-and-learning/
- https://ai.ufl.edu/
- https://ailearning.ai.ufl.edu/
- https://ailearning.ai.ufl.edu/the-ai-center/
- https://training.uflib.ufl.edu/libraries-and-ai/
- https://guides.uflib.ufl.edu/ai/introduction
- https://committees.uflib.ufl.edu/committees/ai-committee/
- https://guides.uflib.ufl.edu/artificialintelligence
- https://guides.uflib.ufl.edu/ai
- https://guides.uflib.ufl.edu/TDM
- https://citt.it.ufl.edu/services/learning-innovation--technology/artificial-intelligence/
- https://ai.ufl.edu/teaching-with-ai/expanding-the-ai-curriculum/guidance-for-instructors/
- https://guides.uflib.ufl.edu/artificialintelligence/transparency
- https://policy.ufl.edu/regulation/4-040/
- https://www.ai.ufl.edu/faculty/course-designation/
- https://ai.ufl.edu/media/aiufledu/resources/UF-AI-BlueSky-Task-Force-Full-Report-April-2025.pdf
- https://ai.ufl.edu/about/
- https://presidentsearch.ufl.edu/artificial-intelligence-initiative/
- https://it.ufl.edu/ai/
- https://ai.ctsi.ufl.edu/about-us/",https://privacy.ufl.edu/laws-and-regulations/ai-governance/; https://policy.ufl.edu/regulation/4-040/,https://ai.ufl.edu/for-our-students/guidance-for-students/; https://ai.ufl.edu/teaching-with-ai/expanding-the-ai-curriculum/guidance-for-instructors/,https://ai.ufl.edu/teaching-with-ai/expanding-the-ai-curriculum/guidance-for-instructors/; https://ai.ufl.edu/professional-development/; https://teach.ufl.edu/artificial-intelligence-in-teaching-and-learning/,https://ai.ufl.edu/teaching-with-ai/expanding-the-ai-curriculum/guidance-for-instructors/,https://committees.uflib.ufl.edu/committees/ai-committee/,https://ai.ufl.edu/teaching-with-ai/expanding-the-ai-curriculum/guidance-for-instructors/; https://ai.ufl.edu/teaching-with-ai/for-uf-faculty/,https://privacy.ufl.edu/laws-and-regulations/ai-governance/; https://ai.ufl.edu/teaching-with-ai/for-uf-faculty/working-group-in-ai-ethics-and-policy/; https://committees.uflib.ufl.edu/committees/ai-committee/,https://ai.ufl.edu/for-our-students/guidance-for-students/; https://privacy.ufl.edu/laws-and-regulations/ai-governance/; https://policy.ufl.edu/regulation/4-040/,https://privacy.ufl.edu/laws-and-regulations/ai-governance/; https://ai.ufl.edu/,https://ai.ufl.edu/teaching-with-ai/expanding-the-ai-curriculum/guidance-for-instructors/,https://policy.ufl.edu/regulation/4-040/; https://ai.ufl.edu/teaching-with-ai/expanding-the-ai-curriculum/guidance-for-instructors/,0.75,0.8333333333333334,0.3333333333333333,0.5,60.41666666666667,24.5,62.121212121212125,27.5,54.166666666666664,26.0,65.00000000000001,27.0
U5,1.0,1.0,0.5,1.0,0.8333333333333334,0.5,1.0,0.6666666666666666,0.0,0.0,1.0,0.0,Public Research-Oriented,R1,South,~62k students,University of Florida,"- https://privacy.ufl.edu/laws-and-regulations/ai-governance/ 
- https://ai.ufl.edu/for-our-students/guidance-for-students/ ","- https://teach.ufl.edu/artificial-intelligence-in-teaching-and-learning/   
- https://teach.ufl.edu/ai-awards/  
- https://teach.ufl.edu/events-and-workshops/harnessing-ai-for-teaching-and-learning/","- https://ai.ufl.edu/ 
- https://ailearning.ai.ufl.edu/ 
- https://ailearning.ai.ufl.edu/the-ai-center/ ","- https://training.uflib.ufl.edu/libraries-and-ai/   
- https://guides.uflib.ufl.edu/ai/introduction   
- https://committees.uflib.ufl.edu/committees/ai-committee/ 
- https://guides.uflib.ufl.edu/artificialintelligence 
- https://guides.uflib.ufl.edu/ai 
- https://guides.uflib.ufl.edu/TDM ","- https://citt.it.ufl.edu/services/learning-innovation--technology/artificial-intelligence/   
- https://ai.ufl.edu/teaching-with-ai/expanding-the-ai-curriculum/guidance-for-instructors/   
- https://ai.ufl.edu/for-our-students/guidance-for-students/    
- https://guides.uflib.ufl.edu/artificialintelligence/transparency 
- https://policy.ufl.edu/regulation/4-040/ ","- https://committees.uflib.ufl.edu/committees/ai-committee/   
- https://www.ai.ufl.edu/faculty/course-designation/ 
- https://ai.ufl.edu/media/aiufledu/resources/UF-AI-BlueSky-Task-Force-Full-Report-April-2025.pdf 
- https://ai.ufl.edu/about/ ","- https://ai.ufl.edu/ 
- https://ailearning.ai.ufl.edu/ 
- https://presidentsearch.ufl.edu/artificial-intelligence-initiative/ 
- https://it.ufl.edu/ai/ 
- https://ai.ctsi.ufl.edu/about-us/","- https://privacy.ufl.edu/laws-and-regulations/ai-governance/
- https://ai.ufl.edu/for-our-students/guidance-for-students/
- https://teach.ufl.edu/artificial-intelligence-in-teaching-and-learning/
- https://teach.ufl.edu/ai-awards/
- https://teach.ufl.edu/events-and-workshops/harnessing-ai-for-teaching-and-learning/
- https://ai.ufl.edu/
- https://ailearning.ai.ufl.edu/
- https://ailearning.ai.ufl.edu/the-ai-center/
- https://training.uflib.ufl.edu/libraries-and-ai/
- https://guides.uflib.ufl.edu/ai/introduction
- https://committees.uflib.ufl.edu/committees/ai-committee/
- https://guides.uflib.ufl.edu/artificialintelligence
- https://guides.uflib.ufl.edu/ai
- https://guides.uflib.ufl.edu/TDM
- https://citt.it.ufl.edu/services/learning-innovation--technology/artificial-intelligence/
- https://ai.ufl.edu/teaching-with-ai/expanding-the-ai-curriculum/guidance-for-instructors/
- https://guides.uflib.ufl.edu/artificialintelligence/transparency
- https://policy.ufl.edu/regulation/4-040/
- https://www.ai.ufl.edu/faculty/course-designation/
- https://ai.ufl.edu/media/aiufledu/resources/UF-AI-BlueSky-Task-Force-Full-Report-April-2025.pdf
- https://ai.ufl.edu/about/
- https://presidentsearch.ufl.edu/artificial-intelligence-initiative/
- https://it.ufl.edu/ai/
- https://ai.ctsi.ufl.edu/about-us/",https://privacy.ufl.edu/laws-and-regulations/ai-governance/; https://policy.ufl.edu/regulation/4-040/,https://ai.ufl.edu/teaching-with-ai/expanding-the-ai-curriculum/guidance-for-instructors/; https://ai.ufl.edu/for-our-students/guidance-for-students/,https://ai.ufl.edu/teaching-with-ai/expanding-the-ai-curriculum/guidance-for-instructors/; https://teach.ufl.edu/artificial-intelligence-in-teaching-and-learning/; https://citt.it.ufl.edu/services/learning-innovation-and-technology/artificial-intelligence/,https://citt.it.ufl.edu/resources/artificial-intelligence/ai-prompts/; https://citt.it.ufl.edu/resources/artificial-intelligence/ai-for-students/; https://ai.ufl.edu/teaching-with-ai/expanding-the-ai-curriculum/guidance-for-instructors/,https://committees.uflib.ufl.edu/committees/ai-committee/,https://ai.ufl.edu/teaching-with-ai/expanding-the-ai-curriculum/guidance-for-instructors/,https://ai.ufl.edu/teaching-with-ai/for-uf-faculty/working-group-in-ai-ethics-and-policy/; https://committees.uflib.ufl.edu/committees/ai-committee/,https://ai.ufl.edu/about/; https://ai.ufl.edu/media/aiufledu/resources/UF-AI-BlueSky-Task-Force-Full-Report-April-2025.pdf,https://privacy.ufl.edu/laws-and-regulations/ai-governance/; https://ai.ufl.edu/media/aiufledu/resources/UF-AI-BlueSky-Task-Force-Full-Report-April-2025.pdf; https://policy.ufl.edu/regulation/4-040/,https://ai.ufl.edu/teaching-with-ai/expanding-the-ai-curriculum/guidance-for-instructors/,https://ai.ufl.edu/teaching-with-ai/expanding-the-ai-curriculum/guidance-for-instructors/; https://policy.ufl.edu/regulation/4-040/,0.75,0.8333333333333334,0.2222222222222222,0.5,57.63888888888889,32.0,59.09090909090909,32.5,50.46296296296296,36.0,62.777777777777786,30.0
U5,1.5,0.8333333333333334,0.5,1.0,0.6666666666666666,0.5,1.0,0.6666666666666666,0.0,0.0,1.0,0.0,Public Research-Oriented,R1,South,~62k students,University of Florida,"- https://privacy.ufl.edu/laws-and-regulations/ai-governance/ 
- https://ai.ufl.edu/for-our-students/guidance-for-students/ ","- https://teach.ufl.edu/artificial-intelligence-in-teaching-and-learning/   
- https://teach.ufl.edu/ai-awards/  
- https://teach.ufl.edu/events-and-workshops/harnessing-ai-for-teaching-and-learning/","- https://ai.ufl.edu/ 
- https://ailearning.ai.ufl.edu/ 
- https://ailearning.ai.ufl.edu/the-ai-center/ ","- https://training.uflib.ufl.edu/libraries-and-ai/   
- https://guides.uflib.ufl.edu/ai/introduction   
- https://committees.uflib.ufl.edu/committees/ai-committee/ 
- https://guides.uflib.ufl.edu/artificialintelligence 
- https://guides.uflib.ufl.edu/ai 
- https://guides.uflib.ufl.edu/TDM ","- https://citt.it.ufl.edu/services/learning-innovation--technology/artificial-intelligence/   
- https://ai.ufl.edu/teaching-with-ai/expanding-the-ai-curriculum/guidance-for-instructors/   
- https://ai.ufl.edu/for-our-students/guidance-for-students/    
- https://guides.uflib.ufl.edu/artificialintelligence/transparency 
- https://policy.ufl.edu/regulation/4-040/ ","- https://committees.uflib.ufl.edu/committees/ai-committee/   
- https://www.ai.ufl.edu/faculty/course-designation/ 
- https://ai.ufl.edu/media/aiufledu/resources/UF-AI-BlueSky-Task-Force-Full-Report-April-2025.pdf 
- https://ai.ufl.edu/about/ ","- https://ai.ufl.edu/ 
- https://ailearning.ai.ufl.edu/ 
- https://presidentsearch.ufl.edu/artificial-intelligence-initiative/ 
- https://it.ufl.edu/ai/ 
- https://ai.ctsi.ufl.edu/about-us/","- https://privacy.ufl.edu/laws-and-regulations/ai-governance/
- https://ai.ufl.edu/for-our-students/guidance-for-students/
- https://teach.ufl.edu/artificial-intelligence-in-teaching-and-learning/
- https://teach.ufl.edu/ai-awards/
- https://teach.ufl.edu/events-and-workshops/harnessing-ai-for-teaching-and-learning/
- https://ai.ufl.edu/
- https://ailearning.ai.ufl.edu/
- https://ailearning.ai.ufl.edu/the-ai-center/
- https://training.uflib.ufl.edu/libraries-and-ai/
- https://guides.uflib.ufl.edu/ai/introduction
- https://committees.uflib.ufl.edu/committees/ai-committee/
- https://guides.uflib.ufl.edu/artificialintelligence
- https://guides.uflib.ufl.edu/ai
- https://guides.uflib.ufl.edu/TDM
- https://citt.it.ufl.edu/services/learning-innovation--technology/artificial-intelligence/
- https://ai.ufl.edu/teaching-with-ai/expanding-the-ai-curriculum/guidance-for-instructors/
- https://guides.uflib.ufl.edu/artificialintelligence/transparency
- https://policy.ufl.edu/regulation/4-040/
- https://www.ai.ufl.edu/faculty/course-designation/
- https://ai.ufl.edu/media/aiufledu/resources/UF-AI-BlueSky-Task-Force-Full-Report-April-2025.pdf
- https://ai.ufl.edu/about/
- https://presidentsearch.ufl.edu/artificial-intelligence-initiative/
- https://it.ufl.edu/ai/
- https://ai.ctsi.ufl.edu/about-us/",https://privacy.ufl.edu/laws-and-regulations/ai-governance/; https://ai.ufl.edu/media/aiufledu/resources/GenAIBestPractices%5B4520%5D_updated12-18-24.pdf,https://ai.ufl.edu/teaching-with-ai/expanding-the-ai-curriculum/guidance-for-instructors/; https://ai.ufl.edu/media/aiufledu/resources/GenAIBestPractices%5B4520%5D_updated12-18-24.pdf; https://ai.ufl.edu/for-our-students/guidance-for-students/,https://ai.ufl.edu/teaching-with-ai/expanding-the-ai-curriculum/guidance-for-instructors/; https://teach.ufl.edu/artificial-intelligence-in-teaching-and-learning/; https://training.uflib.ufl.edu/libraries-and-ai/,https://ai.ufl.edu/teaching-with-ai/expanding-the-ai-curriculum/guidance-for-instructors/,https://committees.uflib.ufl.edu/committees/ai-committee/,https://ai.ufl.edu/teaching-with-ai/expanding-the-ai-curriculum/guidance-for-instructors/; https://ai.ufl.edu/media/aiufledu/resources/GenAIBestPractices%5B4520%5D_updated12-18-24.pdf,https://committees.uflib.ufl.edu/committees/ai-committee/,https://ai.ufl.edu/; https://ai.ufl.edu/for-our-students/guidance-for-students/; https://privacy.ufl.edu/laws-and-regulations/ai-governance/,https://privacy.ufl.edu/laws-and-regulations/ai-governance/; https://ai.ufl.edu/media/aiufledu/resources/GenAIBestPractices%5B4520%5D_updated12-18-24.pdf,https://ai.ufl.edu/teaching-with-ai/expanding-the-ai-curriculum/guidance-for-instructors/; https://ai.ufl.edu/media/aiufledu/resources/GenAIBestPractices%5B4520%5D_updated12-18-24.pdf,https://policy.ufl.edu/regulation/4-040/; https://ai.ufl.edu/teaching-with-ai/expanding-the-ai-curriculum/guidance-for-instructors/; https://ai.ufl.edu/media/aiufledu/resources/GenAIBestPractices%5B4520%5D_updated12-18-24.pdf,0.6666666666666667,0.7916666666666666,0.2222222222222222,0.5,54.51388888888889,32.0,56.06060606060607,34.5,48.379629629629626,35.0,59.44444444444444,32.5
U50,0.5,0.8333333333333334,0.5,1.0,0.6666666666666666,1.0,1.0,1.0,0.6666666666666666,0.16666666666666666,1.0,0.16666666666666666,Private Research-Oriented,R1,Midwest,~12k students,Case Western Reserve University,"- https://bulletin.case.edu/undergraduate-academics/academic-integrity/  
- https://case.edu/provost/initiatives/innovation/ai-education/ai-policies 
- https://case.edu/provost/example-ai-policies-suitable-course-syllabi 
- https://case.edu/writing/resources/ai-academic-writing 
- https://case.edu/ucite/teaching-resources/genai-teaching-and-learning ","- https://case.edu/ucite/teaching-resources/genai-teaching-and-learning  
- https://case.edu/ucite/AIworkshops 
- https://case.edu/ucite/sites/default/files/2025-08/Gen%20AI%20Syllabus%20Statement%20Results%20Web%20Version%20v2.pdf 
- https://case.edu/utech/departments/teaching-learning-technologies/ai-modules ","- https://case.edu/provost/initiatives/innovation/ai-education 
- https://case.edu/utech/help/knowledge-base/ai-artificial-intelligence ",- https://researchguides.case.edu/artificialintelligence,"- https://bulletin.case.edu/undergraduate-academics/academic-integrity/   
- https://case.edu/provost/initiatives/innovation/ai-education/ai-policies   
- https://case.edu/writing/resources/ai-academic-writing   ",- https://case.edu/provost/initiatives/innovation/ai-education/about-ai-education/ai-task-force ,- https://case.edu/utech/help/knowledge-base/ai-artificial-intelligence ,"- https://bulletin.case.edu/undergraduate-academics/academic-integrity/
- https://case.edu/provost/initiatives/innovation/ai-education/ai-policies
- https://case.edu/provost/example-ai-policies-suitable-course-syllabi
- https://case.edu/writing/resources/ai-academic-writing
- https://case.edu/ucite/teaching-resources/genai-teaching-and-learning
- https://case.edu/ucite/AIworkshops
- https://case.edu/ucite/sites/default/files/2025-08/Gen%20AI%20Syllabus%20Statement%20Results%20Web%20Version%20v2.pdf
- https://case.edu/utech/departments/teaching-learning-technologies/ai-modules
- https://case.edu/provost/initiatives/innovation/ai-education
- https://case.edu/utech/help/knowledge-base/ai-artificial-intelligence
- https://researchguides.case.edu/artificialintelligence
- https://case.edu/provost/initiatives/innovation/ai-education/about-ai-education/ai-task-force",https://bulletin.case.edu/undergraduate-academics/academic-integrity/; https://case.edu/ucite/teaching-resources/genai-teaching-and-learning,https://bulletin.case.edu/undergraduate-academics/academic-integrity/; https://case.edu/provost/example-ai-policies-suitable-course-syllabi; https://case.edu/writing/resources/ai-academic-writing,https://case.edu/ucite/teaching-resources/genai-teaching-and-learning; https://case.edu/ucite/AIworkshops; https://case.edu/utech/departments/teaching-learning-technologies/ai-modules; https://case.edu/writing/resources/ai-academic-writing,https://case.edu/ucite/teaching-resources/genai-teaching-and-learning; https://case.edu/provost/example-ai-policies-suitable-course-syllabi,https://case.edu/provost/initiatives/innovation/ai-education/about-ai-education/ai-task-force; https://case.edu/ucite/teaching-resources/genai-teaching-and-learning,https://case.edu/provost/example-ai-policies-suitable-course-syllabi; https://case.edu/writing/resources/ai-academic-writing,https://case.edu/provost/initiatives/innovation/ai-education/about-ai-education/ai-task-force,https://case.edu/provost/initiatives/innovation/ai-education/about-ai-education/ai-task-force,https://case.edu/provost/initiatives/innovation/ai-education/ai-policies; https://case.edu/provost/initiatives/innovation/ai-education/about-ai-education/ai-task-force; https://case.edu/ucite/teaching-resources/genai-teaching-and-learning,https://case.edu/writing/resources/ai-academic-writing; https://case.edu/ucite/teaching-resources/genai-teaching-and-learning,https://bulletin.case.edu/undergraduate-academics/academic-integrity/; https://case.edu/writing/resources/ai-academic-writing,0.6666666666666667,0.9166666666666666,0.611111111111111,0.5833333333333334,69.44444444444446,7.0,72.72727272727273,7.0,66.20370370370371,8.0,73.88888888888889,7.0
U50,1.0,0.8333333333333334,0.5,1.0,1.0,1.0,1.0,1.0,0.6666666666666666,0.16666666666666666,0.8333333333333334,0.16666666666666666,Private Research-Oriented,R1,Midwest,~12k students,Case Western Reserve University,"- https://bulletin.case.edu/undergraduate-academics/academic-integrity/  
- https://case.edu/provost/initiatives/innovation/ai-education/ai-policies 
- https://case.edu/provost/example-ai-policies-suitable-course-syllabi 
- https://case.edu/writing/resources/ai-academic-writing 
- https://case.edu/ucite/teaching-resources/genai-teaching-and-learning ","- https://case.edu/ucite/teaching-resources/genai-teaching-and-learning  
- https://case.edu/ucite/AIworkshops 
- https://case.edu/ucite/sites/default/files/2025-08/Gen%20AI%20Syllabus%20Statement%20Results%20Web%20Version%20v2.pdf 
- https://case.edu/utech/departments/teaching-learning-technologies/ai-modules ","- https://case.edu/provost/initiatives/innovation/ai-education 
- https://case.edu/utech/help/knowledge-base/ai-artificial-intelligence ",- https://researchguides.case.edu/artificialintelligence,"- https://bulletin.case.edu/undergraduate-academics/academic-integrity/   
- https://case.edu/provost/initiatives/innovation/ai-education/ai-policies   
- https://case.edu/writing/resources/ai-academic-writing   ",- https://case.edu/provost/initiatives/innovation/ai-education/about-ai-education/ai-task-force ,- https://case.edu/utech/help/knowledge-base/ai-artificial-intelligence ,"- https://bulletin.case.edu/undergraduate-academics/academic-integrity/
- https://case.edu/provost/initiatives/innovation/ai-education/ai-policies
- https://case.edu/provost/example-ai-policies-suitable-course-syllabi
- https://case.edu/writing/resources/ai-academic-writing
- https://case.edu/ucite/teaching-resources/genai-teaching-and-learning
- https://case.edu/ucite/AIworkshops
- https://case.edu/ucite/sites/default/files/2025-08/Gen%20AI%20Syllabus%20Statement%20Results%20Web%20Version%20v2.pdf
- https://case.edu/utech/departments/teaching-learning-technologies/ai-modules
- https://case.edu/provost/initiatives/innovation/ai-education
- https://case.edu/utech/help/knowledge-base/ai-artificial-intelligence
- https://researchguides.case.edu/artificialintelligence
- https://case.edu/provost/initiatives/innovation/ai-education/about-ai-education/ai-task-force",https://case.edu/writing/resources/ai-academic-writing; https://case.edu/ucite/teaching-resources/genai-teaching-and-learning,https://bulletin.case.edu/undergraduate-academics/academic-integrity/; https://case.edu/ucite/sites/default/files/2025-08/Gen%20AI%20Syllabus%20Statement%20Results%20Web%20Version%20v2.pdf,https://case.edu/ucite/teaching-resources/genai-teaching-and-learning; https://case.edu/ucite/AIworkshops; https://case.edu/writing/resources/ai-academic-writing; https://case.edu/utech/departments/teaching-learning-technologies/ai-modules,https://case.edu/provost/example-ai-policies-suitable-course-syllabi,https://case.edu/provost/initiatives/innovation/ai-education/about-ai-education/ai-task-force,https://case.edu/provost/example-ai-policies-suitable-course-syllabi; https://case.edu/ucite/sites/default/files/2025-08/Gen%20AI%20Syllabus%20Statement%20Results%20Web%20Version%20v2.pdf,https://case.edu/provost/initiatives/innovation/ai-education/about-ai-education/ai-task-force,https://case.edu/provost/initiatives/innovation/ai-education/about-ai-education/ai-task-force; https://bulletin.case.edu/undergraduate-academics/academic-integrity/,https://case.edu/provost/initiatives/innovation/ai-education/ai-policies; https://case.edu/provost/initiatives/innovation/ai-education; https://case.edu/provost/initiatives/innovation/ai-education/about-ai-education/ai-task-force,https://case.edu/writing/resources/ai-academic-writing; https://case.edu/ucite/teaching-resources/genai-teaching-and-learning,https://bulletin.case.edu/undergraduate-academics/academic-integrity/; https://case.edu/writing/resources/ai-academic-writing,0.6666666666666667,1.0,0.611111111111111,0.5,69.44444444444444,7.0,74.24242424242425,6.5,64.81481481481481,7.5,75.55555555555557,7.0
U50,1.5,0.6666666666666666,0.6666666666666666,1.0,0.6666666666666666,1.0,1.0,1.0,0.8333333333333334,0.16666666666666666,0.6666666666666666,0.3333333333333333,Private Research-Oriented,R1,Midwest,~12k students,Case Western Reserve University,"- https://bulletin.case.edu/undergraduate-academics/academic-integrity/  
- https://case.edu/provost/initiatives/innovation/ai-education/ai-policies 
- https://case.edu/provost/example-ai-policies-suitable-course-syllabi 
- https://case.edu/writing/resources/ai-academic-writing 
- https://case.edu/ucite/teaching-resources/genai-teaching-and-learning ","- https://case.edu/ucite/teaching-resources/genai-teaching-and-learning  
- https://case.edu/ucite/AIworkshops 
- https://case.edu/ucite/sites/default/files/2025-08/Gen%20AI%20Syllabus%20Statement%20Results%20Web%20Version%20v2.pdf 
- https://case.edu/utech/departments/teaching-learning-technologies/ai-modules ","- https://case.edu/provost/initiatives/innovation/ai-education 
- https://case.edu/utech/help/knowledge-base/ai-artificial-intelligence ",- https://researchguides.case.edu/artificialintelligence,"- https://bulletin.case.edu/undergraduate-academics/academic-integrity/   
- https://case.edu/provost/initiatives/innovation/ai-education/ai-policies   
- https://case.edu/writing/resources/ai-academic-writing   ",- https://case.edu/provost/initiatives/innovation/ai-education/about-ai-education/ai-task-force ,- https://case.edu/utech/help/knowledge-base/ai-artificial-intelligence ,"- https://bulletin.case.edu/undergraduate-academics/academic-integrity/
- https://case.edu/provost/initiatives/innovation/ai-education/ai-policies
- https://case.edu/provost/example-ai-policies-suitable-course-syllabi
- https://case.edu/writing/resources/ai-academic-writing
- https://case.edu/ucite/teaching-resources/genai-teaching-and-learning
- https://case.edu/ucite/AIworkshops
- https://case.edu/ucite/sites/default/files/2025-08/Gen%20AI%20Syllabus%20Statement%20Results%20Web%20Version%20v2.pdf
- https://case.edu/utech/departments/teaching-learning-technologies/ai-modules
- https://case.edu/provost/initiatives/innovation/ai-education
- https://case.edu/utech/help/knowledge-base/ai-artificial-intelligence
- https://researchguides.case.edu/artificialintelligence
- https://case.edu/provost/initiatives/innovation/ai-education/about-ai-education/ai-task-force",https://bulletin.case.edu/undergraduate-academics/academic-integrity/; https://case.edu/ucite/sites/default/files/2025-08/Gen%20AI%20Syllabus%20Statement%20Results%20Web%20Version%20v2.pdf,https://case.edu/ucite/sites/default/files/2025-08/Gen%20AI%20Syllabus%20Statement%20Results%20Web%20Version%20v2.pdf; https://bulletin.case.edu/undergraduate-academics/academic-integrity/,https://case.edu/ucite/AIworkshops; https://case.edu/ucite/teaching-resources/genai-teaching-and-learning; https://case.edu/utech/departments/teaching-learning-technologies/ai-modules; https://case.edu/provost/initiatives/innovation/ai-education/ai-policies,https://case.edu/provost/example-ai-policies-suitable-course-syllabi,https://case.edu/provost/initiatives/innovation/ai-education/about-ai-education/ai-task-force,https://case.edu/provost/example-ai-policies-suitable-course-syllabi; https://case.edu/provost/initiatives/innovation/ai-education/ai-policies,https://case.edu/provost/initiatives/innovation/ai-education/about-ai-education/ai-task-force; https://case.edu/provost/example-ai-policies-suitable-course-syllabi,https://case.edu/provost/initiatives/innovation/ai-education/about-ai-education/ai-task-force,https://case.edu/provost/initiatives/innovation/ai-education/ai-policies,https://case.edu/ucite/teaching-resources/genai-teaching-and-learning; https://case.edu/utech/help/knowledge-base/ai-artificial-intelligence; https://bulletin.case.edu/undergraduate-academics/academic-integrity/,https://bulletin.case.edu/undergraduate-academics/academic-integrity/,0.6666666666666666,0.9166666666666666,0.6666666666666666,0.5,68.75,2.0,72.72727272727273,2.5,65.27777777777779,4.0,73.33333333333333,4.0
U51,0.5,0.6666666666666666,0.5,1.0,0.6666666666666666,0.5,0.6666666666666666,0.5,0.16666666666666666,0.6666666666666666,0.6666666666666666,0.16666666666666666,Private Research-Oriented,R1,Midwest,~15k students,Saint Louis University,"- https://www.slu.edu/provost/policies/academic-and-course/academic-integrity-policy.pdf 
- https://www.slu.edu/provost/academic-integrity/index.php 
- https://www.slu.edu/provost/academic-integrity/glossary-of-terms.php 
- https://www.slu.edu/provost/academic-integrity/faculty-resources.php 
- https://www.slu.edu/provost/academic-integrity/faq.php   
- https://www.slu.edu/provost/ai-guidelines/complete-ai-guidelines.php 
- https://www.slu.edu/provost/ai-guidelines/index.php ","- https://www.slu.edu/cttl/resources/teaching-at-slu.php  
- https://www.slu.edu/cttl/resources/resource-docs/syllabus-statement-generative-ai.pdf  
- https://www.slu.edu/cttl/resources/resource-guides/considering-the-use-of-ai-in-your-course.pdf  
- https://www.slu.edu/provost/policies/academic-and-course/policy-course-syllabus.pdf 
- https://www.slu.edu/cttl/resources/resource-guides.php ",- https://www.slu.edu/provost/ai-guidelines/index.php ,- https://libguides.slu.edu/AI ,"- https://www.slu.edu/provost/academic-integrity/faq.php   
- https://www.slu.edu/provost/academic-integrity/faculty-resources.php   
- https://www.slu.edu/provost/academic-integrity/glossary-of-terms.php 
- https://www.slu.edu/provost/policies/academic-and-course/academic-integrity-policy.pdf ",- https://www.slu.edu/provost/ai-guidelines/complete-ai-guidelines.php ,None ,"- https://www.slu.edu/provost/policies/academic-and-course/academic-integrity-policy.pdf
- https://www.slu.edu/provost/academic-integrity/index.php
- https://www.slu.edu/provost/academic-integrity/glossary-of-terms.php
- https://www.slu.edu/provost/academic-integrity/faculty-resources.php
- https://www.slu.edu/provost/academic-integrity/faq.php
- https://www.slu.edu/provost/ai-guidelines/complete-ai-guidelines.php
- https://www.slu.edu/provost/ai-guidelines/index.php
- https://www.slu.edu/cttl/resources/teaching-at-slu.php
- https://www.slu.edu/cttl/resources/resource-docs/syllabus-statement-generative-ai.pdf
- https://www.slu.edu/cttl/resources/resource-guides/considering-the-use-of-ai-in-your-course.pdf
- https://www.slu.edu/provost/policies/academic-and-course/policy-course-syllabus.pdf
- https://www.slu.edu/cttl/resources/resource-guides.php
- https://libguides.slu.edu/AI",https://www.slu.edu/provost/ai-guidelines/complete-ai-guidelines.php; https://www.slu.edu/provost/policies/academic-and-course/academic-integrity-policy.pdf; https://www.slu.edu/provost/policies/academic-and-course/policy-course-syllabus.pdf,https://www.slu.edu/provost/policies/academic-and-course/academic-integrity-policy.pdf; https://www.slu.edu/cttl/resources/resource-docs/syllabus-statement-generative-ai.pdf,https://www.slu.edu/provost/ai-guidelines/complete-ai-guidelines.php; https://www.slu.edu/cttl/resources/resource-guides/considering-the-use-of-ai-in-your-course.pdf; https://www.slu.edu/cttl/resources/resource-docs/syllabus-statement-generative-ai.pdf,https://www.slu.edu/cttl/resources/resource-docs/syllabus-statement-generative-ai.pdf; https://www.slu.edu/cttl/resources/resource-guides/considering-the-use-of-ai-in-your-course.pdf; https://www.slu.edu/provost/policies/academic-and-course/academic-integrity-policy.pdf,https://www.slu.edu/provost/ai-guidelines/complete-ai-guidelines.php,https://www.slu.edu/cttl/resources/resource-docs/syllabus-statement-generative-ai.pdf; https://www.slu.edu/provost/policies/academic-and-course/policy-course-syllabus.pdf,https://www.slu.edu/provost/policies/academic-and-course/policy-course-syllabus.pdf,https://www.slu.edu/provost/ai-guidelines/complete-ai-guidelines.php; https://www.slu.edu/provost/ai-guidelines/index.php; https://www.slu.edu/provost/policies/academic-and-course/academic-integrity-policy.pdf; https://www.slu.edu/provost/academic-integrity/index.php; https://www.slu.edu/provost/academic-integrity/glossary-of-terms.php; https://www.slu.edu/provost/academic-integrity/faculty-resources.php; https://www.slu.edu/provost/academic-integrity/faq.php,https://www.slu.edu/provost/policies/academic-and-course/policy-course-syllabus.pdf; https://www.slu.edu/provost/policies/academic-and-course/academic-integrity-policy.pdf,https://www.slu.edu/provost/ai-guidelines/complete-ai-guidelines.php,https://www.slu.edu/provost/ai-guidelines/complete-ai-guidelines.php; https://www.slu.edu/provost/policies/academic-and-course/academic-integrity-policy.pdf,0.5833333333333333,0.7083333333333333,0.4444444444444444,0.41666666666666663,53.81944444444444,37.5,56.060606060606055,38.0,50.231481481481474,36.0,57.22222222222222,40.0
U51,1.0,0.5,0.5,1.0,0.6666666666666666,0.6666666666666666,0.8333333333333334,0.6666666666666666,0.0,0.6666666666666666,0.8333333333333334,0.5,Private Research-Oriented,R1,Midwest,~15k students,Saint Louis University,"- https://www.slu.edu/provost/policies/academic-and-course/academic-integrity-policy.pdf 
- https://www.slu.edu/provost/academic-integrity/index.php 
- https://www.slu.edu/provost/academic-integrity/glossary-of-terms.php 
- https://www.slu.edu/provost/academic-integrity/faculty-resources.php 
- https://www.slu.edu/provost/academic-integrity/faq.php   
- https://www.slu.edu/provost/ai-guidelines/complete-ai-guidelines.php 
- https://www.slu.edu/provost/ai-guidelines/index.php ","- https://www.slu.edu/cttl/resources/teaching-at-slu.php  
- https://www.slu.edu/cttl/resources/resource-docs/syllabus-statement-generative-ai.pdf  
- https://www.slu.edu/cttl/resources/resource-guides/considering-the-use-of-ai-in-your-course.pdf  
- https://www.slu.edu/provost/policies/academic-and-course/policy-course-syllabus.pdf 
- https://www.slu.edu/cttl/resources/resource-guides.php ",- https://www.slu.edu/provost/ai-guidelines/index.php ,- https://libguides.slu.edu/AI ,"- https://www.slu.edu/provost/academic-integrity/faq.php   
- https://www.slu.edu/provost/academic-integrity/faculty-resources.php   
- https://www.slu.edu/provost/academic-integrity/glossary-of-terms.php 
- https://www.slu.edu/provost/policies/academic-and-course/academic-integrity-policy.pdf ",- https://www.slu.edu/provost/ai-guidelines/complete-ai-guidelines.php ,None ,"- https://www.slu.edu/provost/policies/academic-and-course/academic-integrity-policy.pdf
- https://www.slu.edu/provost/academic-integrity/index.php
- https://www.slu.edu/provost/academic-integrity/glossary-of-terms.php
- https://www.slu.edu/provost/academic-integrity/faculty-resources.php
- https://www.slu.edu/provost/academic-integrity/faq.php
- https://www.slu.edu/provost/ai-guidelines/complete-ai-guidelines.php
- https://www.slu.edu/provost/ai-guidelines/index.php
- https://www.slu.edu/cttl/resources/teaching-at-slu.php
- https://www.slu.edu/cttl/resources/resource-docs/syllabus-statement-generative-ai.pdf
- https://www.slu.edu/cttl/resources/resource-guides/considering-the-use-of-ai-in-your-course.pdf
- https://www.slu.edu/provost/policies/academic-and-course/policy-course-syllabus.pdf
- https://www.slu.edu/cttl/resources/resource-guides.php
- https://libguides.slu.edu/AI",https://www.slu.edu/provost/ai-guidelines/complete-ai-guidelines.php; https://www.slu.edu/provost/academic-integrity/faq.php,https://www.slu.edu/provost/ai-guidelines/complete-ai-guidelines.php; https://www.slu.edu/provost/policies/academic-and-course/academic-integrity-policy.pdf,https://www.slu.edu/provost/ai-guidelines/complete-ai-guidelines.php,https://www.slu.edu/provost/ai-guidelines/complete-ai-guidelines.php; https://www.slu.edu/provost/academic-integrity/faq.php,https://www.slu.edu/provost/academic-integrity/faq.php; https://www.slu.edu/provost/ltac/ltac-initiatives-and-projects.php,https://www.slu.edu/provost/ai-guidelines/complete-ai-guidelines.php,https://www.slu.edu/provost/ai-guidelines/complete-ai-guidelines.php,https://www.slu.edu/provost/ai-guidelines/index.php; https://www.slu.edu/provost/ai-guidelines/complete-ai-guidelines.php,https://www.slu.edu/provost/ai-guidelines/index.php; https://www.slu.edu/provost/ai-guidelines/complete-ai-guidelines.php,https://www.slu.edu/provost/academic-integrity/faq.php; https://www.slu.edu/provost/ai-guidelines/complete-ai-guidelines.php,https://www.slu.edu/provost/academic-integrity/faq.php; https://www.slu.edu/provost/policies/academic-and-course/academic-integrity-policy.pdf,0.5,0.7916666666666666,0.4444444444444444,0.6666666666666667,60.06944444444444,26.0,62.12121212121211,29.0,58.56481481481482,21.0,63.88888888888889,28.0
U51,1.5,0.8333333333333334,0.5,1.0,0.8333333333333334,0.3333333333333333,1.0,0.3333333333333333,0.0,0.5,0.3333333333333333,0.3333333333333333,Private Research-Oriented,R1,Midwest,~15k students,Saint Louis University,"- https://www.slu.edu/provost/policies/academic-and-course/academic-integrity-policy.pdf 
- https://www.slu.edu/provost/academic-integrity/index.php 
- https://www.slu.edu/provost/academic-integrity/glossary-of-terms.php 
- https://www.slu.edu/provost/academic-integrity/faculty-resources.php 
- https://www.slu.edu/provost/academic-integrity/faq.php   
- https://www.slu.edu/provost/ai-guidelines/complete-ai-guidelines.php 
- https://www.slu.edu/provost/ai-guidelines/index.php ","- https://www.slu.edu/cttl/resources/teaching-at-slu.php  
- https://www.slu.edu/cttl/resources/resource-docs/syllabus-statement-generative-ai.pdf  
- https://www.slu.edu/cttl/resources/resource-guides/considering-the-use-of-ai-in-your-course.pdf  
- https://www.slu.edu/provost/policies/academic-and-course/policy-course-syllabus.pdf 
- https://www.slu.edu/cttl/resources/resource-guides.php ",- https://www.slu.edu/provost/ai-guidelines/index.php ,- https://libguides.slu.edu/AI ,"- https://www.slu.edu/provost/academic-integrity/faq.php   
- https://www.slu.edu/provost/academic-integrity/faculty-resources.php   
- https://www.slu.edu/provost/academic-integrity/glossary-of-terms.php 
- https://www.slu.edu/provost/policies/academic-and-course/academic-integrity-policy.pdf ",- https://www.slu.edu/provost/ai-guidelines/complete-ai-guidelines.php ,None ,"- https://www.slu.edu/provost/policies/academic-and-course/academic-integrity-policy.pdf
- https://www.slu.edu/provost/academic-integrity/index.php
- https://www.slu.edu/provost/academic-integrity/glossary-of-terms.php
- https://www.slu.edu/provost/academic-integrity/faculty-resources.php
- https://www.slu.edu/provost/academic-integrity/faq.php
- https://www.slu.edu/provost/ai-guidelines/complete-ai-guidelines.php
- https://www.slu.edu/provost/ai-guidelines/index.php
- https://www.slu.edu/cttl/resources/teaching-at-slu.php
- https://www.slu.edu/cttl/resources/resource-docs/syllabus-statement-generative-ai.pdf
- https://www.slu.edu/cttl/resources/resource-guides/considering-the-use-of-ai-in-your-course.pdf
- https://www.slu.edu/provost/policies/academic-and-course/policy-course-syllabus.pdf
- https://www.slu.edu/cttl/resources/resource-guides.php
- https://libguides.slu.edu/AI",https://www.slu.edu/provost/academic-integrity/glossary-of-terms.php,https://www.slu.edu/provost/academic-integrity-policy.pdf; https://www.slu.edu/provost/ai-guidelines/complete-ai-guidelines.php; https://www.slu.edu/provost/academic-integrity/glossary-of-terms.php,https://www.slu.edu/cttl/resources/resource-guides/considering-the-use-of-ai-in-your-course.pdf; https://www.slu.edu/cttl/resources/resource-docs/syllabus-statement-generative-ai.pdf; https://www.slu.edu/provost/ai-guidelines/complete-ai-guidelines.php,https://www.slu.edu/cttl/resources/resource-docs/syllabus-statement-generative-ai.pdf; https://www.slu.edu/provost/academic-and-course/academic-integrity-policy.pdf,https://www.slu.edu/provost/academic-integrity-policy.pdf,https://www.slu.edu/cttl/resources/resource-docs/syllabus-statement-generative-ai.pdf; https://www.slu.edu/provost/academic-and-course/policy-course-syllabus.pdf,https://www.slu.edu/provost/ai-guidelines/complete-ai-guidelines.php,https://www.slu.edu/provost/ai-guidelines/index.php; https://www.slu.edu/provost/ai-guidelines/complete-ai-guidelines.php,https://www.slu.edu/provost/academic-and-course/policy-course-syllabus.pdf,https://www.slu.edu/provost/ai-guidelines/complete-ai-guidelines.php,https://www.slu.edu/provost/academic-and-course/academic-integrity-policy.pdf,0.6666666666666667,0.7916666666666667,0.27777777777777773,0.3333333333333333,51.736111111111114,36.0,54.54545454545454,38.0,44.675925925925924,40.0,57.22222222222222,39.0
U52,0.5,0.5,0.5,1.0,0.8333333333333334,0.5,1.0,0.3333333333333333,0.3333333333333333,0.5,0.5,0.5,Private Research-Oriented,R2,Midwest,~12k students,Marquette University,"- https://www.marquette.edu/center-for-teaching-and-learning/emerging-technologies-artificial-intelligence.php  
- https://www.marquette.edu/center-for-teaching-and-learning/ai-communicating-with-students.php ","- https://www.marquette.edu/center-for-teaching-and-learning/emerging-technologies-artificial-intelligence.php   
- https://www.marquette.edu/center-for-teaching-and-learning/ai-communicating-with-students.php 
- https://www.marquette.edu/center-for-teaching-and-learning/syllabus-guide.php ",- https://www.marquette.edu/center-for-teaching-and-learning/emerging-technologies-artificial-intelligence.php ,- https://libguides.marquette.edu/generative_technologies ,"- https://www.marquette.edu/provost/academic-integrity.php   
- https://www.marquette.edu/digital-learning/academic-integrity.php   
- https://www.marquette.edu/center-for-teaching-and-learning/emerging-technologies-artificial-intelligence.php   
- https://www2.mu.edu/center-for-teaching-and-learning/ai-communicating-with-students.php 
- https://www.marquette.edu/provost/academic-integrity-tutorial-summary.php ",,- https://www.marquette.edu/ts/chatbot/ ,"- https://www.marquette.edu/center-for-teaching-and-learning/emerging-technologies-artificial-intelligence.php
- https://www.marquette.edu/center-for-teaching-and-learning/ai-communicating-with-students.php
- https://www.marquette.edu/center-for-teaching-and-learning/syllabus-guide.php
- https://libguides.marquette.edu/generative_technologies
- https://www.marquette.edu/provost/academic-integrity.php
- https://www.marquette.edu/digital-learning/academic-integrity.php
- https://www2.mu.edu/center-for-teaching-and-learning/ai-communicating-with-students.php
- https://www.marquette.edu/provost/academic-integrity-tutorial-summary.php
- https://www.marquette.edu/ts/chatbot/",https://www.marquette.edu/center-for-teaching-and-learning/documents/ai-responsible-use-guidelines-2.pdf; https://www.marquette.edu/center-for-teaching-and-learning/documents/guidance-on-generative-software-update-8.13.2025.pdf,https://www.marquette.edu/center-for-teaching-and-learning/documents/ai-responsible-use-guidelines-2.pdf; https://www.marquette.edu/center-for-teaching-and-learning/documents/guidance-on-generative-software-update-8.13.2025.pdf; https://www.marquette.edu/center-for-teaching-and-learning/ai-communicating-with-students.php,https://www.marquette.edu/center-for-teaching-and-learning/emerging-technologies-artificial-intelligence.php; https://www.marquette.edu/center-for-teaching-and-learning/ai-communicating-with-students.php; https://www.marquette.edu/center-for-teaching-and-learning/documents/assessments-in-an-ai-era-082125.pdf,https://www.marquette.edu/center-for-teaching-and-learning/ai-communicating-with-students.php,https://www.marquette.edu/center-for-teaching-and-learning/documents/ai-responsible-use-guidelines-2.pdf,https://www.marquette.edu/center-for-teaching-and-learning/ai-communicating-with-students.php,https://www.marquette.edu/center-for-teaching-and-learning/emerging-technologies-artificial-intelligence.php; https://www.marquette.edu/provost/academic-integrity.php; https://www.marquette.edu/provost/reporting-committees.php,https://www.marquette.edu/center-for-teaching-and-learning/emerging-technologies-artificial-intelligence.php; https://www.marquette.edu/provost/reporting-committees.php; https://www.marquette.edu/provost/academic-integrity.php,https://www.marquette.edu/center-for-teaching-and-learning/ai-communicating-with-students.php; https://www.marquette.edu/center-for-teaching-and-learning/documents/guidance-on-generative-software-update-8.13.2025.pdf,https://www.marquette.edu/center-for-teaching-and-learning/documents/guidance-on-generative-software-update-8.13.2025.pdf,https://www.marquette.edu/center-for-teaching-and-learning/documents/ai-responsible-use-guidelines-2.pdf; https://www.marquette.edu/digital-learning/academic-integrity.php,0.5,0.8333333333333334,0.38888888888888884,0.5,55.55555555555556,35.0,59.09090909090909,35.0,51.85185185185185,34.0,61.111111111111114,34.0
U52,1.0,0.5,0.5,1.0,1.0,1.0,1.0,0.3333333333333333,0.16666666666666666,0.5,0.5,1.0,Private Research-Oriented,R2,Midwest,~12k students,Marquette University,"- https://www.marquette.edu/center-for-teaching-and-learning/emerging-technologies-artificial-intelligence.php  
- https://www.marquette.edu/center-for-teaching-and-learning/ai-communicating-with-students.php ","- https://www.marquette.edu/center-for-teaching-and-learning/emerging-technologies-artificial-intelligence.php   
- https://www.marquette.edu/center-for-teaching-and-learning/ai-communicating-with-students.php 
- https://www.marquette.edu/center-for-teaching-and-learning/syllabus-guide.php ",- https://www.marquette.edu/center-for-teaching-and-learning/emerging-technologies-artificial-intelligence.php ,- https://libguides.marquette.edu/generative_technologies ,"- https://www.marquette.edu/provost/academic-integrity.php   
- https://www.marquette.edu/digital-learning/academic-integrity.php   
- https://www.marquette.edu/center-for-teaching-and-learning/emerging-technologies-artificial-intelligence.php   
- https://www2.mu.edu/center-for-teaching-and-learning/ai-communicating-with-students.php 
- https://www.marquette.edu/provost/academic-integrity-tutorial-summary.php ",,- https://www.marquette.edu/ts/chatbot/ ,"- https://www.marquette.edu/center-for-teaching-and-learning/emerging-technologies-artificial-intelligence.php
- https://www.marquette.edu/center-for-teaching-and-learning/ai-communicating-with-students.php
- https://www.marquette.edu/center-for-teaching-and-learning/syllabus-guide.php
- https://libguides.marquette.edu/generative_technologies
- https://www.marquette.edu/provost/academic-integrity.php
- https://www.marquette.edu/digital-learning/academic-integrity.php
- https://www2.mu.edu/center-for-teaching-and-learning/ai-communicating-with-students.php
- https://www.marquette.edu/provost/academic-integrity-tutorial-summary.php
- https://www.marquette.edu/ts/chatbot/",https://www.marquette.edu/center-for-teaching-and-learning/documents/guidance-on-generative-software-update-8.13.2025.pdf; https://www.marquette.edu/provost/academic-integrity.php; https://www.marquette.edu/business/documents/teaching-with-chatgpt.pdf,https://www.marquette.edu/center-for-teaching-and-learning/documents/ai-responsible-use-guidelines-2.pdf; https://www.marquette.edu/center-for-teaching-and-learning/documents/guidance-on-generative-software-update-8.13.2025.pdf; https://www.marquette.edu/center-for-teaching-and-learning/ai-communicating-with-students.php,https://www.marquette.edu/center-for-teaching-and-learning/emerging-technologies-artificial-intelligence.php; https://www.marquette.edu/center-for-teaching-and-learning/ai-communicating-with-students.php; https://libguides.marquette.edu/generative_technologies,https://www.marquette.edu/center-for-teaching-and-learning/ai-communicating-with-students.php; https://www.marquette.edu/business/documents/teaching-with-chatgpt.pdf,https://www.marquette.edu/center-for-teaching-and-learning/emerging-technologies-artificial-intelligence.php; https://www.marquette.edu/provost/documents/MessageonLargeLanguageModel-BasedChatbotUseatMU_9.15.23.pdf; https://libguides.marquette.edu/generative_technologies,https://www.marquette.edu/center-for-teaching-and-learning/ai-communicating-with-students.php; https://www.marquette.edu/center-for-teaching-and-learning/syllabus-guide.php,https://www.marquette.edu/provost/academic-integrity.php; https://www.marquette.edu/provost/academic-integrity-council-members.php,https://www.marquette.edu/provost/academic-integrity-council-members.php,https://www.marquette.edu/center-for-teaching-and-learning/documents/guidance-on-generative-software-update-8.13.2025.pdf; https://www.marquette.edu/center-for-teaching-and-learning/emerging-technologies-artificial-intelligence.php; https://www.marquette.edu/center-for-teaching-and-learning/ai-communicating-with-students.php,https://www.marquette.edu/center-for-teaching-and-learning/documents/guidance-on-generative-software-update-8.13.2025.pdf,https://www.marquette.edu/center-for-teaching-and-learning/documents/ai-responsible-use-guidelines-2.pdf; https://www.marquette.edu/digital-learning/academic-integrity.php,0.5,1.0,0.3333333333333333,0.75,64.58333333333333,17.0,68.18181818181817,17.0,61.11111111111111,14.0,71.66666666666667,13.5
U52,1.5,0.6666666666666666,0.8333333333333334,1.0,1.0,0.6666666666666666,1.0,0.5,0.16666666666666666,0.6666666666666666,0.5,0.6666666666666666,Private Research-Oriented,R2,Midwest,~12k students,Marquette University,"- https://www.marquette.edu/center-for-teaching-and-learning/emerging-technologies-artificial-intelligence.php  
- https://www.marquette.edu/center-for-teaching-and-learning/ai-communicating-with-students.php ","- https://www.marquette.edu/center-for-teaching-and-learning/emerging-technologies-artificial-intelligence.php   
- https://www.marquette.edu/center-for-teaching-and-learning/ai-communicating-with-students.php 
- https://www.marquette.edu/center-for-teaching-and-learning/syllabus-guide.php ",- https://www.marquette.edu/center-for-teaching-and-learning/emerging-technologies-artificial-intelligence.php ,- https://libguides.marquette.edu/generative_technologies ,"- https://www.marquette.edu/provost/academic-integrity.php   
- https://www.marquette.edu/digital-learning/academic-integrity.php   
- https://www.marquette.edu/center-for-teaching-and-learning/emerging-technologies-artificial-intelligence.php   
- https://www2.mu.edu/center-for-teaching-and-learning/ai-communicating-with-students.php 
- https://www.marquette.edu/provost/academic-integrity-tutorial-summary.php ",,- https://www.marquette.edu/ts/chatbot/ ,"- https://www.marquette.edu/center-for-teaching-and-learning/emerging-technologies-artificial-intelligence.php
- https://www.marquette.edu/center-for-teaching-and-learning/ai-communicating-with-students.php
- https://www.marquette.edu/center-for-teaching-and-learning/syllabus-guide.php
- https://libguides.marquette.edu/generative_technologies
- https://www.marquette.edu/provost/academic-integrity.php
- https://www.marquette.edu/digital-learning/academic-integrity.php
- https://www2.mu.edu/center-for-teaching-and-learning/ai-communicating-with-students.php
- https://www.marquette.edu/provost/academic-integrity-tutorial-summary.php
- https://www.marquette.edu/ts/chatbot/",https://www.marquette.edu/provost/academic-integrity.php; https://www.marquette.edu/center-for-teaching-and-learning/ai-communicating-with-students.php; https://www.marquette.edu/center-for-teaching-and-learning/documents/guidance-on-generative-software-update-8.13.2025.pdf,https://www.marquette.edu/center-for-teaching-and-learning/ai-communicating-with-students.php; https://www.marquette.edu/center-for-teaching-and-learning/documents/ai-responsible-use-guidelines-2.pdf; https://www.marquette.edu/center-for-teaching-and-learning/documents/guidance-on-generative-software-update-8.13.2025.pdf,https://www.marquette.edu/center-for-teaching-and-learning/emerging-technologies-artificial-intelligence.php; https://www.marquette.edu/center-for-teaching-and-learning/ai-communicating-with-students.php; https://www.marquette.edu/center-for-teaching-and-learning/documents/ai-responsible-use-guidelines-2.pdf,https://www.marquette.edu/center-for-teaching-and-learning/ai-communicating-with-students.php,https://www.marquette.edu/center-for-teaching-and-learning/emerging-technologies-artificial-intelligence.php; https://www.marquette.edu/center-for-teaching-and-learning/documents/ai-responsible-use-guidelines-2.pdf,https://www.marquette.edu/center-for-teaching-and-learning/ai-communicating-with-students.php,https://www.marquette.edu/provost/academic-integrity-council-members.php; https://www.marquette.edu/provost/academic-integrity.php,https://www.marquette.edu/provost/academic-integrity-council-members.php,https://www.marquette.edu/center-for-teaching-and-learning/documents/guidance-on-generative-software-update-8.13.2025.pdf,https://www.marquette.edu/center-for-teaching-and-learning/documents/guidance-on-generative-software-update-8.13.2025.pdf,https://www.marquette.edu/digital-learning/academic-integrity.php; https://www.marquette.edu/center-for-teaching-and-learning/documents/ai-responsible-use-guidelines-2.pdf,0.75,0.9166666666666666,0.4444444444444444,0.5833333333333333,67.3611111111111,7.0,69.69696969696969,9.0,62.03703703703704,8.0,72.22222222222221,7.5
U53,0.5,0.5,0.5,1.0,1.0,0.16666666666666666,1.0,0.0,0.0,0.3333333333333333,0.3333333333333333,0.8333333333333334,Private Research-Oriented,R2,Midwest,~8k students,Illinois Institute of Technology,"- https://www.iit.edu/cli/faculty-resources/generative-ai-resources 
- https://webmaster.iit.edu/files/ots/Acceptable-Use-Policy.pdf ",- https://www.iit.edu/cli/ai-teaching-and-learning ,- http://ai.iit.edu/ ,- https://guides.library.iit.edu/ai_chatgpt ,- https://www.iit.edu/academic-affairs/academic-honesty-guidelines ,"- https://www.iit.edu/provost/special-initiatives/core-curriculum-task-force
- http://ai.iit.edu/#service ",- https://www.iit.edu/act ,"- https://www.iit.edu/cli/faculty-resources/generative-ai-resources
- https://webmaster.iit.edu/files/ots/Acceptable-Use-Policy.pdf
- https://www.iit.edu/cli/ai-teaching-and-learning
- http://ai.iit.edu/
- https://guides.library.iit.edu/ai_chatgpt
- https://www.iit.edu/academic-affairs/academic-honesty-guidelines
- https://www.iit.edu/provost/special-initiatives/core-curriculum-task-force
- http://ai.iit.edu/#service
- https://www.iit.edu/act",https://www.iit.edu/cli/ai-teaching-and-learning; https://www.iit.edu/sites/default/files/2023-08/Faculty%20Guide%20on%20Teaching%20and%20Generative%20AI.pdf; https://webmaster.iit.edu/files/ots/Acceptable-Use-Policy.pdf,https://www.iit.edu/cli/ai-teaching-and-learning; https://www.iit.edu/sites/default/files/2023-08/Faculty%20Guide%20on%20Teaching%20and%20Generative%20AI.pdf,https://www.iit.edu/cli/ai-teaching-and-learning; https://www.iit.edu/sites/default/files/2023-08/Faculty%20Guide%20on%20Teaching%20and%20Generative%20AI.pdf; https://www.iit.edu/cac/for-faculty/faculty-resource-series; https://www.iit.edu/sites/default/files/2023-08/genai.pdf,https://www.iit.edu/sites/default/files/2023-08/genai.pdf; https://www.iit.edu/cli/ai-teaching-and-learning,https://www.iit.edu/cli/ai-teaching-and-learning; https://www.iit.edu/sites/default/files/2023-08/Faculty%20Guide%20on%20Teaching%20and%20Generative%20AI.pdf; https://www.iit.edu/cac/for-faculty/faculty-resource-series,https://www.iit.edu/cli/ai-teaching-and-learning; https://www.iit.edu/sites/default/files/2023-08/Faculty%20Guide%20on%20Teaching%20and%20Generative%20AI.pdf,https://www.iit.edu/cli/ai-teaching-and-learning; https://www.iit.edu/academic-affairs/academic-honesty-guidelines; https://webmaster.iit.edu/files/ots/Acceptable-Use-Policy.pdf; https://www.iit.edu/provost/special-initiatives/core-curriculum-task-force,https://www.iit.edu/academic-affairs/academic-honesty-guidelines; https://www.iit.edu/student-affairs/student-handbook/fine-print/code-academic-honesty,https://webmaster.iit.edu/files/ots/Acceptable-Use-Policy.pdf,https://www.iit.edu/academic-affairs/academic-honesty-guidelines; https://www.iit.edu/sites/default/files/2023-08/Faculty%20Guide%20on%20Teaching%20and%20Generative%20AI.pdf,https://www.iit.edu/academic-affairs/academic-honesty-guidelines,0.5,0.7916666666666666,0.1111111111111111,0.5833333333333334,49.65277777777778,46.0,51.515151515151516,45.5,44.675925925925924,45.0,55.55555555555556,42.5
U53,1.0,0.5,0.16666666666666666,1.0,0.6666666666666666,0.16666666666666666,0.6666666666666666,0.0,0.0,0.5,0.6666666666666666,1.0,Private Research-Oriented,R2,Midwest,~8k students,Illinois Institute of Technology,"- https://www.iit.edu/cli/faculty-resources/generative-ai-resources 
- https://webmaster.iit.edu/files/ots/Acceptable-Use-Policy.pdf ",- https://www.iit.edu/cli/ai-teaching-and-learning ,- http://ai.iit.edu/ ,- https://guides.library.iit.edu/ai_chatgpt ,- https://www.iit.edu/academic-affairs/academic-honesty-guidelines ,"- https://www.iit.edu/provost/special-initiatives/core-curriculum-task-force
- http://ai.iit.edu/#service ",- https://www.iit.edu/act ,"- https://www.iit.edu/cli/faculty-resources/generative-ai-resources
- https://webmaster.iit.edu/files/ots/Acceptable-Use-Policy.pdf
- https://www.iit.edu/cli/ai-teaching-and-learning
- http://ai.iit.edu/
- https://guides.library.iit.edu/ai_chatgpt
- https://www.iit.edu/academic-affairs/academic-honesty-guidelines
- https://www.iit.edu/provost/special-initiatives/core-curriculum-task-force
- http://ai.iit.edu/#service
- https://www.iit.edu/act",https://www.iit.edu/academic-affairs/academic-honesty-guidelines; https://webmaster.iit.edu/files/ots/Acceptable-Use-Policy.pdf,https://www.iit.edu/academic-affairs/academic-honesty-guidelines; https://webmaster.iit.edu/files/ots/Acceptable-Use-Policy.pdf; https://www.iit.edu/cli/ai-teaching-and-learning,https://www.iit.edu/cli/ai-teaching-and-learning,https://www.iit.edu/cli/ai-teaching-and-learning; https://www.iit.edu/academic-affairs/academic-honesty-guidelines,https://www.iit.edu/cli/ai-teaching-and-learning; https://www.iit.edu/act; https://www.iit.edu/provost/special-initiatives/core-curriculum-task-force,https://www.iit.edu/cli/faculty-resources/syllabus-template; https://www.iit.edu/academic-affairs/academic-honesty-guidelines; https://www.iit.edu/cli/ai-teaching-and-learning,https://webmaster.iit.edu/files/ots/Acceptable-Use-Policy.pdf; https://www.iit.edu/provost/special-initiatives/core-curriculum-task-force; https://www.iit.edu/academic-affairs/academic-honesty-guidelines,https://www.iit.edu/academic-affairs/academic-honesty-guidelines; https://www.iit.edu/provost/special-initiatives/core-curriculum-task-force,https://webmaster.iit.edu/files/ots/Acceptable-Use-Policy.pdf,https://www.iit.edu/cli/canvas/assessments-and-grading/turnitin-and-ai; https://www.iit.edu/academic-affairs/academic-honesty-guidelines,https://www.iit.edu/academic-affairs/academic-honesty-guidelines; https://www.iit.edu/cli/canvas/assessments-and-grading/turnitin-and-ai,0.3333333333333333,0.625,0.16666666666666666,0.8333333333333333,48.95833333333333,46.0,48.48484848484848,48.5,49.30555555555555,38.0,51.66666666666666,48.0
U53,1.5,0.6666666666666666,0.5,1.0,1.0,0.0,1.0,0.0,0.16666666666666666,0.5,0.3333333333333333,0.8333333333333334,Private Research-Oriented,R2,Midwest,~8k students,Illinois Institute of Technology,"- https://www.iit.edu/cli/faculty-resources/generative-ai-resources 
- https://webmaster.iit.edu/files/ots/Acceptable-Use-Policy.pdf ",- https://www.iit.edu/cli/ai-teaching-and-learning ,- http://ai.iit.edu/ ,- https://guides.library.iit.edu/ai_chatgpt ,- https://www.iit.edu/academic-affairs/academic-honesty-guidelines ,"- https://www.iit.edu/provost/special-initiatives/core-curriculum-task-force
- http://ai.iit.edu/#service ",- https://www.iit.edu/act ,"- https://www.iit.edu/cli/faculty-resources/generative-ai-resources
- https://webmaster.iit.edu/files/ots/Acceptable-Use-Policy.pdf
- https://www.iit.edu/cli/ai-teaching-and-learning
- http://ai.iit.edu/
- https://guides.library.iit.edu/ai_chatgpt
- https://www.iit.edu/academic-affairs/academic-honesty-guidelines
- https://www.iit.edu/provost/special-initiatives/core-curriculum-task-force
- http://ai.iit.edu/#service
- https://www.iit.edu/act",https://www.iit.edu/academic-affairs/academic-honesty-guidelines; https://www.iit.edu/cli/ai-teaching-and-learning; https://webmaster.iit.edu/files/ots/Acceptable-Use-Policy.pdf,https://www.iit.edu/cli/ai-teaching-and-learning,https://www.iit.edu/cli/ai-teaching-and-learning,https://www.iit.edu/academic-affairs/academic-honesty-guidelines; https://www.iit.edu/cli/ai-teaching-and-learning,https://www.iit.edu/cli/ai-teaching-and-learning; https://www.iit.edu/academic-affairs/academic-honesty-guidelines; https://www.iit.edu/provost/special-initiatives/core-curriculum-task-force; https://www.iit.edu/act; https://webmaster.iit.edu/files/ots/Acceptable-Use-Policy.pdf,https://www.iit.edu/cli/ai-teaching-and-learning; https://www.iit.edu/cli/faculty-resources/syllabus-template,https://www.iit.edu/cli/ai-teaching-and-learning; https://www.iit.edu/academic-affairs/academic-honesty-guidelines; https://www.iit.edu/provost/special-initiatives/core-curriculum-task-force; https://webmaster.iit.edu/files/ots/Acceptable-Use-Policy.pdf,https://www.iit.edu/academic-affairs/academic-honesty-guidelines; https://www.iit.edu/provost/special-initiatives/core-curriculum-task-force; https://www.iit.edu/act,https://webmaster.iit.edu/files/ots/Acceptable-Use-Policy.pdf,https://www.iit.edu/academic-affairs/academic-honesty-guidelines; https://www.iit.edu/cli/canvas/assessments-and-grading/turnitin-and-ai,https://www.iit.edu/academic-affairs/academic-honesty-guidelines; https://www.iit.edu/cli/canvas/assessments-and-grading/turnitin-and-ai,0.5833333333333333,0.75,0.2222222222222222,0.5833333333333334,53.47222222222222,35.0,54.54545454545454,38.0,49.074074074074076,33.0,57.77777777777777,37.0
U54,0.5,0.5,0.8333333333333334,1.0,0.8333333333333334,1.0,0.8333333333333334,0.5,0.0,0.16666666666666666,1.0,0.5,Private Research-Oriented,R2,Midwest,~21k students,DePaul University,"- https://offices.depaul.edu/information-services/about/generative-ai/Pages/default.aspx   
- https://offices.depaul.edu/academic-affairs/faculty-resources/academic-integrity/Pages/violation.aspx 
- https://resources.depaul.edu/teaching-commons/teaching-guides/technology/artificial-intelligence/Pages/ai-detectors.aspx   
- https://library.depaul.edu/about/about-the-library/Pages/generative-ai-values.aspx ","- https://resources.depaul.edu/teaching-commons/programs/Pages/ai-program.aspx 
- https://resources.depaul.edu/teaching-commons/teaching-guides/technology/artificial-intelligence/Pages/teachingrecommendations.aspx ",- https://blogs.depaul.edu/ai-institute/ ,- https://library.depaul.edu/about/about-the-library/Pages/generative-ai-values.aspx ,"- https://offices.depaul.edu/academic-affairs/faculty-resources/academic-integrity/Pages/violation.aspx   
- https://resources.depaul.edu/teaching-commons/teaching-guides/technology/artificial-intelligence/Pages/teachingrecommendations.aspx ",- https://resources.depaul.edu/teaching-commons/teaching-guides/technology/artificial-intelligence/Pages/default.aspx ,"- https://offices.depaul.edu/information-services/about/generative-ai/Pages/default.aspx   
- https://offices.depaul.edu/information-services/about/generative-ai/Pages/ai-tools-at-depaul.aspx ","- https://offices.depaul.edu/information-services/about/generative-ai/Pages/default.aspx
- https://offices.depaul.edu/academic-affairs/faculty-resources/academic-integrity/Pages/violation.aspx
- https://resources.depaul.edu/teaching-commons/teaching-guides/technology/artificial-intelligence/Pages/ai-detectors.aspx
- https://library.depaul.edu/about/about-the-library/Pages/generative-ai-values.aspx
- https://resources.depaul.edu/teaching-commons/programs/Pages/ai-program.aspx
- https://resources.depaul.edu/teaching-commons/teaching-guides/technology/artificial-intelligence/Pages/teachingrecommendations.aspx
- https://blogs.depaul.edu/ai-institute/
- https://resources.depaul.edu/teaching-commons/teaching-guides/technology/artificial-intelligence/Pages/default.aspx
- https://offices.depaul.edu/information-services/about/generative-ai/Pages/ai-tools-at-depaul.aspx",https://offices.depaul.edu/information-services/about/generative-ai/Pages/default.aspx; https://resources.depaul.edu/teaching-commons/teaching-guides/technology/artificial-intelligence/Pages/default.aspx,https://resources.depaul.edu/teaching-commons/teaching-guides/technology/artificial-intelligence/Pages/teachingrecommendations.aspx; https://offices.depaul.edu/information-services/about/generative-ai/Pages/default.aspx,https://resources.depaul.edu/teaching-commons/programs/Pages/ai-program.aspx; https://resources.depaul.edu/teaching-commons/teaching-guides/technology/artificial-intelligence/Pages/teachingrecommendations.aspx; https://resources.depaul.edu/teaching-commons/teaching-guides/technology/artificial-intelligence/Pages/default.aspx,https://resources.depaul.edu/teaching-commons/teaching-guides/technology/artificial-intelligence/Pages/teachingrecommendations.aspx; https://resources.depaul.edu/teaching-commons/teaching-guides/technology/artificial-intelligence/Pages/ai-activities.aspx,https://resources.depaul.edu/teaching-commons/teaching-guides/technology/artificial-intelligence/Pages/ai-activities.aspx,https://resources.depaul.edu/teaching-commons/teaching-guides/technology/artificial-intelligence/Pages/teachingrecommendations.aspx; https://resources.depaul.edu/teaching-commons/teaching-guides/technology/Documents/Generative%20AI%20Syllabus%20Statement%20DePaul.html,https://library.depaul.edu/about/about-the-library/Pages/generative-ai-values.aspx,https://offices.depaul.edu/information-services/about/generative-ai/Pages/default.aspx; https://offices.depaul.edu/information-services/about/generative-ai/Pages/ai-tools-at-depaul.aspx; https://resources.depaul.edu/teaching-commons/teaching-guides/technology/artificial-intelligence/Pages/default.aspx; https://resources.depaul.edu/teaching-commons/programs/Pages/ai-program.aspx; https://blogs.depaul.edu/ai-institute/,https://offices.depaul.edu/information-services/about/generative-ai/Pages/default.aspx; https://offices.depaul.edu/information-services/about/generative-ai/Pages/ai-tools-at-depaul.aspx; https://library.depaul.edu/about/about-the-library/Pages/generative-ai-values.aspx; https://resources.depaul.edu/teaching-commons/teaching-guides/technology/artificial-intelligence/Pages/default.aspx; https://resources.depaul.edu/teaching-commons/teaching-guides/technology/artificial-intelligence/Pages/teachingrecommendations.aspx,https://resources.depaul.edu/teaching-commons/teaching-guides/technology/artificial-intelligence/Pages/ai-detectors.aspx,https://resources.depaul.edu/teaching-commons/teaching-guides/technology/artificial-intelligence/Pages/ai-detectors.aspx,0.6666666666666667,0.9166666666666667,0.2222222222222222,0.75,63.88888888888889,19.0,65.15151515151516,23.0,58.79629629629629,17.0,69.44444444444444,16.5
U54,1.0,1.0,1.0,1.0,1.0,0.8333333333333334,1.0,0.3333333333333333,0.0,0.3333333333333333,0.8333333333333334,0.5,Private Research-Oriented,R2,Midwest,~21k students,DePaul University,"- https://offices.depaul.edu/information-services/about/generative-ai/Pages/default.aspx   
- https://offices.depaul.edu/academic-affairs/faculty-resources/academic-integrity/Pages/violation.aspx 
- https://resources.depaul.edu/teaching-commons/teaching-guides/technology/artificial-intelligence/Pages/ai-detectors.aspx   
- https://library.depaul.edu/about/about-the-library/Pages/generative-ai-values.aspx ","- https://resources.depaul.edu/teaching-commons/programs/Pages/ai-program.aspx 
- https://resources.depaul.edu/teaching-commons/teaching-guides/technology/artificial-intelligence/Pages/teachingrecommendations.aspx ",- https://blogs.depaul.edu/ai-institute/ ,- https://library.depaul.edu/about/about-the-library/Pages/generative-ai-values.aspx ,"- https://offices.depaul.edu/academic-affairs/faculty-resources/academic-integrity/Pages/violation.aspx   
- https://resources.depaul.edu/teaching-commons/teaching-guides/technology/artificial-intelligence/Pages/teachingrecommendations.aspx ",- https://resources.depaul.edu/teaching-commons/teaching-guides/technology/artificial-intelligence/Pages/default.aspx ,"- https://offices.depaul.edu/information-services/about/generative-ai/Pages/default.aspx   
- https://offices.depaul.edu/information-services/about/generative-ai/Pages/ai-tools-at-depaul.aspx ","- https://offices.depaul.edu/information-services/about/generative-ai/Pages/default.aspx
- https://offices.depaul.edu/academic-affairs/faculty-resources/academic-integrity/Pages/violation.aspx
- https://resources.depaul.edu/teaching-commons/teaching-guides/technology/artificial-intelligence/Pages/ai-detectors.aspx
- https://library.depaul.edu/about/about-the-library/Pages/generative-ai-values.aspx
- https://resources.depaul.edu/teaching-commons/programs/Pages/ai-program.aspx
- https://resources.depaul.edu/teaching-commons/teaching-guides/technology/artificial-intelligence/Pages/teachingrecommendations.aspx
- https://blogs.depaul.edu/ai-institute/
- https://resources.depaul.edu/teaching-commons/teaching-guides/technology/artificial-intelligence/Pages/default.aspx
- https://offices.depaul.edu/information-services/about/generative-ai/Pages/ai-tools-at-depaul.aspx",https://offices.depaul.edu/information-services/about/generative-ai/Pages/default.aspx,https://resources.depaul.edu/teaching-commons/teaching-guides/technology/artificial-intelligence/Pages/teachingrecommendations.aspx,https://resources.depaul.edu/teaching-commons/teaching-guides/technology/artificial-intelligence/Pages/teachingrecommendations.aspx; https://resources.depaul.edu/teaching-commons/programs/Pages/ai-program.aspx; https://resources.depaul.edu/teaching-commons/teaching-guides/technology/artificial-intelligence/Pages/default.aspx,https://resources.depaul.edu/teaching-commons/teaching-guides/technology/artificial-intelligence/Pages/teachingrecommendations.aspx; https://resources.depaul.edu/teaching-commons/teaching-guides/technology/artificial-intelligence/Pages/ai-activities.aspx,https://resources.depaul.edu/teaching-commons/teaching-guides/technology/artificial-intelligence/Pages/ai-activities.aspx,https://resources.depaul.edu/teaching-commons/teaching-guides/technology/artificial-intelligence/Pages/teachingrecommendations.aspx,https://resources.depaul.edu/teaching-commons/teaching-guides/technology/artificial-intelligence/Pages/ai-detectors.aspx,https://offices.depaul.edu/information-services/about/generative-ai/Pages/default.aspx; https://offices.depaul.edu/information-services/about/generative-ai/Pages/ai-tools-at-depaul.aspx; https://resources.depaul.edu/teaching-commons/teaching-guides/technology/artificial-intelligence/Pages/default.aspx; https://resources.depaul.edu/teaching-commons/teaching-guides/technology/artificial-intelligence/Pages/teachingrecommendations.aspx; https://resources.depaul.edu/teaching-commons/teaching-guides/technology/artificial-intelligence/Pages/ai-detectors.aspx; https://resources.depaul.edu/teaching-commons/programs/Pages/ai-program.aspx; https://library.depaul.edu/about/about-the-library/Pages/generative-ai-values.aspx; https://blogs.depaul.edu/ai-institute/,https://resources.depaul.edu/teaching-commons/teaching-guides/technology/artificial-intelligence/Pages/ai-detectors.aspx,https://resources.depaul.edu/teaching-commons/teaching-guides/technology/artificial-intelligence/Pages/ai-detectors.aspx,https://resources.depaul.edu/teaching-commons/teaching-guides/technology/artificial-intelligence/Pages/ai-detectors.aspx,1.0,0.9583333333333334,0.2222222222222222,0.6666666666666667,71.18055555555556,5.0,71.21212121212122,10.5,62.268518518518526,13.0,76.11111111111113,6.0
U54,1.5,0.8333333333333334,0.6666666666666666,1.0,0.8333333333333334,0.8333333333333334,0.6666666666666666,0.6666666666666666,0.0,0.5,1.0,0.3333333333333333,Private Research-Oriented,R2,Midwest,~21k students,DePaul University,"- https://offices.depaul.edu/information-services/about/generative-ai/Pages/default.aspx   
- https://offices.depaul.edu/academic-affairs/faculty-resources/academic-integrity/Pages/violation.aspx 
- https://resources.depaul.edu/teaching-commons/teaching-guides/technology/artificial-intelligence/Pages/ai-detectors.aspx   
- https://library.depaul.edu/about/about-the-library/Pages/generative-ai-values.aspx ","- https://resources.depaul.edu/teaching-commons/programs/Pages/ai-program.aspx 
- https://resources.depaul.edu/teaching-commons/teaching-guides/technology/artificial-intelligence/Pages/teachingrecommendations.aspx ",- https://blogs.depaul.edu/ai-institute/ ,- https://library.depaul.edu/about/about-the-library/Pages/generative-ai-values.aspx ,"- https://offices.depaul.edu/academic-affairs/faculty-resources/academic-integrity/Pages/violation.aspx   
- https://resources.depaul.edu/teaching-commons/teaching-guides/technology/artificial-intelligence/Pages/teachingrecommendations.aspx ",- https://resources.depaul.edu/teaching-commons/teaching-guides/technology/artificial-intelligence/Pages/default.aspx ,"- https://offices.depaul.edu/information-services/about/generative-ai/Pages/default.aspx   
- https://offices.depaul.edu/information-services/about/generative-ai/Pages/ai-tools-at-depaul.aspx ","- https://offices.depaul.edu/information-services/about/generative-ai/Pages/default.aspx
- https://offices.depaul.edu/academic-affairs/faculty-resources/academic-integrity/Pages/violation.aspx
- https://resources.depaul.edu/teaching-commons/teaching-guides/technology/artificial-intelligence/Pages/ai-detectors.aspx
- https://library.depaul.edu/about/about-the-library/Pages/generative-ai-values.aspx
- https://resources.depaul.edu/teaching-commons/programs/Pages/ai-program.aspx
- https://resources.depaul.edu/teaching-commons/teaching-guides/technology/artificial-intelligence/Pages/teachingrecommendations.aspx
- https://blogs.depaul.edu/ai-institute/
- https://resources.depaul.edu/teaching-commons/teaching-guides/technology/artificial-intelligence/Pages/default.aspx
- https://offices.depaul.edu/information-services/about/generative-ai/Pages/ai-tools-at-depaul.aspx",https://offices.depaul.edu/information-services/about/generative-ai/Pages/default.aspx; https://offices.depaul.edu/academic-affairs/about/Documents/DePaul%27s%20Approach%20to%20Artificial%20Intelligence%20Aug%202023.pdf,https://offices.depaul.edu/information-services/about/generative-ai/Pages/default.aspx; https://offices.depaul.edu/academic-affairs/about/Documents/DePaul%27s%20Approach%20to%20Artificial%20Intelligence%20Aug%202023.pdf; https://resources.depaul.edu/teaching-commons/teaching-guides/technology/artificial-intelligence/Pages/teachingrecommendations.aspx,https://resources.depaul.edu/teaching-commons/programs/Pages/ai-program.aspx; https://resources.depaul.edu/teaching-commons/teaching-guides/technology/artificial-intelligence/Pages/teachingrecommendations.aspx; https://resources.depaul.edu/teaching-commons/teaching-guides/technology/artificial-intelligence/Pages/default.aspx,https://resources.depaul.edu/teaching-commons/teaching-guides/technology/artificial-intelligence/Pages/ai-activities.aspx; https://resources.depaul.edu/teaching-commons/teaching-guides/technology/artificial-intelligence/Pages/teachingrecommendations.aspx,https://resources.depaul.edu/teaching-commons/teaching-guides/technology/artificial-intelligence/Pages/ai-activities.aspx,https://resources.depaul.edu/teaching-commons/teaching-guides/technology/artificial-intelligence/Pages/teachingrecommendations.aspx; https://offices.depaul.edu/academic-affairs/about/Documents/DePaul%27s%20Approach%20to%20Artificial%20Intelligence%20Aug%202023.pdf,https://resources.depaul.edu/teaching-commons/teaching-guides/technology/artificial-intelligence/Pages/ai-detectors.aspx; https://library.depaul.edu/about/about-the-library/Pages/generative-ai-values.aspx,https://offices.depaul.edu/information-services/about/generative-ai/Pages/default.aspx; https://resources.depaul.edu/teaching-commons/teaching-guides/technology/artificial-intelligence/Pages/default.aspx; https://resources.depaul.edu/teaching-commons/programs/Pages/ai-program.aspx; https://library.depaul.edu/about/about-the-library/Pages/generative-ai-values.aspx; https://blogs.depaul.edu/ai-institute/,https://resources.depaul.edu/teaching-commons/teaching-guides/technology/artificial-intelligence/Pages/ai-detectors.aspx; https://offices.depaul.edu/academic-affairs/about/Documents/DePaul%27s%20Approach%20to%20Artificial%20Intelligence%20Aug%202023.pdf,https://resources.depaul.edu/teaching-commons/teaching-guides/technology/artificial-intelligence/Pages/ai-detectors.aspx,https://resources.depaul.edu/teaching-commons/teaching-guides/technology/artificial-intelligence/Pages/ai-detectors.aspx; https://offices.depaul.edu/academic-affairs/faculty-resources/academic-integrity/Pages/violation.aspx; https://offices.depaul.edu/academic-affairs/faculty-resources/academic-integrity/Pages/definitions.aspx,0.75,0.8333333333333334,0.38888888888888884,0.6666666666666666,65.97222222222221,11.5,66.66666666666666,16.5,61.57407407407408,9.0,69.44444444444444,14.0
U55,0.5,0.5,0.0,0.5,0.0,0.16666666666666666,0.0,0.3333333333333333,0.16666666666666666,0.0,0.0,0.5,Private Research-Oriented,R2,Midwest,~9k students,Creighton University,- https://catalog.creighton.edu/graduate/administration-policies/academic-responsibility/academic-misconduct-policy/academic-misconduct-policy.pdf ,"- https://www.creighton.edu/about/leadership-key-offices-contacts/office-provost/center-faculty-excellence 
- https://culibraries.creighton.edu/c.php?g=1334271&p=11204790 ","- https://www.creighton.edu/academics/libraries/emerging-technologies 
- https://culibraries.creighton.edu/AI ","- https://culibraries.creighton.edu/AI   
- https://www.creighton.edu/academics/libraries/emerging-technologies   ",- https://catalog.creighton.edu/graduate/administration-policies/academic-responsibility/academic-misconduct-policy/academic-misconduct-policy.pdf ,,"- https://culibraries.creighton.edu/writing/tools 
- https://www.creighton.edu/student-success/careercenter/students/grow-your-skills ","- https://catalog.creighton.edu/graduate/administration-policies/academic-responsibility/academic-misconduct-policy/academic-misconduct-policy.pdf
- https://www.creighton.edu/about/leadership-key-offices-contacts/office-provost/center-faculty-excellence
- https://culibraries.creighton.edu/c.php?g=1334271&p=11204790
- https://www.creighton.edu/academics/libraries/emerging-technologies
- https://culibraries.creighton.edu/AI
- https://culibraries.creighton.edu/writing/tools
- https://www.creighton.edu/student-success/careercenter/students/grow-your-skills",https://catalog.creighton.edu/graduate/administration-policies/academic-responsibility/academic-misconduct-policy/academic-misconduct-policy.pdf,https://catalog.creighton.edu/graduate/administration-policies/academic-responsibility/academic-misconduct-policy/academic-misconduct-policy.pdf; https://www.creighton.edu/academics/libraries/emerging-technologies; https://www.creighton.edu/about/leadership-key-offices-contacts/office-provost/center-faculty-excellence; https://www.creighton.edu/student-success/careercenter/students/grow-your-skills,https://www.creighton.edu/about/leadership-key-offices-contacts/office-provost/center-faculty-excellence; https://www.creighton.edu/academics/libraries/emerging-technologies,https://www.creighton.edu/about/leadership-key-offices-contacts/office-provost/center-faculty-excellence; https://www.creighton.edu/academics/libraries/emerging-technologies; https://catalog.creighton.edu/graduate/administration-policies/academic-responsibility/academic-misconduct-policy/academic-misconduct-policy.pdf,https://www.creighton.edu/about/leadership-key-offices-contacts/office-provost/center-faculty-excellence; https://www.creighton.edu/academics/libraries/emerging-technologies,https://www.creighton.edu/about/leadership-key-offices-contacts/office-provost/center-faculty-excellence; https://catalog.creighton.edu/graduate/administration-policies/academic-responsibility/academic-misconduct-policy/academic-misconduct-policy.pdf,https://catalog.creighton.edu/graduate/administration-policies/academic-responsibility/academic-misconduct-policy/academic-misconduct-policy.pdf,https://catalog.creighton.edu/graduate/administration-policies/academic-responsibility/academic-misconduct-policy/academic-misconduct-policy.pdf,https://catalog.creighton.edu/graduate/administration-policies/academic-responsibility/academic-misconduct-policy/academic-misconduct-policy.pdf; https://www.creighton.edu/about/leadership-key-offices-contacts/office-provost/center-faculty-excellence,https://catalog.creighton.edu/graduate/administration-policies/academic-responsibility/academic-misconduct-policy/academic-misconduct-policy.pdf,https://catalog.creighton.edu/graduate/administration-policies/academic-responsibility/academic-misconduct-policy/academic-misconduct-policy.pdf,0.25,0.16666666666666666,0.16666666666666666,0.25,20.833333333333332,68.0,19.696969696969695,69.5,20.833333333333336,67.0,20.0,70.0
U55,1.0,0.5,0.16666666666666666,0.3333333333333333,0.16666666666666666,0.0,0.16666666666666666,0.16666666666666666,0.0,0.0,0.0,0.5,Private Research-Oriented,R2,Midwest,~9k students,Creighton University,- https://catalog.creighton.edu/graduate/administration-policies/academic-responsibility/academic-misconduct-policy/academic-misconduct-policy.pdf ,"- https://www.creighton.edu/about/leadership-key-offices-contacts/office-provost/center-faculty-excellence 
- https://culibraries.creighton.edu/c.php?g=1334271&p=11204790 ","- https://www.creighton.edu/academics/libraries/emerging-technologies 
- https://culibraries.creighton.edu/AI ","- https://culibraries.creighton.edu/AI   
- https://www.creighton.edu/academics/libraries/emerging-technologies   ",- https://catalog.creighton.edu/graduate/administration-policies/academic-responsibility/academic-misconduct-policy/academic-misconduct-policy.pdf ,,"- https://culibraries.creighton.edu/writing/tools 
- https://www.creighton.edu/student-success/careercenter/students/grow-your-skills ","- https://catalog.creighton.edu/graduate/administration-policies/academic-responsibility/academic-misconduct-policy/academic-misconduct-policy.pdf
- https://www.creighton.edu/about/leadership-key-offices-contacts/office-provost/center-faculty-excellence
- https://culibraries.creighton.edu/c.php?g=1334271&p=11204790
- https://www.creighton.edu/academics/libraries/emerging-technologies
- https://culibraries.creighton.edu/AI
- https://culibraries.creighton.edu/writing/tools
- https://www.creighton.edu/student-success/careercenter/students/grow-your-skills",https://catalog.creighton.edu/graduate/administration-policies/academic-responsibility/academic-misconduct-policy/academic-misconduct-policy.pdf,https://catalog.creighton.edu/graduate/administration-policies/academic-responsibility/academic-misconduct-policy/academic-misconduct-policy.pdf,https://www.creighton.edu/about/leadership-key-offices-contacts/office-provost/center-faculty-excellence; https://culibraries.creighton.edu/AI,https://culibraries.creighton.edu/AI; https://culibraries.creighton.edu/writing/tools; https://www.creighton.edu/academics/libraries/emerging-technologies,https://www.creighton.edu/about/leadership-key-offices-contacts/office-provost/center-faculty-excellence; https://culibraries.creighton.edu/AI,https://culibraries.creighton.edu/AI; https://culibraries.creighton.edu/writing/tools,https://catalog.creighton.edu/graduate/administration-policies/academic-responsibility/academic-misconduct-policy/academic-misconduct-policy.pdf; https://culibraries.creighton.edu/AI; https://www.creighton.edu/about/leadership-key-offices-contacts/office-provost/center-faculty-excellence,https://catalog.creighton.edu/graduate/administration-policies/academic-responsibility/academic-misconduct-policy/academic-misconduct-policy.pdf; https://culibraries.creighton.edu/AI,https://culibraries.creighton.edu/AI; https://catalog.creighton.edu/graduate/administration-policies/academic-responsibility/academic-misconduct-policy/academic-misconduct-policy.pdf,https://catalog.creighton.edu/graduate/administration-policies/academic-responsibility/academic-misconduct-policy/academic-misconduct-policy.pdf,https://catalog.creighton.edu/graduate/administration-policies/academic-responsibility/academic-misconduct-policy/academic-misconduct-policy.pdf,0.3333333333333333,0.16666666666666666,0.05555555555555555,0.25,20.13888888888889,68.0,18.181818181818183,68.0,18.51851851851852,67.0,19.444444444444446,68.0
U55,1.5,0.5,0.0,0.3333333333333333,0.16666666666666666,0.0,0.0,0.0,0.0,0.0,0.0,0.5,Private Research-Oriented,R2,Midwest,~9k students,Creighton University,- https://catalog.creighton.edu/graduate/administration-policies/academic-responsibility/academic-misconduct-policy/academic-misconduct-policy.pdf ,"- https://www.creighton.edu/about/leadership-key-offices-contacts/office-provost/center-faculty-excellence 
- https://culibraries.creighton.edu/c.php?g=1334271&p=11204790 ","- https://www.creighton.edu/academics/libraries/emerging-technologies 
- https://culibraries.creighton.edu/AI ","- https://culibraries.creighton.edu/AI   
- https://www.creighton.edu/academics/libraries/emerging-technologies   ",- https://catalog.creighton.edu/graduate/administration-policies/academic-responsibility/academic-misconduct-policy/academic-misconduct-policy.pdf ,,"- https://culibraries.creighton.edu/writing/tools 
- https://www.creighton.edu/student-success/careercenter/students/grow-your-skills ","- https://catalog.creighton.edu/graduate/administration-policies/academic-responsibility/academic-misconduct-policy/academic-misconduct-policy.pdf
- https://www.creighton.edu/about/leadership-key-offices-contacts/office-provost/center-faculty-excellence
- https://culibraries.creighton.edu/c.php?g=1334271&p=11204790
- https://www.creighton.edu/academics/libraries/emerging-technologies
- https://culibraries.creighton.edu/AI
- https://culibraries.creighton.edu/writing/tools
- https://www.creighton.edu/student-success/careercenter/students/grow-your-skills",https://catalog.creighton.edu/graduate/administration-policies/academic-responsibility/academic-misconduct-policy/academic-misconduct-policy.pdf,https://catalog.creighton.edu/graduate/administration-policies/academic-responsibility/academic-misconduct-policy/academic-misconduct-policy.pdf; https://culibraries.creighton.edu/writing/tools; https://culibraries.creighton.edu/AI,https://www.creighton.edu/about/leadership-key-offices-contacts/office-provost/center-faculty-excellence; https://www.creighton.edu/academics/libraries/emerging-technologies; https://culibraries.creighton.edu/AI,https://culibraries.creighton.edu/writing/tools,https://www.creighton.edu/about/leadership-key-offices-contacts/office-provost/center-faculty-excellence; https://culibraries.creighton.edu/AI,https://www.creighton.edu/about/leadership-key-offices-contacts/office-provost/center-faculty-excellence; https://culibraries.creighton.edu/AI,https://www.creighton.edu/about/leadership-key-offices-contacts/office-provost/center-faculty-excellence; https://catalog.creighton.edu/graduate/administration-policies/academic-responsibility/academic-misconduct-policy/academic-misconduct-policy.pdf; https://culibraries.creighton.edu/AI,https://www.creighton.edu/student-success/careercenter/students/grow-your-skills; https://culibraries.creighton.edu/AI,https://catalog.creighton.edu/graduate/administration-policies/academic-responsibility/academic-misconduct-policy/academic-misconduct-policy.pdf; https://culibraries.creighton.edu/AI,https://catalog.creighton.edu/graduate/administration-policies/academic-responsibility/academic-misconduct-policy/academic-misconduct-policy.pdf; https://culibraries.creighton.edu/AI,https://catalog.creighton.edu/graduate/administration-policies/academic-responsibility/academic-misconduct-policy/academic-misconduct-policy.pdf,0.25,0.125,0.0,0.25,15.625,69.0,13.636363636363635,70.0,14.583333333333334,69.0,15.0,70.0
U56,0.5,0.6666666666666666,1.0,1.0,1.0,1.0,1.0,0.8333333333333334,0.5,0.3333333333333333,0.6666666666666666,0.5,Private Research-Oriented,R1,Northeast,~16k students,Cornell University,"- https://teaching.cornell.edu/generative-artificial-intelligence/ai-academic-integrity 
- https://deanoffaculty.cornell.edu/faculty-and-academic-affairs/academic-integrity/code-of-academic-integrity/
- https://it.cornell.edu/ai/ai-guidelines 
- https://teaching.cornell.edu/generative-artificial-intelligence/ai-attribution-guidelines ",- https://teaching.cornell.edu/generative-artificial-intelligence ,"- https://ai.cornell.edu/   
- https://it.cornell.edu/ai ",- https://guides.library.cornell.edu/citations/AI ,"- https://teaching.cornell.edu/generative-artificial-intelligence/ai-academic-integrity 
- https://deanoffaculty.cornell.edu/faculty-and-academic-affairs/academic-integrity/template-letters-for-ai-related-communications/ 
- https://deanoffaculty.cornell.edu/faculty-and-academic-affairs/academic-integrity/talking-to-students-about-ai/ ",- https://it.cornell.edu/ai ,,"- https://teaching.cornell.edu/generative-artificial-intelligence/ai-academic-integrity
- https://deanoffaculty.cornell.edu/faculty-and-academic-affairs/academic-integrity/code-of-academic-integrity/
- https://it.cornell.edu/ai/ai-guidelines
- https://teaching.cornell.edu/generative-artificial-intelligence/ai-attribution-guidelines
- https://teaching.cornell.edu/generative-artificial-intelligence
- https://ai.cornell.edu/
- https://it.cornell.edu/ai
- https://guides.library.cornell.edu/citations/AI
- https://deanoffaculty.cornell.edu/faculty-and-academic-affairs/academic-integrity/template-letters-for-ai-related-communications/
- https://deanoffaculty.cornell.edu/faculty-and-academic-affairs/academic-integrity/talking-to-students-about-ai/",https://it.cornell.edu/ai/ai-guidelines; https://teaching.cornell.edu/generative-artificial-intelligence/ai-academic-integrity; https://teaching.cornell.edu/generative-artificial-intelligence/ai-course-policy-icons,https://teaching.cornell.edu/generative-artificial-intelligence/ai-attribution-guidelines; https://teaching.cornell.edu/generative-artificial-intelligence/ai-academic-integrity,https://teaching.cornell.edu/generative-artificial-intelligence; https://teaching.cornell.edu/generative-artificial-intelligence/faq-faculty-genai-experimental-ai-programs; https://it.cornell.edu/ai,https://teaching.cornell.edu/generative-artificial-intelligence/ai-academic-integrity; https://it.cornell.edu/ai-strategy/promptingai; https://teaching.cornell.edu/generative-artificial-intelligence/cu-committee-report-generative-artificial-intelligence-education,https://academicinnovation.cornell.edu/gen-ai/,https://teaching.cornell.edu/generative-artificial-intelligence/ai-academic-integrity; https://teaching.cornell.edu/generative-artificial-intelligence/ai-course-policy-icons,https://academicinnovation.cornell.edu/gen-ai/,https://academicinnovation.cornell.edu/gen-ai/,https://academicinnovation.cornell.edu/gen-ai/,https://teaching.cornell.edu/generative-artificial-intelligence/ai-academic-integrity; https://deanoffaculty.cornell.edu/faculty-and-academic-affairs/academic-integrity/talking-to-students-about-ai/; https://deanoffaculty.cornell.edu/faculty-and-academic-affairs/academic-integrity/guidelines-for-aihb-chairs-and-members/,https://teaching.cornell.edu/generative-artificial-intelligence/ai-academic-integrity; https://deanoffaculty.cornell.edu/faculty-and-academic-affairs/academic-integrity/guidelines-for-aihb-chairs-and-members/,0.8333333333333333,1.0,0.5555555555555556,0.5833333333333333,74.30555555555556,2.0,77.27272727272727,2.0,68.5185185185185,4.5,79.44444444444443,2.0
U56,1.0,0.8333333333333334,1.0,1.0,1.0,1.0,1.0,0.8333333333333334,0.5,0.5,0.0,0.3333333333333333,Private Research-Oriented,R1,Northeast,~16k students,Cornell University,"- https://teaching.cornell.edu/generative-artificial-intelligence/ai-academic-integrity 
- https://deanoffaculty.cornell.edu/faculty-and-academic-affairs/academic-integrity/code-of-academic-integrity/
- https://it.cornell.edu/ai/ai-guidelines 
- https://teaching.cornell.edu/generative-artificial-intelligence/ai-attribution-guidelines ",- https://teaching.cornell.edu/generative-artificial-intelligence ,"- https://ai.cornell.edu/   
- https://it.cornell.edu/ai ",- https://guides.library.cornell.edu/citations/AI ,"- https://teaching.cornell.edu/generative-artificial-intelligence/ai-academic-integrity 
- https://deanoffaculty.cornell.edu/faculty-and-academic-affairs/academic-integrity/template-letters-for-ai-related-communications/ 
- https://deanoffaculty.cornell.edu/faculty-and-academic-affairs/academic-integrity/talking-to-students-about-ai/ ",- https://it.cornell.edu/ai ,,"- https://teaching.cornell.edu/generative-artificial-intelligence/ai-academic-integrity
- https://deanoffaculty.cornell.edu/faculty-and-academic-affairs/academic-integrity/code-of-academic-integrity/
- https://it.cornell.edu/ai/ai-guidelines
- https://teaching.cornell.edu/generative-artificial-intelligence/ai-attribution-guidelines
- https://teaching.cornell.edu/generative-artificial-intelligence
- https://ai.cornell.edu/
- https://it.cornell.edu/ai
- https://guides.library.cornell.edu/citations/AI
- https://deanoffaculty.cornell.edu/faculty-and-academic-affairs/academic-integrity/template-letters-for-ai-related-communications/
- https://deanoffaculty.cornell.edu/faculty-and-academic-affairs/academic-integrity/talking-to-students-about-ai/",https://teaching.cornell.edu/generative-artificial-intelligence; https://teaching.cornell.edu/generative-artificial-intelligence/ai-academic-integrity,https://teaching.cornell.edu/generative-artificial-intelligence/ai-attribution-guidelines; https://teaching.cornell.edu/generative-artificial-intelligence/ai-academic-integrity,https://teaching.cornell.edu/generative-artificial-intelligence; https://teaching.cornell.edu/generative-artificial-intelligence/cu-committee-report-generative-artificial-intelligence-education; https://it.cornell.edu/ai,https://teaching.cornell.edu/generative-artificial-intelligence/ai-academic-integrity; https://teaching.cornell.edu/generative-artificial-intelligence/ai-attribution-guidelines; https://it.cornell.edu/ai-strategy/promptingai,https://academicinnovation.cornell.edu/gen-ai/; https://teaching.cornell.edu/generative-artificial-intelligence/ai-academic-integrity,https://teaching.cornell.edu/generative-artificial-intelligence/ai-academic-integrity; https://teaching.cornell.edu/generative-artificial-intelligence/ai-course-policy-icons; https://teaching.cornell.edu/generative-artificial-intelligence/ai-attribution-guidelines,https://academicinnovation.cornell.edu/gen-ai/,https://academicinnovation.cornell.edu/gen-ai/,https://teaching.cornell.edu/generative-artificial-intelligence; https://academicinnovation.cornell.edu/gen-ai/,https://teaching.cornell.edu/generative-artificial-intelligence/ai-academic-integrity; https://deanoffaculty.cornell.edu/faculty-and-academic-affairs/academic-integrity/talking-to-students-about-ai/; https://it.cornell.edu/ai/ai-guidelines,https://deanoffaculty.cornell.edu/faculty-and-academic-affairs/academic-integrity/code-of-academic-integrity/; https://deanoffaculty.cornell.edu/faculty-and-academic-affairs/academic-integrity/talking-to-students-about-ai/; https://deanoffaculty.cornell.edu/faculty-and-academic-affairs/academic-integrity/template-letters-for-ai-related-communications/,0.9166666666666667,1.0,0.6111111111111112,0.16666666666666666,67.3611111111111,12.0,72.72727272727273,8.0,57.87037037037038,22.0,73.88888888888889,8.5
U56,1.5,0.6666666666666666,1.0,1.0,1.0,1.0,1.0,0.5,0.16666666666666666,0.16666666666666666,0.0,0.3333333333333333,Private Research-Oriented,R1,Northeast,~16k students,Cornell University,"- https://teaching.cornell.edu/generative-artificial-intelligence/ai-academic-integrity 
- https://deanoffaculty.cornell.edu/faculty-and-academic-affairs/academic-integrity/code-of-academic-integrity/
- https://it.cornell.edu/ai/ai-guidelines 
- https://teaching.cornell.edu/generative-artificial-intelligence/ai-attribution-guidelines ",- https://teaching.cornell.edu/generative-artificial-intelligence ,"- https://ai.cornell.edu/   
- https://it.cornell.edu/ai ",- https://guides.library.cornell.edu/citations/AI ,"- https://teaching.cornell.edu/generative-artificial-intelligence/ai-academic-integrity 
- https://deanoffaculty.cornell.edu/faculty-and-academic-affairs/academic-integrity/template-letters-for-ai-related-communications/ 
- https://deanoffaculty.cornell.edu/faculty-and-academic-affairs/academic-integrity/talking-to-students-about-ai/ ",- https://it.cornell.edu/ai ,,"- https://teaching.cornell.edu/generative-artificial-intelligence/ai-academic-integrity
- https://deanoffaculty.cornell.edu/faculty-and-academic-affairs/academic-integrity/code-of-academic-integrity/
- https://it.cornell.edu/ai/ai-guidelines
- https://teaching.cornell.edu/generative-artificial-intelligence/ai-attribution-guidelines
- https://teaching.cornell.edu/generative-artificial-intelligence
- https://ai.cornell.edu/
- https://it.cornell.edu/ai
- https://guides.library.cornell.edu/citations/AI
- https://deanoffaculty.cornell.edu/faculty-and-academic-affairs/academic-integrity/template-letters-for-ai-related-communications/
- https://deanoffaculty.cornell.edu/faculty-and-academic-affairs/academic-integrity/talking-to-students-about-ai/",https://it.cornell.edu/ai/ai-guidelines; https://teaching.cornell.edu/generative-artificial-intelligence/ai-academic-integrity; https://teaching.cornell.edu/generative-artificial-intelligence/ai-course-policy-icons,https://teaching.cornell.edu/generative-artificial-intelligence/ai-attribution-guidelines; https://teaching.cornell.edu/generative-artificial-intelligence/ai-academic-integrity,https://teaching.cornell.edu/generative-artificial-intelligence; https://teaching.cornell.edu/generative-artificial-intelligence/ai-academic-integrity; https://teaching.cornell.edu/teaching-resources/assessment-evaluation/promoting-academic-integrity-your-course/canvas-course,https://teaching.cornell.edu/generative-artificial-intelligence/ai-academic-integrity; https://teaching.cornell.edu/generative-artificial-intelligence/ai-attribution-guidelines; https://teaching.cornell.edu/generative-artificial-intelligence/ai-course-policy-icons,https://teaching.cornell.edu/generative-artificial-intelligence/ai-academic-integrity; https://teaching.cornell.edu/generative-artificial-intelligence/cu-committee-report-generative-artificial-intelligence-education,https://teaching.cornell.edu/generative-artificial-intelligence/ai-academic-integrity; https://teaching.cornell.edu/generative-artificial-intelligence/ai-course-policy-icons; https://teaching.cornell.edu/generative-artificial-intelligence/ai-attribution-guidelines,https://it.cornell.edu/ai/ai-guidelines; https://teaching.cornell.edu/generative-artificial-intelligence/cu-committee-report-generative-artificial-intelligence-education,https://ai.cornell.edu/; https://it.cornell.edu/ai; https://it.cornell.edu/ai/ai-guidelines,https://it.cornell.edu/ai/ai-guidelines; https://teaching.cornell.edu/generative-artificial-intelligence,https://teaching.cornell.edu/generative-artificial-intelligence/ai-academic-integrity; https://deanoffaculty.cornell.edu/faculty-and-academic-affairs/academic-integrity/template-letters-for-ai-related-communications/; https://deanoffaculty.cornell.edu/faculty-and-academic-affairs/academic-integrity/talking-to-students-about-ai/,https://deanoffaculty.cornell.edu/faculty-and-academic-affairs/academic-integrity/template-letters-for-ai-related-communications/; https://deanoffaculty.cornell.edu/faculty-and-academic-affairs/academic-integrity/talking-to-students-about-ai/; https://teaching.cornell.edu/generative-artificial-intelligence/ai-academic-integrity,0.8333333333333333,1.0,0.27777777777777773,0.16666666666666666,56.94444444444444,29.0,62.12121212121211,26.5,45.370370370370374,39.0,65.55555555555554,21.0
U57,0.5,0.8333333333333334,0.8333333333333334,1.0,1.0,0.5,0.6666666666666666,0.0,0.0,0.0,0.5,0.3333333333333333,Private Research-Oriented,R1,Northeast,~11k students,Brown University,- https://ithelp.brown.edu/kb/articles/protecting-information-when-using-ai-tools ,"- https://sheridan.brown.edu/resources/classroom-practices/intentional-pedagogy-ai-technology   
- https://sheridan.brown.edu/resources/digital-online-teaching 
- https://sheridan.brown.edu/resources/teaching-ai-mind",,"- https://libguides.brown.edu/AI   
- https://library.brown.edu/create/libnews/critical-ai-learning-community-fall-2025/   
- https://library.brown.edu/create/cds/experiments-in-artificial-intelligence-digital-scholarship/ ",,,,"- https://ithelp.brown.edu/kb/articles/protecting-information-when-using-ai-tools
- https://sheridan.brown.edu/resources/classroom-practices/intentional-pedagogy-ai-technology
- https://sheridan.brown.edu/resources/digital-online-teaching
- https://sheridan.brown.edu/resources/teaching-ai-mind
- https://libguides.brown.edu/AI
- https://library.brown.edu/create/libnews/critical-ai-learning-community-fall-2025/
- https://library.brown.edu/create/cds/experiments-in-artificial-intelligence-digital-scholarship/",https://sheridan.brown.edu/resources/teaching-ai-mind,https://sheridan.brown.edu/resources/classroom-practices/intentional-pedagogy-ai-technology,https://sheridan.brown.edu/resources/teaching-ai-mind; https://sheridan.brown.edu/resources/digital-online-teaching; https://dld.brown.edu/m/129281,https://dld.brown.edu/a/1900498-ai-integrated-assignment-examples; https://ithelp.brown.edu/kb/articles/generative-ai-as-a-research-tool,https://library.brown.edu/create/libnews/critical-ai-learning-community-fall-2025/,https://sheridan.brown.edu/resources/classroom-practices/intentional-pedagogy-ai-technology; https://dld.brown.edu/a/1897726-what-factors-should-you-consider-in-adopting-your-ai-policy,,,,https://dld.brown.edu/a/1984189-ai-detection-and-limitations; https://dld.brown.edu/a/1761126-overview-learning-technologies-and-academic-integrity,https://dld.brown.edu/a/1984189-ai-detection-and-limitations,0.8333333333333334,0.7916666666666666,0.0,0.41666666666666663,51.041666666666664,43.0,51.515151515151516,45.5,40.972222222222214,49.0,56.666666666666664,41.0
U57,1.0,0.6666666666666666,0.5,1.0,1.0,0.6666666666666666,0.5,0.0,0.0,0.0,0.16666666666666666,0.16666666666666666,Private Research-Oriented,R1,Northeast,~11k students,Brown University,- https://ithelp.brown.edu/kb/articles/protecting-information-when-using-ai-tools ,"- https://sheridan.brown.edu/resources/classroom-practices/intentional-pedagogy-ai-technology   
- https://sheridan.brown.edu/resources/digital-online-teaching 
- https://sheridan.brown.edu/resources/teaching-ai-mind",,"- https://libguides.brown.edu/AI   
- https://library.brown.edu/create/libnews/critical-ai-learning-community-fall-2025/   
- https://library.brown.edu/create/cds/experiments-in-artificial-intelligence-digital-scholarship/ ",,,,"- https://ithelp.brown.edu/kb/articles/protecting-information-when-using-ai-tools
- https://sheridan.brown.edu/resources/classroom-practices/intentional-pedagogy-ai-technology
- https://sheridan.brown.edu/resources/digital-online-teaching
- https://sheridan.brown.edu/resources/teaching-ai-mind
- https://libguides.brown.edu/AI
- https://library.brown.edu/create/libnews/critical-ai-learning-community-fall-2025/
- https://library.brown.edu/create/cds/experiments-in-artificial-intelligence-digital-scholarship/",https://ithelp.brown.edu/kb/articles/protecting-information-when-using-ai-tools; https://dld.brown.edu/a/1984189-ai-detection-and-limitations,https://sheridan.brown.edu/resources/classroom-practices/intentional-pedagogy-ai-technology; https://ithelp.brown.edu/kb/articles/protecting-information-when-using-ai-tools; https://dld.brown.edu/a/1897734-recommendations-for-incorporating-ai-in-assignments,https://sheridan.brown.edu/resources/teaching-ai-mind; https://sheridan.brown.edu/resources/classroom-practices/intentional-pedagogy-ai-technology; https://sheridan.brown.edu/resources/digital-online-teaching; https://dld.brown.edu/m/129281,https://dld.brown.edu/a/1900498-ai-integrated-assignment-examples; https://dld.brown.edu/a/1897734-recommendations-for-incorporating-ai-in-assignments,https://library.brown.edu/create/libnews/critical-ai-learning-community-fall-2025/,https://sheridan.brown.edu/resources/classroom-practices/intentional-pedagogy-ai-technology; https://dld.brown.edu/m/129281; https://dld.brown.edu/a/1897726-what-factors-should-you-consider-in-adopting-your-ai-policy,https://ithelp.brown.edu/kb/articles/protecting-information-when-using-ai-tools; https://sheridan.brown.edu/resources/teaching-ai-mind; https://library.brown.edu/create/libnews/critical-ai-learning-community-fall-2025/,https://sheridan.brown.edu/resources/teaching-ai-mind; https://library.brown.edu/create/libnews/critical-ai-learning-community-fall-2025/,https://ithelp.brown.edu/kb/articles/protecting-information-when-using-ai-tools,https://dld.brown.edu/a/1984189-ai-detection-and-limitations; https://dld.brown.edu/a/1761126-overview-learning-technologies-and-academic-integrity,https://dld.brown.edu/a/1984189-ai-detection-and-limitations; https://dld.brown.edu/a/1761126-overview-learning-technologies-and-academic-integrity,0.5833333333333333,0.7916666666666666,0.0,0.16666666666666666,38.54166666666667,58.0,42.42424242424242,56.0,28.47222222222222,60.0,46.666666666666664,52.0
U57,1.5,0.6666666666666666,0.5,1.0,0.8333333333333334,0.5,0.3333333333333333,0.16666666666666666,0.0,0.0,0.16666666666666666,0.16666666666666666,Private Research-Oriented,R1,Northeast,~11k students,Brown University,- https://ithelp.brown.edu/kb/articles/protecting-information-when-using-ai-tools ,"- https://sheridan.brown.edu/resources/classroom-practices/intentional-pedagogy-ai-technology   
- https://sheridan.brown.edu/resources/digital-online-teaching 
- https://sheridan.brown.edu/resources/teaching-ai-mind",,"- https://libguides.brown.edu/AI   
- https://library.brown.edu/create/libnews/critical-ai-learning-community-fall-2025/   
- https://library.brown.edu/create/cds/experiments-in-artificial-intelligence-digital-scholarship/ ",,,,"- https://ithelp.brown.edu/kb/articles/protecting-information-when-using-ai-tools
- https://sheridan.brown.edu/resources/classroom-practices/intentional-pedagogy-ai-technology
- https://sheridan.brown.edu/resources/digital-online-teaching
- https://sheridan.brown.edu/resources/teaching-ai-mind
- https://libguides.brown.edu/AI
- https://library.brown.edu/create/libnews/critical-ai-learning-community-fall-2025/
- https://library.brown.edu/create/cds/experiments-in-artificial-intelligence-digital-scholarship/",https://ithelp.brown.edu/kb/articles/generative-ai-as-a-research-tool; https://sheridan.brown.edu/resources/teaching-ai-mind,https://ithelp.brown.edu/kb/articles/generative-ai-as-a-research-tool,https://sheridan.brown.edu/resources/teaching-ai-mind; https://sheridan.brown.edu/resources/classroom-practices/intentional-pedagogy-ai-technology; https://sheridan.brown.edu/resources/digital-online-teaching; https://library.brown.edu/create/libnews/critical-ai-learning-community-fall-2025/; https://library.brown.edu/create/cds/experiments-in-artificial-intelligence-digital-scholarship/,https://ithelp.brown.edu/kb/articles/generative-ai-as-a-research-tool; https://sheridan.brown.edu/resources/classroom-practices/intentional-pedagogy-ai-technology; https://ithelp.brown.edu/kb/articles/protecting-information-when-using-ai-tools,https://library.brown.edu/create/libnews/critical-ai-learning-community-fall-2025/,https://sheridan.brown.edu/resources/teaching-ai-mind; https://sheridan.brown.edu/resources/classroom-practices/intentional-pedagogy-ai-technology; https://ithelp.brown.edu/kb/articles/protecting-information-when-using-ai-tools; https://ithelp.brown.edu/kb/articles/generative-ai-as-a-research-tool,https://ithelp.brown.edu/kb/articles/protecting-information-when-using-ai-tools,https://library.brown.edu/create/libnews/critical-ai-learning-community-fall-2025/; https://sheridan.brown.edu/resources/teaching-ai-mind; https://ithelp.brown.edu/kb/articles/protecting-information-when-using-ai-tools; https://ithelp.brown.edu/kb/articles/generative-ai-as-a-research-tool,https://ithelp.brown.edu/kb/articles/protecting-information-when-using-ai-tools; https://ithelp.brown.edu/kb/articles/generative-ai-as-a-research-tool,https://sheridan.brown.edu/resources/teaching-ai-mind; https://sheridan.brown.edu/resources/classroom-practices/intentional-pedagogy-ai-technology; https://ithelp.brown.edu/kb/articles/protecting-information-when-using-ai-tools; https://ithelp.brown.edu/kb/articles/generative-ai-as-a-research-tool,https://sheridan.brown.edu/resources/teaching-ai-mind; https://sheridan.brown.edu/resources/classroom-practices/intentional-pedagogy-ai-technology; https://ithelp.brown.edu/kb/articles/protecting-information-when-using-ai-tools; https://ithelp.brown.edu/kb/articles/generative-ai-as-a-research-tool,0.5833333333333333,0.6666666666666667,0.05555555555555555,0.16666666666666666,36.80555555555556,60.5,39.39393939393939,61.5,28.240740740740737,63.0,42.77777777777778,58.5
U58,0.5,0.8333333333333334,0.5,1.0,1.0,0.3333333333333333,1.0,1.0,0.3333333333333333,0.5,0.5,0.0,Private Research-Oriented,R1,Northeast,~5k students,Brandeis University,"- https://www.brandeis.edu/ai-task-force/policies/acceptable-use-policy.html   
- https://www.brandeis.edu/ai-steering-council/policies/index.html   
- https://www.brandeis.edu/student-rights-community-standards/rights-responsibilities/current/section-4.html   
- https://www.brandeis.edu/student-rights-community-standards/academic-integrity/index.html  ","- https://www.brandeis.edu/teaching/online-guides/chatgpt-ai/ai-framework-brandeis-students.html 
- https://www.brandeis.edu/teaching/online-guides/chatgpt-ai/index.html 
- https://www.brandeis.edu/student-rights-community-standards/academic-integrity/faculty/navigating-artificial-intelligence.html ",- https://www.brandeis.edu/ai-steering-council/index.html ,- https://guides.library.brandeis.edu/citations ,"- https://www.brandeis.edu/student-rights-community-standards/academic-integrity/index.html 
- https://www.brandeis.edu/student-rights-community-standards/rights-responsibilities/current/section-4.html 
- https://www.brandeis.edu/student-rights-community-standards/academic-integrity/faculty/navigating-artificial-intelligence.html ","- https://www.brandeis.edu/ai-steering-council/index.html 
- https://www.brandeis.edu/ai-steering-council/ai-steering-council/index.html 
- https://www.brandeis.edu/ai-steering-council/ai-literacy/ethical-considerations.html ","- https://www.brandeis.edu/ai-task-force/ai-literacy/what-is-ai.html 
- https://www.brandeis.edu/ai-task-force/policies/acceptable-use-policy.html 
- https://www.brandeis.edu/its/services/ai-tools/index.html ","- https://www.brandeis.edu/ai-task-force/policies/acceptable-use-policy.html
- https://www.brandeis.edu/ai-steering-council/policies/index.html
- https://www.brandeis.edu/student-rights-community-standards/rights-responsibilities/current/section-4.html
- https://www.brandeis.edu/student-rights-community-standards/academic-integrity/index.html
- https://www.brandeis.edu/teaching/online-guides/chatgpt-ai/ai-framework-brandeis-students.html
- https://www.brandeis.edu/teaching/online-guides/chatgpt-ai/index.html
- https://www.brandeis.edu/student-rights-community-standards/academic-integrity/faculty/navigating-artificial-intelligence.html
- https://www.brandeis.edu/ai-steering-council/index.html
- https://guides.library.brandeis.edu/citations
- https://www.brandeis.edu/ai-steering-council/ai-steering-council/index.html
- https://www.brandeis.edu/ai-steering-council/ai-literacy/ethical-considerations.html
- https://www.brandeis.edu/ai-task-force/ai-literacy/what-is-ai.html
- https://www.brandeis.edu/its/services/ai-tools/index.html",https://www.brandeis.edu/ai-steering-council/policies/acceptable-use-policy.html,https://www.brandeis.edu/student-rights-community-standards/rights-responsibilities/current/section-4.html; https://www.brandeis.edu/teaching/online-guides/syllabus/ai-statements.html,https://www.brandeis.edu/teaching/online-guides/chatgpt-ai/index.html; https://www.brandeis.edu/teaching/online-guides/chatgpt-ai/chatgpt.html; https://www.brandeis.edu/teaching/online-guides/chatgpt-ai/how-to-engage-with-chatgpt-in-your-course.html,https://www.brandeis.edu/teaching/online-guides/chatgpt-ai/how-to-engage-with-chatgpt-in-your-course.html; https://www.brandeis.edu/teaching/online-guides/syllabus/ai-statements.html; https://www.brandeis.edu/student-rights-community-standards/rights-responsibilities/current/section-4.html,https://www.brandeis.edu/ai-steering-council/ai-steering-council/membership.html; https://www.brandeis.edu/ai-steering-council/ai-steering-council/index.html,https://www.brandeis.edu/teaching/online-guides/syllabus/ai-statements.html; https://www.brandeis.edu/student-rights-community-standards/academic-integrity/faculty/navigating-artificial-intelligence.html,https://www.brandeis.edu/ai-steering-council/ai-steering-council/index.html; https://www.brandeis.edu/ai-steering-council/index.html,https://www.brandeis.edu/ai-steering-council/ai-steering-council/membership.html,https://www.brandeis.edu/ai-steering-council/policies/acceptable-use-policy.html; https://www.brandeis.edu/teaching/online-guides/chatgpt-ai/chatgpt.html,https://www.brandeis.edu/ai-steering-council/ai-literacy/ai-teaching-learning/detection-tools.html,https://www.brandeis.edu/ai-steering-council/ai-literacy/ai-teaching-learning/detection-tools.html; https://www.brandeis.edu/student-rights-community-standards/rights-responsibilities/current/section-4.html,0.6666666666666667,0.8333333333333334,0.611111111111111,0.25,59.02777777777778,29.0,63.63636363636363,25.5,53.70370370370371,29.0,63.88888888888889,29.5
U58,1.0,0.6666666666666666,0.5,1.0,1.0,0.3333333333333333,1.0,1.0,0.16666666666666666,0.5,0.5,0.16666666666666666,Private Research-Oriented,R1,Northeast,~5k students,Brandeis University,"- https://www.brandeis.edu/ai-task-force/policies/acceptable-use-policy.html   
- https://www.brandeis.edu/ai-steering-council/policies/index.html   
- https://www.brandeis.edu/student-rights-community-standards/rights-responsibilities/current/section-4.html   
- https://www.brandeis.edu/student-rights-community-standards/academic-integrity/index.html  ","- https://www.brandeis.edu/teaching/online-guides/chatgpt-ai/ai-framework-brandeis-students.html 
- https://www.brandeis.edu/teaching/online-guides/chatgpt-ai/index.html 
- https://www.brandeis.edu/student-rights-community-standards/academic-integrity/faculty/navigating-artificial-intelligence.html ",- https://www.brandeis.edu/ai-steering-council/index.html ,- https://guides.library.brandeis.edu/citations ,"- https://www.brandeis.edu/student-rights-community-standards/academic-integrity/index.html 
- https://www.brandeis.edu/student-rights-community-standards/rights-responsibilities/current/section-4.html 
- https://www.brandeis.edu/student-rights-community-standards/academic-integrity/faculty/navigating-artificial-intelligence.html ","- https://www.brandeis.edu/ai-steering-council/index.html 
- https://www.brandeis.edu/ai-steering-council/ai-steering-council/index.html 
- https://www.brandeis.edu/ai-steering-council/ai-literacy/ethical-considerations.html ","- https://www.brandeis.edu/ai-task-force/ai-literacy/what-is-ai.html 
- https://www.brandeis.edu/ai-task-force/policies/acceptable-use-policy.html 
- https://www.brandeis.edu/its/services/ai-tools/index.html ","- https://www.brandeis.edu/ai-task-force/policies/acceptable-use-policy.html
- https://www.brandeis.edu/ai-steering-council/policies/index.html
- https://www.brandeis.edu/student-rights-community-standards/rights-responsibilities/current/section-4.html
- https://www.brandeis.edu/student-rights-community-standards/academic-integrity/index.html
- https://www.brandeis.edu/teaching/online-guides/chatgpt-ai/ai-framework-brandeis-students.html
- https://www.brandeis.edu/teaching/online-guides/chatgpt-ai/index.html
- https://www.brandeis.edu/student-rights-community-standards/academic-integrity/faculty/navigating-artificial-intelligence.html
- https://www.brandeis.edu/ai-steering-council/index.html
- https://guides.library.brandeis.edu/citations
- https://www.brandeis.edu/ai-steering-council/ai-steering-council/index.html
- https://www.brandeis.edu/ai-steering-council/ai-literacy/ethical-considerations.html
- https://www.brandeis.edu/ai-task-force/ai-literacy/what-is-ai.html
- https://www.brandeis.edu/its/services/ai-tools/index.html",https://www.brandeis.edu/ai-steering-council/policies/acceptable-use-policy.html; https://www.brandeis.edu/teaching/online-guides/chatgpt-ai/index.html,https://www.brandeis.edu/student-rights-community-standards/rights-responsibilities/current/section-4.html; https://www.brandeis.edu/teaching/online-guides/syllabus/ai-statements.html,https://www.brandeis.edu/student-rights-community-standards/academic-integrity/faculty/navigating-artificial-intelligence.html; https://www.brandeis.edu/ai-steering-council/ai-literacy/ai-teaching-learning/index.html; https://www.brandeis.edu/teaching/online-guides/chatgpt-ai/index.html,https://www.brandeis.edu/teaching/online-guides/syllabus/ai-statements.html; https://www.brandeis.edu/student-rights-community-standards/rights-responsibilities/current/section-4.html,https://www.brandeis.edu/ai-steering-council/ai-steering-council/index.html; https://www.brandeis.edu/teaching/online-guides/chatgpt-ai/index.html,https://www.brandeis.edu/teaching/online-guides/syllabus/ai-statements.html; https://www.brandeis.edu/student-rights-community-standards/academic-integrity/faculty/navigating-artificial-intelligence.html; https://www.brandeis.edu/ai-steering-council/policies/acceptable-use-policy.html,https://www.brandeis.edu/ai-steering-council/ai-steering-council/index.html; https://www.brandeis.edu/ai-steering-council/index.html,https://www.brandeis.edu/ai-steering-council/ai-steering-council/index.html; https://www.brandeis.edu/ai-steering-council/index.html,https://www.brandeis.edu/ai-steering-council/policies/acceptable-use-policy.html; https://www.brandeis.edu/ai-steering-council/policies/index.html,https://www.brandeis.edu/ai-steering-council/ai-literacy/ai-teaching-learning/detection-tools.html,https://www.brandeis.edu/ai-steering-council/ai-literacy/ai-teaching-learning/detection-tools.html; https://www.brandeis.edu/student-rights-community-standards/rights-responsibilities/current/section-4.html; https://www.brandeis.edu/student-rights-community-standards/academic-integrity/faculty/navigating-artificial-intelligence.html,0.5833333333333333,0.8333333333333334,0.5555555555555556,0.3333333333333333,57.638888888888886,33.0,62.121212121212125,27.0,53.24074074074073,29.0,62.77777777777778,31.0
U58,1.5,1.0,0.6666666666666666,1.0,0.6666666666666666,0.5,1.0,1.0,0.6666666666666666,0.3333333333333333,0.5,0.16666666666666666,Private Research-Oriented,R1,Northeast,~5k students,Brandeis University,"- https://www.brandeis.edu/ai-task-force/policies/acceptable-use-policy.html   
- https://www.brandeis.edu/ai-steering-council/policies/index.html   
- https://www.brandeis.edu/student-rights-community-standards/rights-responsibilities/current/section-4.html   
- https://www.brandeis.edu/student-rights-community-standards/academic-integrity/index.html  ","- https://www.brandeis.edu/teaching/online-guides/chatgpt-ai/ai-framework-brandeis-students.html 
- https://www.brandeis.edu/teaching/online-guides/chatgpt-ai/index.html 
- https://www.brandeis.edu/student-rights-community-standards/academic-integrity/faculty/navigating-artificial-intelligence.html ",- https://www.brandeis.edu/ai-steering-council/index.html ,- https://guides.library.brandeis.edu/citations ,"- https://www.brandeis.edu/student-rights-community-standards/academic-integrity/index.html 
- https://www.brandeis.edu/student-rights-community-standards/rights-responsibilities/current/section-4.html 
- https://www.brandeis.edu/student-rights-community-standards/academic-integrity/faculty/navigating-artificial-intelligence.html ","- https://www.brandeis.edu/ai-steering-council/index.html 
- https://www.brandeis.edu/ai-steering-council/ai-steering-council/index.html 
- https://www.brandeis.edu/ai-steering-council/ai-literacy/ethical-considerations.html ","- https://www.brandeis.edu/ai-task-force/ai-literacy/what-is-ai.html 
- https://www.brandeis.edu/ai-task-force/policies/acceptable-use-policy.html 
- https://www.brandeis.edu/its/services/ai-tools/index.html ","- https://www.brandeis.edu/ai-task-force/policies/acceptable-use-policy.html
- https://www.brandeis.edu/ai-steering-council/policies/index.html
- https://www.brandeis.edu/student-rights-community-standards/rights-responsibilities/current/section-4.html
- https://www.brandeis.edu/student-rights-community-standards/academic-integrity/index.html
- https://www.brandeis.edu/teaching/online-guides/chatgpt-ai/ai-framework-brandeis-students.html
- https://www.brandeis.edu/teaching/online-guides/chatgpt-ai/index.html
- https://www.brandeis.edu/student-rights-community-standards/academic-integrity/faculty/navigating-artificial-intelligence.html
- https://www.brandeis.edu/ai-steering-council/index.html
- https://guides.library.brandeis.edu/citations
- https://www.brandeis.edu/ai-steering-council/ai-steering-council/index.html
- https://www.brandeis.edu/ai-steering-council/ai-literacy/ethical-considerations.html
- https://www.brandeis.edu/ai-task-force/ai-literacy/what-is-ai.html
- https://www.brandeis.edu/its/services/ai-tools/index.html",https://www.brandeis.edu/ai-steering-council/policies/acceptable-use-policy.html,https://www.brandeis.edu/teaching/online-guides/syllabus/ai-statements.html; https://www.brandeis.edu/teaching/online-guides/chatgpt-ai/ai-framework-brandeis-students.html; https://www.brandeis.edu/student-rights-community-standards/academic-integrity/students/inner-page.html,https://www.brandeis.edu/teaching/online-guides/chatgpt-ai/how-to-engage-with-chatgpt-in-your-course.html; https://www.brandeis.edu/student-rights-community-standards/academic-integrity/faculty/navigating-artificial-intelligence.html,https://www.brandeis.edu/teaching/online-guides/syllabus/ai-statements.html; https://www.brandeis.edu/student-rights-community-standards/academic-integrity/faculty/common-indications.pdf,https://www.brandeis.edu/ai-steering-council/ai-steering-council/index.html; https://www.brandeis.edu/teaching/online-guides/chatgpt-ai/how-to-engage-with-chatgpt-in-your-course.html,https://www.brandeis.edu/teaching/online-guides/syllabus/ai-statements.html; https://www.brandeis.edu/student-rights-community-standards/academic-integrity/faculty/navigating-artificial-intelligence.html; https://www.brandeis.edu/ai-steering-council/policies/acceptable-use-policy.html,https://www.brandeis.edu/ai-steering-council/index.html; https://www.brandeis.edu/ai-steering-council/ai-steering-council/index.html,https://www.brandeis.edu/ai-steering-council/index.html; https://www.brandeis.edu/ai-steering-council/ai-steering-council/index.html; https://www.brandeis.edu/ai-steering-council/policies/index.html,https://www.brandeis.edu/ai-steering-council/policies/acceptable-use-policy.html; https://www.brandeis.edu/teaching/online-guides/chatgpt-ai/how-to-engage-with-chatgpt-in-your-course.html,https://www.brandeis.edu/ai-steering-council/ai-literacy/ai-teaching-learning/detection-tools.html,https://www.brandeis.edu/student-rights-community-standards/rights-responsibilities/current/section-4.html; https://www.brandeis.edu/student-rights-community-standards/academic-integrity/index.html; https://www.brandeis.edu/student-rights-community-standards/academic-integrity/faculty/navigating-artificial-intelligence.html,0.8333333333333333,0.7916666666666666,0.6666666666666666,0.3333333333333333,65.625,13.0,68.18181818181817,12.0,60.416666666666664,15.0,68.33333333333333,16.0
U59,0.5,1.0,0.5,1.0,0.5,0.0,1.0,0.5,0.0,0.3333333333333333,0.16666666666666666,0.8333333333333334,Private Research-Oriented,R1,Northeast,~22k students,Syracuse University,"- https://policies.syr.edu/policies/academic-rules-student-responsibilities-and-services/academic-integrity-policy/ 
- https://its.syr.edu/aiforstudents/ 
- https://its.syr.edu/artificialintelligence/ 
- https://class.syr.edu/academic-integrity/syllabus-recommendations/ 
- https://academicaffairs.syracuse.edu/important-syllabus-reminders/ ","- https://teachingexcellence.syr.edu/resources/artificial-intelligence/teaching-and-learning-in-the-age-of-artificial-intelligence/   
- https://teachingexcellence.syr.edu/resources/generative-ai
- https://teachingexcellence.syr.edu/resources/generative-ai-and-chatgpt/ ",- https://its.syr.edu/artificialintelligence/ ,- https://researchguides.library.syr.edu/AI ,"- https://policies.syr.edu/policies/academic-rules-student-responsibilities-and-services/academic-integrity-policy/ 
- https://class.syr.edu/academic-integrity/syllabus-recommendations/ 
- https://class.syr.edu/academic-integrity/ ",None ,,"- https://policies.syr.edu/policies/academic-rules-student-responsibilities-and-services/academic-integrity-policy/
- https://its.syr.edu/aiforstudents/
- https://its.syr.edu/artificialintelligence/
- https://class.syr.edu/academic-integrity/syllabus-recommendations/
- https://academicaffairs.syracuse.edu/important-syllabus-reminders/
- https://teachingexcellence.syr.edu/resources/artificial-intelligence/teaching-and-learning-in-the-age-of-artificial-intelligence/
- https://teachingexcellence.syr.edu/resources/generative-ai
- https://teachingexcellence.syr.edu/resources/generative-ai-and-chatgpt/
- https://researchguides.library.syr.edu/AI
- https://class.syr.edu/academic-integrity/",https://policies.syr.edu/policies/academic-rules-student-responsibilities-and-services/academic-integrity-policy/,https://teachingexcellence.syr.edu/academic-integrity/syllabus-requirements/; https://teachingexcellence.syr.edu/resources/generative-ai/,https://teachingexcellence.syr.edu/resources/generative-ai/; https://teachingexcellence.syr.edu/resources/artificial-intelligence/teaching-and-learning-in-the-age-of-artificial-intelligence/,https://policies.syr.edu/policies/academic-rules-student-responsibilities-and-services/academic-integrity-policy/; https://teachingexcellence.syr.edu/academic-integrity/syllabus-requirements/; https://its.syr.edu/artificialintelligence/aiguidelines/,https://teachingexcellence.syr.edu/resources/generative-ai/; https://teachingexcellence.syr.edu/resources/artificial-intelligence/teaching-and-learning-in-the-age-of-artificial-intelligence/,https://teachingexcellence.syr.edu/academic-integrity/syllabus-requirements/,https://its.syr.edu/artificialintelligence/aiguidelines/,https://its.syr.edu/artificialintelligence/aiguidelines/; https://its.syr.edu/artificialintelligence/,https://its.syr.edu/artificialintelligence/aiguidelines/,https://policies.syr.edu/policies/academic-rules-student-responsibilities-and-services/academic-integrity-policy/; https://teachingexcellence.syr.edu/academic-integrity/syllabus-requirements/,https://policies.syr.edu/policies/academic-rules-student-responsibilities-and-services/academic-integrity-policy/,0.75,0.625,0.27777777777777773,0.5,53.81944444444444,37.5,53.03030303030303,44.0,48.84259259259259,37.0,55.55555555555556,42.5
U59,1.0,1.0,0.5,1.0,0.8333333333333334,0.6666666666666666,1.0,0.16666666666666666,0.0,0.0,0.6666666666666666,1.0,Private Research-Oriented,R1,Northeast,~22k students,Syracuse University,"- https://policies.syr.edu/policies/academic-rules-student-responsibilities-and-services/academic-integrity-policy/ 
- https://its.syr.edu/aiforstudents/ 
- https://its.syr.edu/artificialintelligence/ 
- https://class.syr.edu/academic-integrity/syllabus-recommendations/ 
- https://academicaffairs.syracuse.edu/important-syllabus-reminders/ ","- https://teachingexcellence.syr.edu/resources/artificial-intelligence/teaching-and-learning-in-the-age-of-artificial-intelligence/   
- https://teachingexcellence.syr.edu/resources/generative-ai
- https://teachingexcellence.syr.edu/resources/generative-ai-and-chatgpt/ ",- https://its.syr.edu/artificialintelligence/ ,- https://researchguides.library.syr.edu/AI ,"- https://policies.syr.edu/policies/academic-rules-student-responsibilities-and-services/academic-integrity-policy/ 
- https://class.syr.edu/academic-integrity/syllabus-recommendations/ 
- https://class.syr.edu/academic-integrity/ ",None ,,"- https://policies.syr.edu/policies/academic-rules-student-responsibilities-and-services/academic-integrity-policy/
- https://its.syr.edu/aiforstudents/
- https://its.syr.edu/artificialintelligence/
- https://class.syr.edu/academic-integrity/syllabus-recommendations/
- https://academicaffairs.syracuse.edu/important-syllabus-reminders/
- https://teachingexcellence.syr.edu/resources/artificial-intelligence/teaching-and-learning-in-the-age-of-artificial-intelligence/
- https://teachingexcellence.syr.edu/resources/generative-ai
- https://teachingexcellence.syr.edu/resources/generative-ai-and-chatgpt/
- https://researchguides.library.syr.edu/AI
- https://class.syr.edu/academic-integrity/",https://policies.syr.edu/policies/academic-rules-student-responsibilities-and-services/academic-integrity-policy/; https://its.syr.edu/aiforstudents/; https://its.syr.edu/artificialintelligence/,https://teachingexcellence.syr.edu/academic-integrity/syllabus-requirements/; https://teachingexcellence.syr.edu/resources/generative-ai/,https://teachingexcellence.syr.edu/resources/generative-ai/; https://teachingexcellence.syr.edu/resources/artificial-intelligence/teaching-and-learning-in-the-age-of-artificial-intelligence/,https://teachingexcellence.syr.edu/academic-integrity/syllabus-requirements/; https://policies.syr.edu/policies/academic-rules-student-responsibilities-and-services/academic-integrity-policy/,https://teachingexcellence.syr.edu/resources/generative-ai/; https://teachingexcellence.syr.edu/resources/artificial-intelligence/teaching-and-learning-in-the-age-of-artificial-intelligence/; https://its.syr.edu/artificialintelligence/; https://class.syr.edu/academic-integrity/,https://teachingexcellence.syr.edu/academic-integrity/syllabus-requirements/,https://its.syr.edu/artificialintelligence/; https://policies.syr.edu/policies/academic-rules-student-responsibilities-and-services/academic-integrity-policy/,https://its.syr.edu/artificialintelligence/; https://its.syr.edu/aiforstudents/; https://policies.syr.edu/policies/academic-rules-student-responsibilities-and-services/academic-integrity-policy/,https://its.syr.edu/artificialintelligence/; https://policies.syr.edu/policies/academic-rules-student-responsibilities-and-services/academic-integrity-policy/,https://policies.syr.edu/policies/academic-rules-student-responsibilities-and-services/academic-integrity-policy/,https://policies.syr.edu/policies/academic-rules-student-responsibilities-and-services/academic-integrity-policy/,0.75,0.875,0.05555555555555555,0.8333333333333333,62.84722222222222,22.0,62.121212121212125,27.0,56.71296296296296,27.0,67.77777777777777,22.5
U59,1.5,1.0,0.5,1.0,1.0,0.3333333333333333,1.0,0.6666666666666666,0.16666666666666666,0.3333333333333333,0.6666666666666666,0.8333333333333334,Private Research-Oriented,R1,Northeast,~22k students,Syracuse University,"- https://policies.syr.edu/policies/academic-rules-student-responsibilities-and-services/academic-integrity-policy/ 
- https://its.syr.edu/aiforstudents/ 
- https://its.syr.edu/artificialintelligence/ 
- https://class.syr.edu/academic-integrity/syllabus-recommendations/ 
- https://academicaffairs.syracuse.edu/important-syllabus-reminders/ ","- https://teachingexcellence.syr.edu/resources/artificial-intelligence/teaching-and-learning-in-the-age-of-artificial-intelligence/   
- https://teachingexcellence.syr.edu/resources/generative-ai
- https://teachingexcellence.syr.edu/resources/generative-ai-and-chatgpt/ ",- https://its.syr.edu/artificialintelligence/ ,- https://researchguides.library.syr.edu/AI ,"- https://policies.syr.edu/policies/academic-rules-student-responsibilities-and-services/academic-integrity-policy/ 
- https://class.syr.edu/academic-integrity/syllabus-recommendations/ 
- https://class.syr.edu/academic-integrity/ ",None ,,"- https://policies.syr.edu/policies/academic-rules-student-responsibilities-and-services/academic-integrity-policy/
- https://its.syr.edu/aiforstudents/
- https://its.syr.edu/artificialintelligence/
- https://class.syr.edu/academic-integrity/syllabus-recommendations/
- https://academicaffairs.syracuse.edu/important-syllabus-reminders/
- https://teachingexcellence.syr.edu/resources/artificial-intelligence/teaching-and-learning-in-the-age-of-artificial-intelligence/
- https://teachingexcellence.syr.edu/resources/generative-ai
- https://teachingexcellence.syr.edu/resources/generative-ai-and-chatgpt/
- https://researchguides.library.syr.edu/AI
- https://class.syr.edu/academic-integrity/",https://policies.syr.edu/policies/academic-rules-student-responsibilities-and-services/academic-integrity-policy/; https://its.syr.edu/aiforstudents/; https://its.syr.edu/artificialintelligence/,https://teachingexcellence.syr.edu/academic-integrity/syllabus-requirements/; https://policies.syr.edu/policies/academic-rules-student-responsibilities-and-services/academic-integrity-policy/,https://teachingexcellence.syr.edu/resources/artificial-intelligence/teaching-and-learning-in-the-age-of-artificial-intelligence/; https://teachingexcellence.syr.edu/resources/generative-ai/; https://su-jsm.atlassian.net/wiki/spaces/blackboard01/pages/154381741/Detecting%2BAI%2BCreated%2BContent,https://its.syr.edu/artificialintelligence/; https://teachingexcellence.syr.edu/academic-integrity/syllabus-requirements/,https://teachingexcellence.syr.edu/resources/artificial-intelligence/teaching-and-learning-in-the-age-of-artificial-intelligence/,https://teachingexcellence.syr.edu/academic-integrity/syllabus-requirements/,https://its.syr.edu/artificialintelligence/aiguidelines/; https://its.syr.edu/artificialintelligence/vendoraipolicy/,https://its.syr.edu/artificialintelligence/aiguidelines/; https://its.syr.edu/artificialintelligence/; https://teachingexcellence.syr.edu/resources/generative-ai/; https://policies.syr.edu/policies/academic-rules-student-responsibilities-and-services/academic-integrity-policy/,https://its.syr.edu/artificialintelligence/aiguidelines/,https://su-jsm.atlassian.net/wiki/spaces/blackboard01/pages/154381741/Detecting%2BAI%2BCreated%2BContent,https://policies.syr.edu/policies/academic-rules-student-responsibilities-and-services/academic-integrity-policy/,0.75,0.8333333333333334,0.38888888888888884,0.75,68.05555555555556,3.0,68.18181818181817,12.0,64.35185185185185,6.0,71.11111111111111,10.0
U6,0.5,0.0,0.0,1.0,0.3333333333333333,0.8333333333333334,0.0,0.16666666666666666,0.0,0.3333333333333333,0.0,0.0,Public Research-Oriented,R2,South,~28k students,Georgia Southern University,- https://digitalcommons.georgiasouthern.edu/provost/51/ ,"- https://www.georgiasouthern.edu/faculty-staff/faculty-center/teaching-resources 
- https://ww2.georgiasouthern.edu/academics/faculty-center/teaching-at-georgia-southern/ 
- https://ww2.georgiasouthern.edu/academics/faculty-center/professional-development/badges/ ",- https://www.georgiasouthern.edu/colleges/arts-humanities/research-outreach/ai-task-force ,- https://georgiasouthern.libguides.com/AI ,- https://digitalcommons.georgiasouthern.edu/cgi/viewcontent.cgi?article=1050&context=provost ,- https://www.georgiasouthern.edu/colleges/arts-humanities/research-outreach/ai-task-force ,"- https://digitalcommons.georgiasouthern.edu/provost/51/   
- https://www.georgiasouthern.edu/colleges/arts-humanities/research-outreach/ai-task-force   
- https://ww2.georgiasouthern.edu/academics/faculty-center/professional-development/badges/   
- https://ww2.georgiasouthern.edu/academics/ce/ai-impact-conference-understanding-and-adapting-to-ai/   
- https://ww2.georgiasouthern.edu/academics/ce/unlocking-the-power-of-ai/  
- https://www.georgiasouthern.edu/academics/continuing-professional-education/courses/the-power-of-ai   
- https://careertraining.georgiasouthern.edu/training-programs/data-science-and-artificial-intelligence-course/ ","- https://digitalcommons.georgiasouthern.edu/provost/51/
- https://www.georgiasouthern.edu/faculty-staff/faculty-center/teaching-resources
- https://ww2.georgiasouthern.edu/academics/faculty-center/teaching-at-georgia-southern/
- https://ww2.georgiasouthern.edu/academics/faculty-center/professional-development/badges/
- https://www.georgiasouthern.edu/colleges/arts-humanities/research-outreach/ai-task-force
- https://georgiasouthern.libguides.com/AI
- https://digitalcommons.georgiasouthern.edu/cgi/viewcontent.cgi?article=1050&context=provost
- https://ww2.georgiasouthern.edu/academics/ce/ai-impact-conference-understanding-and-adapting-to-ai/
- https://ww2.georgiasouthern.edu/academics/ce/unlocking-the-power-of-ai/
- https://www.georgiasouthern.edu/academics/continuing-professional-education/courses/the-power-of-ai
- https://careertraining.georgiasouthern.edu/training-programs/data-science-and-artificial-intelligence-course/",https://digitalcommons.georgiasouthern.edu/provost/51/,https://digitalcommons.georgiasouthern.edu/provost/51/; https://www.georgiasouthern.edu/faculty-staff/faculty-center/teaching-resources; https://ww2.georgiasouthern.edu/academics/faculty-center/teaching-at-georgia-southern/; https://ww2.georgiasouthern.edu/academics/faculty-center/professional-development/badges/; https://www.georgiasouthern.edu/colleges/arts-humanities/research-outreach/ai-task-force; https://ww2.georgiasouthern.edu/academics/ce/ai-impact-conference-understanding-and-adapting-to-ai/; https://www.georgiasouthern.edu/academics/continuing-professional-education/courses/the-power-of-ai,https://ww2.georgiasouthern.edu/academics/faculty-center/professional-development/badges/; https://www.georgiasouthern.edu/faculty-staff/faculty-center/teaching-resources; https://ww2.georgiasouthern.edu/academics/faculty-center/teaching-at-georgia-southern/; https://www.georgiasouthern.edu/colleges/arts-humanities/research-outreach/ai-task-force,https://www.georgiasouthern.edu/colleges/arts-humanities/research-outreach/ai-task-force,https://www.georgiasouthern.edu/colleges/arts-humanities/research-outreach/ai-task-force,https://www.georgiasouthern.edu/faculty-staff/faculty-center/teaching-resources; https://ww2.georgiasouthern.edu/academics/faculty-center/teaching-at-georgia-southern/,https://digitalcommons.georgiasouthern.edu/provost/51/; https://www.georgiasouthern.edu/colleges/arts-humanities/research-outreach/ai-task-force,https://digitalcommons.georgiasouthern.edu/provost/51/; https://www.georgiasouthern.edu/faculty-staff/faculty-center/teaching-resources; https://ww2.georgiasouthern.edu/academics/faculty-center/teaching-at-georgia-southern/; https://ww2.georgiasouthern.edu/academics/faculty-center/professional-development/badges/; https://www.georgiasouthern.edu/colleges/arts-humanities/research-outreach/ai-task-force; https://ww2.georgiasouthern.edu/academics/ce/ai-impact-conference-understanding-and-adapting-to-ai/; https://www.georgiasouthern.edu/academics/continuing-professional-education/courses/the-power-of-ai,https://digitalcommons.georgiasouthern.edu/provost/51/,https://digitalcommons.georgiasouthern.edu/provost/51/,https://digitalcommons.georgiasouthern.edu/provost/51/,0.0,0.5416666666666666,0.16666666666666666,0.0,17.708333333333332,70.0,24.24242424242424,68.0,14.583333333333334,69.0,25.0,68.0
U6,1.0,0.0,0.0,0.8333333333333334,0.16666666666666666,0.6666666666666666,0.0,0.3333333333333333,0.0,0.0,0.0,0.0,Public Research-Oriented,R2,South,~28k students,Georgia Southern University,- https://digitalcommons.georgiasouthern.edu/provost/51/ ,"- https://www.georgiasouthern.edu/faculty-staff/faculty-center/teaching-resources 
- https://ww2.georgiasouthern.edu/academics/faculty-center/teaching-at-georgia-southern/ 
- https://ww2.georgiasouthern.edu/academics/faculty-center/professional-development/badges/ ",- https://www.georgiasouthern.edu/colleges/arts-humanities/research-outreach/ai-task-force ,- https://georgiasouthern.libguides.com/AI ,- https://digitalcommons.georgiasouthern.edu/cgi/viewcontent.cgi?article=1050&context=provost ,- https://www.georgiasouthern.edu/colleges/arts-humanities/research-outreach/ai-task-force ,"- https://digitalcommons.georgiasouthern.edu/provost/51/   
- https://www.georgiasouthern.edu/colleges/arts-humanities/research-outreach/ai-task-force   
- https://ww2.georgiasouthern.edu/academics/faculty-center/professional-development/badges/   
- https://ww2.georgiasouthern.edu/academics/ce/ai-impact-conference-understanding-and-adapting-to-ai/   
- https://ww2.georgiasouthern.edu/academics/ce/unlocking-the-power-of-ai/  
- https://www.georgiasouthern.edu/academics/continuing-professional-education/courses/the-power-of-ai   
- https://careertraining.georgiasouthern.edu/training-programs/data-science-and-artificial-intelligence-course/ ","- https://digitalcommons.georgiasouthern.edu/provost/51/
- https://www.georgiasouthern.edu/faculty-staff/faculty-center/teaching-resources
- https://ww2.georgiasouthern.edu/academics/faculty-center/teaching-at-georgia-southern/
- https://ww2.georgiasouthern.edu/academics/faculty-center/professional-development/badges/
- https://www.georgiasouthern.edu/colleges/arts-humanities/research-outreach/ai-task-force
- https://georgiasouthern.libguides.com/AI
- https://digitalcommons.georgiasouthern.edu/cgi/viewcontent.cgi?article=1050&context=provost
- https://ww2.georgiasouthern.edu/academics/ce/ai-impact-conference-understanding-and-adapting-to-ai/
- https://ww2.georgiasouthern.edu/academics/ce/unlocking-the-power-of-ai/
- https://www.georgiasouthern.edu/academics/continuing-professional-education/courses/the-power-of-ai
- https://careertraining.georgiasouthern.edu/training-programs/data-science-and-artificial-intelligence-course/",https://digitalcommons.georgiasouthern.edu/provost/51/,https://digitalcommons.georgiasouthern.edu/provost/51/,https://www.georgiasouthern.edu/faculty-staff/faculty-center/teaching-resources; https://www.georgiasouthern.edu/colleges/arts-humanities/research-outreach/ai-task-force,https://www.georgiasouthern.edu/faculty-staff/faculty-center/teaching-resources; https://www.georgiasouthern.edu/colleges/arts-humanities/research-outreach/ai-task-force,https://www.georgiasouthern.edu/colleges/arts-humanities/research-outreach/ai-task-force,https://digitalcommons.georgiasouthern.edu/provost/51/; https://www.georgiasouthern.edu/faculty-staff/faculty-center/teaching-resources,https://digitalcommons.georgiasouthern.edu/provost/51/; https://www.georgiasouthern.edu/colleges/arts-humanities/research-outreach/ai-task-force,https://digitalcommons.georgiasouthern.edu/provost/51/; https://www.georgiasouthern.edu/colleges/arts-humanities/research-outreach/ai-task-force,https://digitalcommons.georgiasouthern.edu/provost/51/,https://digitalcommons.georgiasouthern.edu/provost/51/,https://digitalcommons.georgiasouthern.edu/provost/51/,0.0,0.41666666666666663,0.1111111111111111,0.0,13.194444444444443,70.0,18.18181818181818,69.0,10.648148148148147,69.0,18.88888888888889,69.0
U6,1.5,0.0,0.0,0.8333333333333334,0.16666666666666666,0.5,0.0,0.5,0.0,0.0,0.0,0.0,Public Research-Oriented,R2,South,~28k students,Georgia Southern University,- https://digitalcommons.georgiasouthern.edu/provost/51/ ,"- https://www.georgiasouthern.edu/faculty-staff/faculty-center/teaching-resources 
- https://ww2.georgiasouthern.edu/academics/faculty-center/teaching-at-georgia-southern/ 
- https://ww2.georgiasouthern.edu/academics/faculty-center/professional-development/badges/ ",- https://www.georgiasouthern.edu/colleges/arts-humanities/research-outreach/ai-task-force ,- https://georgiasouthern.libguides.com/AI ,- https://digitalcommons.georgiasouthern.edu/cgi/viewcontent.cgi?article=1050&context=provost ,- https://www.georgiasouthern.edu/colleges/arts-humanities/research-outreach/ai-task-force ,"- https://digitalcommons.georgiasouthern.edu/provost/51/   
- https://www.georgiasouthern.edu/colleges/arts-humanities/research-outreach/ai-task-force   
- https://ww2.georgiasouthern.edu/academics/faculty-center/professional-development/badges/   
- https://ww2.georgiasouthern.edu/academics/ce/ai-impact-conference-understanding-and-adapting-to-ai/   
- https://ww2.georgiasouthern.edu/academics/ce/unlocking-the-power-of-ai/  
- https://www.georgiasouthern.edu/academics/continuing-professional-education/courses/the-power-of-ai   
- https://careertraining.georgiasouthern.edu/training-programs/data-science-and-artificial-intelligence-course/ ","- https://digitalcommons.georgiasouthern.edu/provost/51/
- https://www.georgiasouthern.edu/faculty-staff/faculty-center/teaching-resources
- https://ww2.georgiasouthern.edu/academics/faculty-center/teaching-at-georgia-southern/
- https://ww2.georgiasouthern.edu/academics/faculty-center/professional-development/badges/
- https://www.georgiasouthern.edu/colleges/arts-humanities/research-outreach/ai-task-force
- https://georgiasouthern.libguides.com/AI
- https://digitalcommons.georgiasouthern.edu/cgi/viewcontent.cgi?article=1050&context=provost
- https://ww2.georgiasouthern.edu/academics/ce/ai-impact-conference-understanding-and-adapting-to-ai/
- https://ww2.georgiasouthern.edu/academics/ce/unlocking-the-power-of-ai/
- https://www.georgiasouthern.edu/academics/continuing-professional-education/courses/the-power-of-ai
- https://careertraining.georgiasouthern.edu/training-programs/data-science-and-artificial-intelligence-course/",https://digitalcommons.georgiasouthern.edu/provost/51/,https://digitalcommons.georgiasouthern.edu/provost/51/,https://ww2.georgiasouthern.edu/academics/faculty-center/professional-development/badges/; https://www.georgiasouthern.edu/faculty-staff/faculty-center/teaching-resources; https://ww2.georgiasouthern.edu/academics/ce/ai-impact-conference-understanding-and-adapting-to-ai/; https://www.georgiasouthern.edu/academics/continuing-professional-education/courses/the-power-of-ai,https://www.georgiasouthern.edu/academics/continuing-professional-education/courses/the-power-of-ai; https://ww2.georgiasouthern.edu/academics/ce/ai-impact-conference-understanding-and-adapting-to-ai/; https://www.georgiasouthern.edu/colleges/arts-humanities/research-outreach/ai-task-force,https://www.georgiasouthern.edu/colleges/arts-humanities/research-outreach/ai-task-force,https://www.georgiasouthern.edu/faculty-staff/faculty-center/teaching-resources; https://ww2.georgiasouthern.edu/academics/faculty-center/teaching-at-georgia-southern/,https://www.georgiasouthern.edu/colleges/arts-humanities/research-outreach/ai-task-force; https://digitalcommons.georgiasouthern.edu/provost/51/,https://digitalcommons.georgiasouthern.edu/provost/51/; https://www.georgiasouthern.edu/colleges/arts-humanities/research-outreach/ai-task-force; https://ww2.georgiasouthern.edu/academics/faculty-center/teaching-at-georgia-southern/; https://www.georgiasouthern.edu/faculty-staff/faculty-center/teaching-resources; https://ww2.georgiasouthern.edu/academics/ce/ai-impact-conference-understanding-and-adapting-to-ai/,https://digitalcommons.georgiasouthern.edu/provost/51/,https://digitalcommons.georgiasouthern.edu/provost/51/,https://digitalcommons.georgiasouthern.edu/provost/51/,0.0,0.375,0.16666666666666666,0.0,13.541666666666666,70.0,18.181818181818183,68.0,11.805555555555554,70.0,18.333333333333332,69.0
U60,0.5,1.0,0.5,1.0,1.0,1.0,1.0,1.0,0.0,0.5,1.0,0.3333333333333333,Private Research-Oriented,R2,Northeast,~17k students,Fordham University,"- https://www.fordham.edu/information-technology/it-services/academic-technology/artificial-intelligence/fordham-policy-on-ai/ 
- https://www.fordham.edu/resources/policies/academic-integrity-policy/standards-of-academic-integrity/ 
- https://www.fordham.edu/about/leadership-and-administration/administrative-offices/office-of-the-provost/about-us/our-work/academics/teaching-and-learning/ 
- https://www.fordham.edu/about/leadership-and-administration/administrative-offices/office-of-the-provost/about-us/our-work/academic-initiatives/ai-vision-committee/ 
- https://www.fordham.edu/information-technology/it-services/academic-technology/artificial-intelligence/tools/ ",- https://www.fordham.edu/about/leadership-and-administration/administrative-offices/office-of-the-provost/about-us/our-work/academics/teaching-and-learning/ ,"- https://www.fordham.edu/ai-for-the-greater-good/ 
- https://www.fordham.edu/information-technology/it-services/academic-technology/artificial-intelligence/ ",- https://fordham.libguides.com/JSTOR-Research-Tool-Guide ,- https://bulletin.fordham.edu/undergraduate/academic-policies-procedures/academic-integrity-policy/ ,"- https://www.fordham.edu/about/leadership-and-administration/administrative-offices/office-of-the-provost/about-us/our-work/academic-initiatives/ai-vision-committee/
- https://www.fordham.edu/information-technology/it-services/academic-technology/artificial-intelligence/about-faculty-ai-group/ ","- https://www.fordham.edu/resources/policies/academic-integrity-policy/standards-of-academic-integrity/ 
- https://www.fordham.edu/ai-for-the-greater-good/ ","- https://www.fordham.edu/information-technology/it-services/academic-technology/artificial-intelligence/fordham-policy-on-ai/
- https://www.fordham.edu/resources/policies/academic-integrity-policy/standards-of-academic-integrity/
- https://www.fordham.edu/about/leadership-and-administration/administrative-offices/office-of-the-provost/about-us/our-work/academics/teaching-and-learning/
- https://www.fordham.edu/about/leadership-and-administration/administrative-offices/office-of-the-provost/about-us/our-work/academic-initiatives/ai-vision-committee/
- https://www.fordham.edu/information-technology/it-services/academic-technology/artificial-intelligence/tools/
- https://www.fordham.edu/ai-for-the-greater-good/
- https://www.fordham.edu/information-technology/it-services/academic-technology/artificial-intelligence/
- https://fordham.libguides.com/JSTOR-Research-Tool-Guide
- https://bulletin.fordham.edu/undergraduate/academic-policies-procedures/academic-integrity-policy/
- https://www.fordham.edu/information-technology/it-services/academic-technology/artificial-intelligence/about-faculty-ai-group/",https://www.fordham.edu/media/home/departments-centers-and-offices/office-of-the-provost/pdfs/AI-Visioning-Committee-Recommendations.pdf,https://www.fordham.edu/media/home/departments-centers-and-offices/office-of-the-provost/pdfs/AI-Visioning-Committee-Recommendations.pdf; https://www.fordham.edu/resources/policies/academic-integrity-policy/standards-of-academic-integrity/; https://bulletin.fordham.edu/undergraduate/academic-policies-procedures/academic-integrity-policy/,https://www.fordham.edu/information-technology/it-services/academic-technology/artificial-intelligence/; https://www.fordham.edu/information-technology/it-services/academic-technology/artificial-intelligence/assessment/; https://www.fordham.edu/information-technology/it-services/academic-technology/artificial-intelligence/prompt-engineering/; https://www.fordham.edu/about/leadership-and-administration/administrative-offices/office-of-the-provost/about-us/our-work/academics/teaching-and-learning/,https://www.fordham.edu/media/home/departments-centers-and-offices/office-of-the-provost/pdfs/AI-Visioning-Committee-Recommendations.pdf; https://www.fordham.edu/information-technology/it-services/academic-technology/artificial-intelligence/assessment/; https://www.fordham.edu/information-technology/it-services/academic-technology/artificial-intelligence/prompt-engineering/,https://www.fordham.edu/information-technology/it-services/academic-technology/artificial-intelligence/about-faculty-ai-group/,https://www.fordham.edu/media/home/departments-centers-and-offices/office-of-the-provost/pdfs/AI-Visioning-Committee-Recommendations.pdf,https://www.fordham.edu/about/leadership-and-administration/administrative-offices/office-of-the-provost/about-us/our-work/academic-initiatives/ai-vision-committee/; https://www.fordham.edu/media/home/departments-centers-and-offices/office-of-the-provost/pdfs/AI-Visioning-Committee-Recommendations.pdf,https://www.fordham.edu/information-technology/it-services/academic-technology/artificial-intelligence/fordham-policy-on-ai/; https://www.fordham.edu/about/leadership-and-administration/administrative-offices/office-of-the-provost/about-us/our-work/academic-initiatives/ai-vision-committee/; https://www.fordham.edu/information-technology/it-services/academic-technology/artificial-intelligence/about-faculty-ai-group/; https://www.fordham.edu/resources/policies/academic-integrity-policy/standards-of-academic-integrity/,https://www.fordham.edu/information-technology/it-services/academic-technology/artificial-intelligence/fordham-policy-on-ai/; https://www.fordham.edu/information-technology/it-services/academic-technology/artificial-intelligence/tools/; https://www.fordham.edu/information-technology/it-services/academic-technology/artificial-intelligence/about-faculty-ai-group/,https://www.fordham.edu/information-technology/it-services/academic-technology/artificial-intelligence/tools/,https://www.fordham.edu/information-technology/it-services/academic-technology/artificial-intelligence/tools/,0.75,1.0,0.5,0.6666666666666666,72.91666666666666,3.0,75.75757575757576,3.0,68.05555555555554,7.0,78.33333333333333,3.0
U60,1.0,1.0,0.5,1.0,1.0,1.0,1.0,1.0,0.16666666666666666,0.5,1.0,0.16666666666666666,Private Research-Oriented,R2,Northeast,~17k students,Fordham University,"- https://www.fordham.edu/information-technology/it-services/academic-technology/artificial-intelligence/fordham-policy-on-ai/ 
- https://www.fordham.edu/resources/policies/academic-integrity-policy/standards-of-academic-integrity/ 
- https://www.fordham.edu/about/leadership-and-administration/administrative-offices/office-of-the-provost/about-us/our-work/academics/teaching-and-learning/ 
- https://www.fordham.edu/about/leadership-and-administration/administrative-offices/office-of-the-provost/about-us/our-work/academic-initiatives/ai-vision-committee/ 
- https://www.fordham.edu/information-technology/it-services/academic-technology/artificial-intelligence/tools/ ",- https://www.fordham.edu/about/leadership-and-administration/administrative-offices/office-of-the-provost/about-us/our-work/academics/teaching-and-learning/ ,"- https://www.fordham.edu/ai-for-the-greater-good/ 
- https://www.fordham.edu/information-technology/it-services/academic-technology/artificial-intelligence/ ",- https://fordham.libguides.com/JSTOR-Research-Tool-Guide ,- https://bulletin.fordham.edu/undergraduate/academic-policies-procedures/academic-integrity-policy/ ,"- https://www.fordham.edu/about/leadership-and-administration/administrative-offices/office-of-the-provost/about-us/our-work/academic-initiatives/ai-vision-committee/
- https://www.fordham.edu/information-technology/it-services/academic-technology/artificial-intelligence/about-faculty-ai-group/ ","- https://www.fordham.edu/resources/policies/academic-integrity-policy/standards-of-academic-integrity/ 
- https://www.fordham.edu/ai-for-the-greater-good/ ","- https://www.fordham.edu/information-technology/it-services/academic-technology/artificial-intelligence/fordham-policy-on-ai/
- https://www.fordham.edu/resources/policies/academic-integrity-policy/standards-of-academic-integrity/
- https://www.fordham.edu/about/leadership-and-administration/administrative-offices/office-of-the-provost/about-us/our-work/academics/teaching-and-learning/
- https://www.fordham.edu/about/leadership-and-administration/administrative-offices/office-of-the-provost/about-us/our-work/academic-initiatives/ai-vision-committee/
- https://www.fordham.edu/information-technology/it-services/academic-technology/artificial-intelligence/tools/
- https://www.fordham.edu/ai-for-the-greater-good/
- https://www.fordham.edu/information-technology/it-services/academic-technology/artificial-intelligence/
- https://fordham.libguides.com/JSTOR-Research-Tool-Guide
- https://bulletin.fordham.edu/undergraduate/academic-policies-procedures/academic-integrity-policy/
- https://www.fordham.edu/information-technology/it-services/academic-technology/artificial-intelligence/about-faculty-ai-group/",https://www.fordham.edu/about/leadership-and-administration/administrative-offices/office-of-the-provost/about-us/our-work/academics/teaching-and-learning/; https://www.fordham.edu/media/home/departments-centers-and-offices/office-of-the-provost/pdfs/AI-Visioning-Committee-Recommendations.pdf,https://www.fordham.edu/about/leadership-and-administration/administrative-offices/office-of-the-provost/about-us/our-work/academics/teaching-and-learning/; https://www.fordham.edu/media/home/departments-centers-and-offices/office-of-the-provost/pdfs/AI-Visioning-Committee-Recommendations.pdf; https://www.fordham.edu/resources/policies/academic-integrity-policy/standards-of-academic-integrity/,https://www.fordham.edu/about/leadership-and-administration/administrative-offices/office-of-the-provost/about-us/our-work/academics/teaching-and-learning/; https://www.fordham.edu/information-technology/it-services/academic-technology/artificial-intelligence/tools/; https://www.fordham.edu/information-technology/it-services/academic-technology/artificial-intelligence/about-faculty-ai-group/,https://www.fordham.edu/about/leadership-and-administration/administrative-offices/office-of-the-provost/about-us/our-work/academics/teaching-and-learning/; https://www.fordham.edu/media/home/departments-centers-and-offices/office-of-the-provost/pdfs/AI-Visioning-Committee-Recommendations.pdf,https://www.fordham.edu/information-technology/it-services/academic-technology/artificial-intelligence/about-faculty-ai-group/,https://www.fordham.edu/about/leadership-and-administration/administrative-offices/office-of-the-provost/about-us/our-work/academics/teaching-and-learning/; https://www.fordham.edu/media/home/departments-centers-and-offices/office-of-the-provost/pdfs/AI-Visioning-Committee-Recommendations.pdf,https://www.fordham.edu/about/leadership-and-administration/administrative-offices/office-of-the-provost/about-us/our-work/academic-initiatives/ai-vision-committee/; https://www.fordham.edu/information-technology/it-services/academic-technology/artificial-intelligence/fordham-policy-on-ai/; https://www.fordham.edu/media/home/departments-centers-and-offices/office-of-the-provost/pdfs/AI-Visioning-Committee-Recommendations.pdf,https://www.fordham.edu/about/leadership-and-administration/administrative-offices/office-of-the-provost/about-us/our-work/academic-initiatives/ai-vision-committee/; https://www.fordham.edu/information-technology/it-services/academic-technology/artificial-intelligence/fordham-policy-on-ai/; https://www.fordham.edu/information-technology/it-services/academic-technology/artificial-intelligence/,https://www.fordham.edu/information-technology/it-services/academic-technology/artificial-intelligence/fordham-policy-on-ai/; https://www.fordham.edu/information-technology/it-services/academic-technology/artificial-intelligence/about-faculty-ai-group/,https://www.fordham.edu/information-technology/it-services/academic-technology/artificial-intelligence/tools/,https://www.fordham.edu/information-technology/it-services/academic-technology/artificial-intelligence/tools/; https://www.fordham.edu/resources/policies/academic-integrity-policy/standards-of-academic-integrity/; https://bulletin.fordham.edu/undergraduate/academic-policies-procedures/academic-integrity-policy/,0.75,1.0,0.5555555555555556,0.5833333333333334,72.22222222222221,3.5,75.75757575757576,4.0,67.12962962962963,5.5,77.77777777777779,3.5
U60,1.5,1.0,0.5,1.0,1.0,1.0,1.0,1.0,0.3333333333333333,0.3333333333333333,0.6666666666666666,0.16666666666666666,Private Research-Oriented,R2,Northeast,~17k students,Fordham University,"- https://www.fordham.edu/information-technology/it-services/academic-technology/artificial-intelligence/fordham-policy-on-ai/ 
- https://www.fordham.edu/resources/policies/academic-integrity-policy/standards-of-academic-integrity/ 
- https://www.fordham.edu/about/leadership-and-administration/administrative-offices/office-of-the-provost/about-us/our-work/academics/teaching-and-learning/ 
- https://www.fordham.edu/about/leadership-and-administration/administrative-offices/office-of-the-provost/about-us/our-work/academic-initiatives/ai-vision-committee/ 
- https://www.fordham.edu/information-technology/it-services/academic-technology/artificial-intelligence/tools/ ",- https://www.fordham.edu/about/leadership-and-administration/administrative-offices/office-of-the-provost/about-us/our-work/academics/teaching-and-learning/ ,"- https://www.fordham.edu/ai-for-the-greater-good/ 
- https://www.fordham.edu/information-technology/it-services/academic-technology/artificial-intelligence/ ",- https://fordham.libguides.com/JSTOR-Research-Tool-Guide ,- https://bulletin.fordham.edu/undergraduate/academic-policies-procedures/academic-integrity-policy/ ,"- https://www.fordham.edu/about/leadership-and-administration/administrative-offices/office-of-the-provost/about-us/our-work/academic-initiatives/ai-vision-committee/
- https://www.fordham.edu/information-technology/it-services/academic-technology/artificial-intelligence/about-faculty-ai-group/ ","- https://www.fordham.edu/resources/policies/academic-integrity-policy/standards-of-academic-integrity/ 
- https://www.fordham.edu/ai-for-the-greater-good/ ","- https://www.fordham.edu/information-technology/it-services/academic-technology/artificial-intelligence/fordham-policy-on-ai/
- https://www.fordham.edu/resources/policies/academic-integrity-policy/standards-of-academic-integrity/
- https://www.fordham.edu/about/leadership-and-administration/administrative-offices/office-of-the-provost/about-us/our-work/academics/teaching-and-learning/
- https://www.fordham.edu/about/leadership-and-administration/administrative-offices/office-of-the-provost/about-us/our-work/academic-initiatives/ai-vision-committee/
- https://www.fordham.edu/information-technology/it-services/academic-technology/artificial-intelligence/tools/
- https://www.fordham.edu/ai-for-the-greater-good/
- https://www.fordham.edu/information-technology/it-services/academic-technology/artificial-intelligence/
- https://fordham.libguides.com/JSTOR-Research-Tool-Guide
- https://bulletin.fordham.edu/undergraduate/academic-policies-procedures/academic-integrity-policy/
- https://www.fordham.edu/information-technology/it-services/academic-technology/artificial-intelligence/about-faculty-ai-group/",https://www.fordham.edu/about/leadership-and-administration/administrative-offices/office-of-the-provost/about-us/our-work/academics/teaching-and-learning/,https://www.fordham.edu/about/leadership-and-administration/administrative-offices/office-of-the-provost/about-us/our-work/academics/teaching-and-learning/,https://www.fordham.edu/about/leadership-and-administration/administrative-offices/office-of-the-provost/about-us/our-work/academics/teaching-and-learning/; https://www.fordham.edu/information-technology/it-services/academic-technology/artificial-intelligence/about-faculty-ai-group/,https://www.fordham.edu/about/leadership-and-administration/administrative-offices/office-of-the-provost/about-us/our-work/academics/teaching-and-learning/; https://www.fordham.edu/media/home/departments-centers-and-offices/office-of-the-provost/pdfs/AI-Visioning-Committee-Recommendations.pdf,https://www.fordham.edu/information-technology/it-services/academic-technology/artificial-intelligence/about-faculty-ai-group/,https://www.fordham.edu/about/leadership-and-administration/administrative-offices/office-of-the-provost/about-us/our-work/academics/teaching-and-learning/; https://www.fordham.edu/media/home/departments-centers-and-offices/office-of-the-provost/pdfs/AI-Visioning-Committee-Recommendations.pdf,https://www.fordham.edu/about/leadership-and-administration/administrative-offices/office-of-the-provost/about-us/our-work/academic-initiatives/ai-vision-committee/; https://www.fordham.edu/media/home/departments-centers-and-offices/office-of-the-provost/pdfs/AI-Visioning-Committee-Recommendations.pdf,https://bulletin.fordham.edu/undergraduate/academic-policies-procedures/academic-integrity-policy/,https://www.fordham.edu/information-technology/it-services/academic-technology/artificial-intelligence/fordham-policy-on-ai/; https://www.fordham.edu/information-technology/it-services/academic-technology/artificial-intelligence/tools/,https://www.fordham.edu/information-technology/it-services/academic-technology/artificial-intelligence/tools/; https://www.fordham.edu/about/leadership-and-administration/administrative-offices/office-of-the-provost/about-us/our-work/academics/teaching-and-learning/,https://bulletin.fordham.edu/undergraduate/academic-policies-procedures/academic-integrity-policy/; https://www.fordham.edu/information-technology/it-services/academic-technology/artificial-intelligence/tools/,0.75,1.0,0.5555555555555555,0.41666666666666663,68.05555555555554,4.5,72.72727272727272,5.0,61.57407407407406,11.0,74.44444444444443,2.5
U61,0.5,0.5,0.16666666666666666,1.0,0.5,0.0,0.5,0.16666666666666666,0.0,0.0,1.0,0.5,Private Research-Oriented,R2,Northeast,~8k students,Stevens Institute of Technology,- https://www.stevens.edu/page-chapter/artificial-intelligence,,"- https://www.stevens.edu/page-minisite-landing/stevens-institute-for-artificial-intelligence 
- https://www.stevens.edu/it/programs-projects/artificial-intelligence ",- https://library.stevens.edu/ai,,- https://www.stevens.edu/stevens-institute-for-artificial-intelligence/affiliated-faculty ,,"- https://www.stevens.edu/page-chapter/artificial-intelligence
- https://www.stevens.edu/page-minisite-landing/stevens-institute-for-artificial-intelligence
- https://www.stevens.edu/it/programs-projects/artificial-intelligence
- https://library.stevens.edu/ai
- https://www.stevens.edu/stevens-institute-for-artificial-intelligence/affiliated-faculty",https://support.stevens.edu/support/solutions/articles/19000115771-Generative-AI-Overview; https://www.stevens.edu/it/programs-projects/artificial-intelligence,https://www.stevens.edu/it/programs-projects/artificial-intelligence; https://support.stevens.edu/support/solutions/articles/19000153040-Exploring-the-Role-and-Use-of-Generative-AI-Technology-in-Teaching,https://support.stevens.edu/support/solutions/articles/19000153040-Exploring-the-Role-and-Use-of-Generative-AI-Technology-in-Teaching; https://www.stevens.edu/it/programs-projects/artificial-intelligence,https://assets.stevens.edu/mviowpldu823/3iXQ74HU9dPDNmN0C4RFwl/7bd34634a4d8e0dcb22d963fc6746681/Guide_to_Data_Security_and_Protection_in_AI_Tools.pdf; https://support.stevens.edu/support/solutions/articles/19000153040-Exploring-the-Role-and-Use-of-Generative-AI-Technology-in-Teaching,https://www.stevens.edu/it/programs-projects/artificial-intelligence; https://www.stevens.edu/page-minisite-landing/stevens-institute-for-artificial-intelligence,https://support.stevens.edu/support/solutions/articles/19000153040-Exploring-the-Role-and-Use-of-Generative-AI-Technology-in-Teaching; https://support.stevens.edu/support/solutions/articles/19000045837,https://www.stevens.edu/it/programs-projects/artificial-intelligence; https://assets.stevens.edu/mviowpldu823/3iXQ74HU9dPDNmN0C4RFwl/7bd34634a4d8e0dcb22d963fc6746681/Guide_to_Data_Security_and_Protection_in_AI_Tools.pdf,https://www.stevens.edu/it/programs-projects/artificial-intelligence; https://www.stevens.edu/page-minisite-landing/stevens-institute-for-artificial-intelligence,https://www.stevens.edu/it/programs-projects/artificial-intelligence; https://assets.stevens.edu/mviowpldu823/3iXQ74HU9dPDNmN0C4RFwl/7bd34634a4d8e0dcb22d963fc6746681/Guide_to_Data_Security_and_Protection_in_AI_Tools.pdf,https://support.stevens.edu/support/solutions/articles/19000153040-Exploring-the-Role-and-Use-of-Generative-AI-Technology-in-Teaching,https://support.stevens.edu/support/solutions/articles/19000153040-Exploring-the-Role-and-Use-of-Generative-AI-Technology-in-Teaching,0.3333333333333333,0.5,0.05555555555555555,0.75,40.97222222222222,55.0,39.39393939393939,60.5,40.74074074074075,50.5,42.77777777777778,58.0
U61,1.0,0.5,0.16666666666666666,1.0,0.5,0.0,0.5,0.5,0.0,0.0,0.8333333333333334,0.3333333333333333,Private Research-Oriented,R2,Northeast,~8k students,Stevens Institute of Technology,- https://www.stevens.edu/page-chapter/artificial-intelligence,,"- https://www.stevens.edu/page-minisite-landing/stevens-institute-for-artificial-intelligence 
- https://www.stevens.edu/it/programs-projects/artificial-intelligence ",- https://library.stevens.edu/ai,,- https://www.stevens.edu/stevens-institute-for-artificial-intelligence/affiliated-faculty ,,"- https://www.stevens.edu/page-chapter/artificial-intelligence
- https://www.stevens.edu/page-minisite-landing/stevens-institute-for-artificial-intelligence
- https://www.stevens.edu/it/programs-projects/artificial-intelligence
- https://library.stevens.edu/ai
- https://www.stevens.edu/stevens-institute-for-artificial-intelligence/affiliated-faculty",https://support.stevens.edu/support/solutions/articles/19000115771-Generative-AI-Overview; https://support.stevens.edu/support/solutions/articles/19000153040-Exploring-the-Role-and-Use-of-Generative-AI-Technology-in-Teaching,https://support.stevens.edu/support/solutions/articles/19000153040-Exploring-the-Role-and-Use-of-Generative-AI-Technology-in-Teaching,https://www.stevens.edu/page-chapter/artificial-intelligence; https://support.stevens.edu/support/solutions/articles/19000153040-Exploring-the-Role-and-Use-of-Generative-AI-Technology-in-Teaching; https://support.stevens.edu/support/solutions/articles/19000115771-Generative-AI-Overview,https://support.stevens.edu/support/solutions/articles/19000153040-Exploring-the-Role-and-Use-of-Generative-AI-Technology-in-Teaching; https://assets.stevens.edu/mviowpldu823/3iXQ74HU9dPDNmN0C4RFwl/7bd34634a4d8e0dcb22d963fc6746681/Guide_to_Data_Security_and_Protection_in_AI_Tools.pdf,https://www.stevens.edu/page-chapter/artificial-intelligence; https://www.stevens.edu/page-minisite-landing/stevens-institute-for-artificial-intelligence; https://support.stevens.edu/support/solutions/articles/19000153040-Exploring-the-Role-and-Use-of-Generative-AI-Technology-in-Teaching; https://www.stevens.edu/stevens-institute-for-artificial-intelligence/affiliated-faculty,https://support.stevens.edu/support/solutions/articles/19000153040-Exploring-the-Role-and-Use-of-Generative-AI-Technology-in-Teaching,https://www.stevens.edu/page-chapter/artificial-intelligence; https://www.stevens.edu/stevens-institute-for-artificial-intelligence/affiliated-faculty,https://www.stevens.edu/page-chapter/artificial-intelligence; https://www.stevens.edu/page-minisite-landing/stevens-institute-for-artificial-intelligence; https://support.stevens.edu/support/solutions/articles/19000153040-Exploring-the-Role-and-Use-of-Generative-AI-Technology-in-Teaching; https://www.stevens.edu/stevens-institute-for-artificial-intelligence/affiliated-faculty,https://www.stevens.edu/page-chapter/artificial-intelligence; https://www.stevens.edu/it/programs-projects/artificial-intelligence; https://support.stevens.edu/support/solutions/articles/19000115771-Generative-AI-Overview; https://assets.stevens.edu/mviowpldu823/3iXQ74HU9dPDNmN0C4RFwl/7bd34634a4d8e0dcb22d963fc6746681/Guide_to_Data_Security_and_Protection_in_AI_Tools.pdf,https://support.stevens.edu/support/solutions/articles/19000153040-Exploring-the-Role-and-Use-of-Generative-AI-Technology-in-Teaching,https://support.stevens.edu/support/solutions/articles/19000153040-Exploring-the-Role-and--Use-of-Generative-AI-Technology-in-Teaching; https://support.stevens.edu/support/solutions/articles/19000153040-Exploring-the-Role-and-Use-of-Generative-AI-Technology-in-Teaching,0.3333333333333333,0.5,0.16666666666666666,0.5833333333333334,39.58333333333333,55.5,39.39393939393939,60.0,38.888888888888886,53.0,41.66666666666667,59.0
U61,1.5,0.8333333333333334,0.3333333333333333,1.0,0.5,0.3333333333333333,0.5,0.5,0.0,0.0,1.0,0.16666666666666666,Private Research-Oriented,R2,Northeast,~8k students,Stevens Institute of Technology,- https://www.stevens.edu/page-chapter/artificial-intelligence,,"- https://www.stevens.edu/page-minisite-landing/stevens-institute-for-artificial-intelligence 
- https://www.stevens.edu/it/programs-projects/artificial-intelligence ",- https://library.stevens.edu/ai,,- https://www.stevens.edu/stevens-institute-for-artificial-intelligence/affiliated-faculty ,,"- https://www.stevens.edu/page-chapter/artificial-intelligence
- https://www.stevens.edu/page-minisite-landing/stevens-institute-for-artificial-intelligence
- https://www.stevens.edu/it/programs-projects/artificial-intelligence
- https://library.stevens.edu/ai
- https://www.stevens.edu/stevens-institute-for-artificial-intelligence/affiliated-faculty",https://support.stevens.edu/support/solutions/articles/19000115771-Generative-AI-Overview,https://support.stevens.edu/support/solutions/articles/19000153040-Exploring-the-Role-and-Use-of-Generative-AI-Technology-in-Teaching,https://www.stevens.edu/it/programs-projects/artificial-intelligence; https://support.stevens.edu/support/solutions/articles/19000153040-Exploring-the-Role-and-Use-of-Generative-AI-Technology-in-Teaching,https://www.stevens.edu/it/programs-projects/artificial-intelligence; https://support.stevens.edu/support/solutions/articles/19000153040-Exploring-the-Role-and-Use-of-Generative-AI-Technology-in-Teaching,https://www.stevens.edu/it/programs-projects/artificial-intelligence; https://www.stevens.edu/page-chapter/artificial-intelligence; https://www.stevens.edu/page-minisite-landing/stevens-institute-for-artificial-intelligence; https://www.stevens.edu/stevens-institute-for-artificial-intelligence/affiliated-faculty; https://library.stevens.edu/ai,https://support.stevens.edu/support/solutions/articles/19000153040-Exploring-the-Role-and-Use-of-Generative-AI-Technology-in-Teaching,https://www.stevens.edu/it/programs-projects/artificial-intelligence,https://www.stevens.edu/it/programs-projects/artificial-intelligence; https://www.stevens.edu/page-chapter/artificial-intelligence; https://www.stevens.edu/page-minisite-landing/stevens-institute-for-artificial-intelligence; https://www.stevens.edu/stevens-institute-for-artificial-intelligence/affiliated-faculty; https://library.stevens.edu/ai,https://www.stevens.edu/it/programs-projects/artificial-intelligence; https://www.stevens.edu/page-chapter/artificial-intelligence; https://www.stevens.edu/page-minisite-landing/stevens-institute-for-artificial-intelligence; https://www.stevens.edu/stevens-institute-for-artificial-intelligence/affiliated-faculty; https://library.stevens.edu/ai,https://support.stevens.edu/support/solutions/articles/19000153040-Exploring-the-Role-and-Use-of-Generative-AI-Technology-in-Teaching,https://support.stevens.edu/support/solutions/articles/19000153040-Exploring-the-Role-and-Use-of-Generative-AI-Technology-in-Teaching; https://www.stevens.edu/it/programs-projects/artificial-intelligence; https://library.stevens.edu/ai,0.5833333333333334,0.5833333333333333,0.16666666666666666,0.5833333333333334,47.916666666666664,47.0,46.96969696969697,51.0,44.44444444444444,41.0,50.0,51.0
U62,0.5,0.5,0.5,0.0,0.0,0.0,0.0,0.0,0.0,0.0,0.0,0.0,Private Research-Oriented,R2,Northeast,~15k students,Long Island University,"- https://liu.cwp.libguides.com/c.php?g=1356512 
- https://liu.edu/content/policy/aa/AA-Use-of-Artificial-Intelligence-Statement.pdf ",,"- https://www.liu.edu/AI 
- https://liu.cwp.libguides.com/c.php?g=1356512 ",- https://liu.cwp.libguides.com/c.php?g=1356512 ,- https://liu.cwp.libguides.com/c.php?g=1356512 ,,- https://liu.edu/student-success/learning-center/writing-center/For-Students ,"- https://liu.cwp.libguides.com/c.php?g=1356512
- https://liu.edu/content/policy/aa/AA-Use-of-Artificial-Intelligence-Statement.pdf
- https://www.liu.edu/AI
- https://liu.edu/student-success/learning-center/writing-center/For-Students",https://liu.edu/content/policy/aa/AA-Use-of-Artificial-Intelligence-Statement.pdf; https://liu.edu/student-success/learning-center/writing-center/For-Students,https://liu.edu/content/policy/aa/AA-Use-of-Artificial-Intelligence-Statement.pdf,https://liu.edu/student-success/learning-center/writing-center/for-faculty; https://www.liu.edu/AI; https://liu.edu/content/policy/aa/AA-Use-of-Artificial-Intelligence-Statement.pdf,https://liu.edu/content/policy/aa/AA-Use-of-Artificial-Intelligence-Statement.pdf; https://liu.edu/student-success/learning-center/writing-center/For-Students; https://liu.edu/student-success/learning-center/writing-center/for-faculty,https://www.liu.edu/AI; https://liu.edu/content/policy/aa/AA-Use-of-Artificial-Intelligence-Statement.pdf,https://liu.edu/content/policy/aa/AA-Use-of-Artificial-Intelligence-Statement.pdf; https://liu.edu/student-success/learning-center/writing-center/for-faculty,https://liu.edu/content/policy/aa/AA-Use-of-Artificial-Intelligence-Statement.pdf,https://liu.edu/content/policy/aa/AA-Use-of-Artificial-Intelligence-Statement.pdf,https://liu.edu/content/policy/aa/AA-Use-of-Artificial-Intelligence-Statement.pdf,https://liu.edu/content/policy/aa/AA-Use-of-Artificial-Intelligence-Statement.pdf,https://liu.edu/content/policy/aa/AA-Use-of-Artificial-Intelligence-Statement.pdf,0.5,0.0,0.0,0.0,12.5,71.0,9.090909090909092,73.0,8.333333333333332,73.0,10.0,73.0
U62,1.0,0.5,0.5,0.16666666666666666,0.0,0.0,0.0,0.0,0.0,0.0,0.0,0.0,Private Research-Oriented,R2,Northeast,~15k students,Long Island University,"- https://liu.cwp.libguides.com/c.php?g=1356512 
- https://liu.edu/content/policy/aa/AA-Use-of-Artificial-Intelligence-Statement.pdf ",,"- https://www.liu.edu/AI 
- https://liu.cwp.libguides.com/c.php?g=1356512 ",- https://liu.cwp.libguides.com/c.php?g=1356512 ,- https://liu.cwp.libguides.com/c.php?g=1356512 ,,- https://liu.edu/student-success/learning-center/writing-center/For-Students ,"- https://liu.cwp.libguides.com/c.php?g=1356512
- https://liu.edu/content/policy/aa/AA-Use-of-Artificial-Intelligence-Statement.pdf
- https://www.liu.edu/AI
- https://liu.edu/student-success/learning-center/writing-center/For-Students",https://liu.edu/content/policy/aa/AA-Use-of-Artificial-Intelligence-Statement.pdf,https://liu.edu/content/policy/aa/AA-Use-of-Artificial-Intelligence-Statement.pdf,https://liu.edu/student-success/learning-center/writing-center/for-faculty,https://liu.edu/content/policy/aa/AA-Use-of-Artificial-Intelligence-Statement.pdf; https://liu.edu/student-success/learning-center/writing-center/For-Students; https://www.liu.edu/AI,https://www.liu.edu/AI; https://liu.edu/content/policy/aa/AA-Use-of-Artificial-Intelligence-Statement.pdf,https://liu.edu/content/policy/aa/AA-Use-of-Artificial-Intelligence-Statement.pdf; https://liu.edu/student-success/learning-center/writing-center/for-faculty,https://liu.edu/content/policy/aa/AA-Use-of-Artificial-Intelligence-Statement.pdf,https://liu.edu/content/policy/aa/AA-Use-of-Artificial-Intelligence-Statement.pdf,https://liu.edu/content/policy/aa/AA-Use-of-Artificial-Intelligence-Statement.pdf,https://liu.edu/content/policy/aa/AA-Use-of-Artificial-Intelligence-Statement.pdf,https://liu.edu/content/policy/aa/AA-Use-of-Artificial-Intelligence-Statement.pdf,0.5,0.041666666666666664,0.0,0.0,13.541666666666666,69.0,10.606060606060606,71.5,9.027777777777777,70.0,11.666666666666666,71.0
U62,1.5,0.5,0.5,0.0,0.0,0.0,0.0,0.0,0.0,0.0,0.0,0.0,Private Research-Oriented,R2,Northeast,~15k students,Long Island University,"- https://liu.cwp.libguides.com/c.php?g=1356512 
- https://liu.edu/content/policy/aa/AA-Use-of-Artificial-Intelligence-Statement.pdf ",,"- https://www.liu.edu/AI 
- https://liu.cwp.libguides.com/c.php?g=1356512 ",- https://liu.cwp.libguides.com/c.php?g=1356512 ,- https://liu.cwp.libguides.com/c.php?g=1356512 ,,- https://liu.edu/student-success/learning-center/writing-center/For-Students ,"- https://liu.cwp.libguides.com/c.php?g=1356512
- https://liu.edu/content/policy/aa/AA-Use-of-Artificial-Intelligence-Statement.pdf
- https://www.liu.edu/AI
- https://liu.edu/student-success/learning-center/writing-center/For-Students",https://liu.edu/content/policy/aa/AA-Use-of-Artificial-Intelligence-Statement.pdf,https://liu.edu/content/policy/aa/AA-Use-of-Artificial-Intelligence-Statement.pdf,https://www.liu.edu/AI; https://liu.edu/student-success/learning-center/writing-center/For-Students; https://liu.edu/content/policy/aa/AA-Use-of-Artificial-Intelligence-Statement.pdf,https://liu.edu/student-success/learning-center/writing-center/For-Students; https://liu.edu/content/policy/aa/AA-Use-of-Artificial-Intelligence-Statement.pdf,https://www.liu.edu/AI,https://liu.edu/content/policy/aa/AA-Use-of-Artificial-Intelligence-Statement.pdf,https://liu.edu/content/policy/aa/AA-Use-of-Artificial-Intelligence-Statement.pdf; https://www.liu.edu/AI,https://liu.edu/content/policy/aa/AA-Use-of-Artificial-Intelligence-Statement.pdf; https://www.liu.edu/AI,https://liu.edu/content/policy/aa/AA-Use-of-Artificial-Intelligence-Statement.pdf,https://liu.edu/content/policy/aa/AA-Use-of-Artificial-Intelligence-Statement.pdf,https://liu.edu/content/policy/aa/AA-Use-of-Artificial-Intelligence-Statement.pdf,0.5,0.0,0.0,0.0,12.5,71.0,9.090909090909092,73.0,8.333333333333332,71.0,10.0,73.0
U63,0.5,0.6666666666666666,0.16666666666666666,0.5,0.3333333333333333,0.16666666666666666,0.16666666666666666,0.0,0.0,0.16666666666666666,0.0,0.0,Private Research-Oriented,R2,Northeast,~4k students,Clark University,,,"- https://www.clarku.edu/advancement-lab/
- https://www.clarku.edu/library/2025/11/03/generative-ai-101/ ",- https://www.clarku.edu/library/2025/11/03/generative-ai-101/ ,- https://www.clarku.edu/library/2025/11/03/generative-ai-101/,,,"- https://www.clarku.edu/advancement-lab/
- https://www.clarku.edu/library/2025/11/03/generative-ai-101/",https://www.clarku.edu/library/2025/11/03/generative-ai-101/,https://www.clarku.edu/library/2025/11/03/generative-ai-101/,https://www.clarku.edu/news/2025/12/04/grants-support-ai-projects-that-enhance-life-on-campus-and-around-the-globe/; https://www.clarku.edu/library/faculty-services/,https://www.clarku.edu/library/2025/11/03/generative-ai-101/,https://www.clarku.edu/news/2025/12/04/grants-support-ai-projects-that-enhance-life-on-campus-and-around-the-globe/,https://www.clarku.edu/library/2025/11/03/generative-ai-101/; https://www.clarku.edu/library/faculty-services/,https://www.clarku.edu/advancement-lab/; https://www.clarku.edu/library/2025/11/03/generative-ai-101/,https://www.clarku.edu/advancement-lab/; https://www.clarku.edu/library/2025/11/03/generative-ai-101/,https://www.clarku.edu/advancement-lab/; https://www.clarku.edu/library/2025/11/03/generative-ai-101/,https://www.clarku.edu/library/2025/11/03/generative-ai-101/,https://www.clarku.edu/library/2025/11/03/generative-ai-101/,0.41666666666666663,0.29166666666666663,0.05555555555555555,0.0,19.09722222222222,69.0,19.696969696969695,69.5,13.657407407407407,70.0,21.111111111111107,69.0
U63,1.0,0.5,0.0,0.0,0.16666666666666666,0.0,0.16666666666666666,0.0,0.0,0.0,0.0,0.0,Private Research-Oriented,R2,Northeast,~4k students,Clark University,,,"- https://www.clarku.edu/advancement-lab/
- https://www.clarku.edu/library/2025/11/03/generative-ai-101/ ",- https://www.clarku.edu/library/2025/11/03/generative-ai-101/ ,- https://www.clarku.edu/library/2025/11/03/generative-ai-101/,,,"- https://www.clarku.edu/advancement-lab/
- https://www.clarku.edu/library/2025/11/03/generative-ai-101/",https://www.clarku.edu/library/2025/11/03/generative-ai-101/,https://www.clarku.edu/library/2025/11/03/generative-ai-101/,https://www.clarku.edu/library/faculty-services/; https://www.clarku.edu/library/2025/11/03/generative-ai-101/,https://www.clarku.edu/library/2025/11/03/generative-ai-101/,https://www.clarku.edu/advancement-lab/; https://www.clarku.edu/library/2025/11/03/generative-ai-101/,https://www.clarku.edu/library/2025/11/03/generative-ai-101/,https://www.clarku.edu/advancement-lab/; https://www.clarku.edu/library/2025/11/03/generative-ai-101/,https://www.clarku.edu/advancement-lab/; https://www.clarku.edu/library/2025/11/03/generative-ai-101/,https://www.clarku.edu/advancement-lab/; https://www.clarku.edu/library/2025/11/03/generative-ai-101/,https://www.clarku.edu/library/2025/11/03/generative-ai-101/,https://www.clarku.edu/library/2025/11/03/generative-ai-101/,0.25,0.08333333333333333,0.0,0.0,8.333333333333332,72.0,7.575757575757574,73.0,5.555555555555555,73.0,8.333333333333332,73.0
U63,1.5,0.5,0.0,0.0,0.16666666666666666,0.0,0.0,0.16666666666666666,0.0,0.0,0.0,0.0,Private Research-Oriented,R2,Northeast,~4k students,Clark University,,,"- https://www.clarku.edu/advancement-lab/
- https://www.clarku.edu/library/2025/11/03/generative-ai-101/ ",- https://www.clarku.edu/library/2025/11/03/generative-ai-101/ ,- https://www.clarku.edu/library/2025/11/03/generative-ai-101/,,,"- https://www.clarku.edu/advancement-lab/
- https://www.clarku.edu/library/2025/11/03/generative-ai-101/",https://www.clarku.edu/library/2025/11/03/generative-ai-101/,https://www.clarku.edu/library/2025/11/03/generative-ai-101/; https://www.clarku.edu/advancement-lab/,https://www.clarku.edu/library/faculty-services/; https://www.clarku.edu/library/2025/11/03/generative-ai-101/; https://www.clarku.edu/advancement-lab/,https://www.clarku.edu/library/2025/11/03/generative-ai-101/; https://www.clarku.edu/advancement-lab/,https://www.clarku.edu/advancement-lab/; https://www.clarku.edu/library/2025/11/03/generative-ai-101/,https://www.clarku.edu/library/2025/11/03/generative-ai-101/; https://www.clarku.edu/library/faculty-services/,https://www.clarku.edu/advancement-lab/,https://www.clarku.edu/advancement-lab/; https://www.clarku.edu/library/2025/11/03/generative-ai-101/,https://www.clarku.edu/advancement-lab/; https://www.clarku.edu/library/2025/11/03/generative-ai-101/,https://www.clarku.edu/library/2025/11/03/generative-ai-101/; https://www.clarku.edu/advancement-lab/,https://www.clarku.edu/library/2025/11/03/generative-ai-101/; https://www.clarku.edu/advancement-lab/,0.25,0.041666666666666664,0.05555555555555555,0.0,8.680555555555555,73.0,7.575757575757574,74.5,6.712962962962964,73.0,7.777777777777777,75.0
U64,0.5,0.16666666666666666,0.16666666666666666,0.3333333333333333,0.3333333333333333,0.0,0.3333333333333333,0.0,0.0,0.0,0.16666666666666666,0.0,Teaching-Oriented/Liberal Arts,-,South,~1k students,Southern Wesleyan University,- https://libguides.swu.edu/ai,- https://libguides.swu.edu/ai ,,- https://libguides.swu.edu/ai ,- https://libguides.swu.edu/c.php?g=1412131&p=10458938,,,"- https://libguides.swu.edu/ai
- https://libguides.swu.edu/c.php?g=1412131&p=10458938",https://libguides.swu.edu/c.php?g=1412131&p=10458938,https://libguides.swu.edu/c.php?g=1412131&p=10458938,https://libguides.swu.edu/ai; https://libguides.swu.edu/c.php?g=1412131&p=10458937; https://libguides.swu.edu/c.php?g=1412131&p=10458938,https://libguides.swu.edu/c.php?g=1412131&p=10458937; https://libguides.swu.edu/c.php?g=1412131&p=10458938,https://libguides.swu.edu/ai; https://libguides.swu.edu/c.php?g=1412131&p=10458938,https://libguides.swu.edu/c.php?g=1412131&p=10458938,https://libguides.swu.edu/ai; https://libguides.swu.edu/c.php?g=1412131&p=10458938,https://libguides.swu.edu/ai; https://libguides.swu.edu/c.php?g=1412131&p=10458938,https://libguides.swu.edu/ai; https://libguides.swu.edu/c.php?g=1412131&p=10458938,https://libguides.swu.edu/c.php?g=1412131&p=10458938,https://libguides.swu.edu/c.php?g=1412131&p=10458938,0.16666666666666666,0.25,0.0,0.08333333333333333,12.499999999999998,72.0,13.636363636363635,71.5,9.722222222222221,71.5,15.0,71.0
U64,1.0,0.16666666666666666,0.16666666666666666,0.3333333333333333,0.3333333333333333,0.0,0.3333333333333333,0.0,0.0,0.0,0.0,0.0,Teaching-Oriented/Liberal Arts,-,South,~1k students,Southern Wesleyan University,- https://libguides.swu.edu/ai,- https://libguides.swu.edu/ai ,,- https://libguides.swu.edu/ai ,- https://libguides.swu.edu/c.php?g=1412131&p=10458938,,,"- https://libguides.swu.edu/ai
- https://libguides.swu.edu/c.php?g=1412131&p=10458938",https://libguides.swu.edu/ai; https://libguides.swu.edu/c.php?g=1412131&p=10458938,https://libguides.swu.edu/ai; https://libguides.swu.edu/c.php?g=1412131&p=10458938,https://libguides.swu.edu/ai; https://libguides.swu.edu/c.php?g=1412131&p=10458938,https://libguides.swu.edu/ai; https://libguides.swu.edu/c.php?g=1412131&p=10458938,https://libguides.swu.edu/ai; https://libguides.swu.edu/c.php?g=1412131&p=10458938,https://libguides.swu.edu/ai; https://libguides.swu.edu/c.php?g=1412131&p=10458938,https://libguides.swu.edu/ai; https://libguides.swu.edu/c.php?g=1412131&p=10458938,https://libguides.swu.edu/ai; https://libguides.swu.edu/c.php?g=1412131&p=10458938,https://libguides.swu.edu/ai; https://libguides.swu.edu/c.php?g=1412131&p=10458938,https://libguides.swu.edu/ai; https://libguides.swu.edu/c.php?g=1412131&p=10458938,https://libguides.swu.edu/ai; https://libguides.swu.edu/c.php?g=1412131&p=10458938,0.16666666666666666,0.25,0.0,0.0,10.416666666666666,71.0,12.12121212121212,70.0,6.944444444444444,71.0,13.333333333333334,70.0
U64,1.5,0.16666666666666666,0.16666666666666666,0.3333333333333333,0.3333333333333333,0.0,0.3333333333333333,0.0,0.0,0.0,0.0,0.0,Teaching-Oriented/Liberal Arts,-,South,~1k students,Southern Wesleyan University,- https://libguides.swu.edu/ai,- https://libguides.swu.edu/ai ,,- https://libguides.swu.edu/ai ,- https://libguides.swu.edu/c.php?g=1412131&p=10458938,,,"- https://libguides.swu.edu/ai
- https://libguides.swu.edu/c.php?g=1412131&p=10458938",https://libguides.swu.edu/c.php?g=1412131&p=10458938,https://libguides.swu.edu/c.php?g=1412131&p=10458938,https://libguides.swu.edu/ai; https://libguides.swu.edu/c.php?g=1412131&p=10458937,https://libguides.swu.edu/c.php?g=1412131&p=10458937; https://libguides.swu.edu/c.php?g=1412131&p=10458938,https://libguides.swu.edu/ai; https://libguides.swu.edu/c.php?g=1412131&p=10458938,https://libguides.swu.edu/c.php?g=1412131&p=10458938,https://libguides.swu.edu/ai; https://libguides.swu.edu/c.php?g=1412131&p=10458938,https://libguides.swu.edu/ai; https://libguides.swu.edu/c.php?g=1412131&p=10458938,https://libguides.swu.edu/ai,https://libguides.swu.edu/c.php?g=1412131&p=10458938,https://libguides.swu.edu/c.php?g=1412131&p=10458938,0.16666666666666666,0.25,0.0,0.0,10.416666666666666,72.0,12.12121212121212,71.0,6.944444444444444,72.0,13.333333333333334,71.0
U65,0.5,0.8333333333333334,0.0,0.6666666666666666,0.8333333333333334,0.5,0.5,0.3333333333333333,0.16666666666666666,0.0,0.0,0.0,Teaching-Oriented/Liberal Arts,-,South,~2k students,Davidson College,- https://www.davidson.edu/ai ,,"- https://www.davidson.edu/ai
- https://davidson.libguides.com/generative-ai/home ","- https://davidson.libguides.com/generative-ai/citing-ai
- https://davidson.libguides.com/generative-ai/home ",- https://www.davidson.edu/ai,,"- https://support.ti.davidson.edu/hc/en-us/articles/33964136234903-Getting-Started-with-Amplify-Gen-AI-at-Davidson-College 
- https://support.ti.davidson.edu/hc/en-us/articles/33964433768215-Amplify-Gen-AI-Advanced-Use-Guide-for-Davidson-College 
- https://support.ti.davidson.edu/hc/en-us/articles/33874438596247-Getting-Started-with-Google-Gemini-at-Davidson-College ","- https://www.davidson.edu/ai
- https://davidson.libguides.com/generative-ai/home
- https://davidson.libguides.com/generative-ai/citing-ai
- https://support.ti.davidson.edu/hc/en-us/articles/33964136234903-Getting-Started-with-Amplify-Gen-AI-at-Davidson-College
- https://support.ti.davidson.edu/hc/en-us/articles/33964433768215-Amplify-Gen-AI-Advanced-Use-Guide-for-Davidson-College
- https://support.ti.davidson.edu/hc/en-us/articles/33874438596247-Getting-Started-with-Google-Gemini-at-Davidson-College",https://www.davidson.edu/ai,https://davidson.libguides.com/generative-ai/citing-ai; https://www.davidson.edu/ai,https://www.davidson.edu/ai; https://davidson.libguides.com/generative-ai/home; https://support.ti.davidson.edu/hc/en-us/articles/33964136234903-Getting-Started-with-Amplify-Gen-AI-at-Davidson-College; https://support.ti.davidson.edu/hc/en-us/articles/33964433768215-Amplify-Gen-AI-Advanced-Use-Guide-for-Davidson-College; https://support.ti.davidson.edu/hc/en-us/articles/33874438596247-Getting-Started-with-Google-Gemini-at-Davidson-College,https://www.davidson.edu/ai; https://support.ti.davidson.edu/hc/en-us/articles/33874438596247-Getting-Started-with-Google-Gemini-at-Davidson-College; https://support.ti.davidson.edu/hc/en-us/articles/33964136234903-Getting-Started-with-Amplify-Gen-AI-at-Davidson-College; https://support.ti.davidson.edu/hc/en-us/articles/33964433768215-Amplify-Gen-AI-Advanced-Use-Guide-for-Davidson-College,https://davidson.libguides.com/generative-ai/home,https://www.davidson.edu/ai,https://www.davidson.edu/ai,https://www.davidson.edu/ai; https://davidson.libguides.com/generative-ai/home,https://www.davidson.edu/ai; https://support.ti.davidson.edu/hc/en-us/articles/33964136234903-Getting-Started-with-Amplify-Gen-AI-at-Davidson-College; https://support.ti.davidson.edu/hc/en-us/articles/33964433768215-Amplify-Gen-AI-Advanced-Use-Guide-for-Davidson-College; https://support.ti.davidson.edu/hc/en-us/articles/33874438596247-Getting-Started-with-Google-Gemini-at-Davidson-College,https://www.davidson.edu/ai; https://davidson.libguides.com/generative-ai/home; https://support.ti.davidson.edu/hc/en-us/articles/33964136234903-Getting-Started-with-Amplify-Gen-AI-at-Davidson-College; https://support.ti.davidson.edu/hc/en-us/articles/33964433768215-Amplify-Gen-AI-Advanced-Use-Guide-for-Davidson-College; https://support.ti.davidson.edu/hc/en-us/articles/33874438596247-Getting-Started-with-Google-Gemini-at-Davidson-College,https://www.davidson.edu/ai; https://davidson.libguides.com/generative-ai/home; https://support.ti.davidson.edu/hc/en-us/articles/33964136234903-Getting-Started-with-Amplify-Gen-AI-at-Davidson-College; https://support.ti.davidson.edu/hc/en-us/articles/33964433768215-Amplify-Gen-AI-Advanced-Use-Guide-for-Davidson-College; https://support.ti.davidson.edu/hc/en-us/articles/33874438596247-Getting-Started-with-Google-Gemini-at-Davidson-College,0.4166666666666667,0.625,0.16666666666666666,0.0,30.208333333333336,65.0,34.84848484848485,63.0,22.916666666666664,65.0,36.66666666666667,63.0
U65,1.0,0.6666666666666666,0.0,0.8333333333333334,1.0,0.6666666666666666,0.16666666666666666,0.16666666666666666,0.0,0.16666666666666666,0.0,0.0,Teaching-Oriented/Liberal Arts,-,South,~2k students,Davidson College,- https://www.davidson.edu/ai ,,"- https://www.davidson.edu/ai
- https://davidson.libguides.com/generative-ai/home ","- https://davidson.libguides.com/generative-ai/citing-ai
- https://davidson.libguides.com/generative-ai/home ",- https://www.davidson.edu/ai,,"- https://support.ti.davidson.edu/hc/en-us/articles/33964136234903-Getting-Started-with-Amplify-Gen-AI-at-Davidson-College 
- https://support.ti.davidson.edu/hc/en-us/articles/33964433768215-Amplify-Gen-AI-Advanced-Use-Guide-for-Davidson-College 
- https://support.ti.davidson.edu/hc/en-us/articles/33874438596247-Getting-Started-with-Google-Gemini-at-Davidson-College ","- https://www.davidson.edu/ai
- https://davidson.libguides.com/generative-ai/home
- https://davidson.libguides.com/generative-ai/citing-ai
- https://support.ti.davidson.edu/hc/en-us/articles/33964136234903-Getting-Started-with-Amplify-Gen-AI-at-Davidson-College
- https://support.ti.davidson.edu/hc/en-us/articles/33964433768215-Amplify-Gen-AI-Advanced-Use-Guide-for-Davidson-College
- https://support.ti.davidson.edu/hc/en-us/articles/33874438596247-Getting-Started-with-Google-Gemini-at-Davidson-College",https://davidson.libguides.com/generative-ai/home; https://support.ti.davidson.edu/hc/en-us/articles/33964136234903-Getting-Started-with-Amplify-Gen-AI-at-Davidson-College; https://support.ti.davidson.edu/hc/en-us/articles/33874438596247-Getting-Started-with-Google-Gemini-at-Davidson-College,https://davidson.libguides.com/generative-ai/citing-ai; https://davidson.libguides.com/generative-ai/home,https://davidson.libguides.com/generative-ai/home; https://support.ti.davidson.edu/hc/en-us/articles/33964136234903-Getting-Started-with-Amplify-Gen-AI-at-Davidson-College; https://support.ti.davidson.edu/hc/en-us/articles/33964433768215-Amplify-Gen-AI-Advanced-Use-Guide-for-Davidson-College; https://support.ti.davidson.edu/hc/en-us/articles/33874438596247-Getting-Started-with-Google-Gemini-at-Davidson-College,https://support.ti.davidson.edu/hc/en-us/articles/33964433768215-Amplify-Gen-AI-Advanced-Use-Guide-for-Davidson-College; https://support.ti.davidson.edu/hc/en-us/articles/33874438596247-Getting-Started-with-Google-Gemini-at-Davidson-College,https://davidson.libguides.com/generative-ai/home,https://www.davidson.edu/ai; https://davidson.libguides.com/generative-ai/home; https://support.ti.davidson.edu/hc/en-us/articles/33964136234903-Getting-Started-with-Amplify-Gen-AI-at-Davidson-College; https://support.ti.davidson.edu/hc/en-us/articles/33964433768215-Amplify-Gen-AI-Advanced-Use-Guide-for-Davidson-College; https://support.ti.davidson.edu/hc/en-us/articles/33874438596247-Getting-Started-with-Google-Gemini-at-Davidson-College,https://www.davidson.edu/ai; https://davidson.libguides.com/generative-ai/home; https://support.ti.davidson.edu/hc/en-us/articles/33964136234903-Getting-Started-with-Amplify-Gen-AI-at-Davidson-College; https://support.ti.davidson.edu/hc/en-us/articles/33964433768215-Amplify-Gen-AI-Advanced-Use-Guide-for-Davidson-College; https://support.ti.davidson.edu/hc/en-us/articles/33874438596247-Getting-Started-with-Google-Gemini-at-Davidson-College,https://www.davidson.edu/ai; https://davidson.libguides.com/generative-ai/home; https://support.ti.davidson.edu/hc/en-us/articles/33964136234903-Getting-Started-with-Amplify-Gen-AI-at-Davidson-College; https://support.ti.davidson.edu/hc/en-us/articles/33964433768215-Amplify-Gen-AI-Advanced-Use-Guide-for-Davidson-College; https://support.ti.davidson.edu/hc/en-us/articles/33874438596247-Getting-Started-with-Google-Gemini-at-Davidson-College,https://support.ti.davidson.edu/hc/en-us/articles/33964136234903-Getting-Started-with-Amplify-Gen-AI-at-Davidson-College; https://support.ti.davidson.edu/hc/en-us/articles/33964433768215-Amplify-Gen-AI-Advanced-Use-Guide-for-Davidson-College; https://support.ti.davidson.edu/hc/en-us/articles/33874438596247-Getting-Started-with-Google-Gemini-at-Davidson-College,https://www.davidson.edu/ai; https://davidson.libguides.com/generative-ai/home; https://support.ti.davidson.edu/hc/en-us/articles/33964136234903-Getting-Started-with-Amplify-Gen-AI-at-Davidson-College; https://support.ti.davidson.edu/hc/en-us/articles/33964433768215-Amplify-Gen-AI-Advanced-Use-Guide-for-Davidson-College; https://support.ti.davidson.edu/hc/en-us/articles/33874438596247-Getting-Started-with-Google-Gemini-at-Davidson-College,https://www.davidson.edu/ai; https://davidson.libguides.com/generative-ai/home; https://support.ti.davidson.edu/hc/en-us/articles/33964136234903-Getting-Started-with-Amplify-Gen-AI-at-Davidson-College; https://support.ti.davidson.edu/hc/en-us/articles/33964433768215-Amplify-Gen-AI-Advanced-Use-Guide-for-Davidson-College; https://support.ti.davidson.edu/hc/en-us/articles/33874438596247-Getting-Started-with-Google-Gemini-at-Davidson-College,0.3333333333333333,0.6666666666666666,0.1111111111111111,0.0,27.77777777777778,66.0,33.33333333333333,63.0,20.370370370370374,64.0,35.55555555555555,63.0
U65,1.5,0.8333333333333334,0.3333333333333333,0.8333333333333334,1.0,0.5,0.3333333333333333,0.16666666666666666,0.0,0.16666666666666666,0.0,0.0,Teaching-Oriented/Liberal Arts,-,South,~2k students,Davidson College,- https://www.davidson.edu/ai ,,"- https://www.davidson.edu/ai
- https://davidson.libguides.com/generative-ai/home ","- https://davidson.libguides.com/generative-ai/citing-ai
- https://davidson.libguides.com/generative-ai/home ",- https://www.davidson.edu/ai,,"- https://support.ti.davidson.edu/hc/en-us/articles/33964136234903-Getting-Started-with-Amplify-Gen-AI-at-Davidson-College 
- https://support.ti.davidson.edu/hc/en-us/articles/33964433768215-Amplify-Gen-AI-Advanced-Use-Guide-for-Davidson-College 
- https://support.ti.davidson.edu/hc/en-us/articles/33874438596247-Getting-Started-with-Google-Gemini-at-Davidson-College ","- https://www.davidson.edu/ai
- https://davidson.libguides.com/generative-ai/home
- https://davidson.libguides.com/generative-ai/citing-ai
- https://support.ti.davidson.edu/hc/en-us/articles/33964136234903-Getting-Started-with-Amplify-Gen-AI-at-Davidson-College
- https://support.ti.davidson.edu/hc/en-us/articles/33964433768215-Amplify-Gen-AI-Advanced-Use-Guide-for-Davidson-College
- https://support.ti.davidson.edu/hc/en-us/articles/33874438596247-Getting-Started-with-Google-Gemini-at-Davidson-College",https://www.davidson.edu/ai,https://davidson.libguides.com/generative-ai/citing-ai; https://www.davidson.edu/ai,https://www.davidson.edu/ai; https://davidson.libguides.com/generative-ai/home; https://support.ti.davidson.edu/hc/en-us/articles/33964136234903-Getting-Started-with-Amplify-Gen-AI-at-Davidson-College; https://support.ti.davidson.edu/hc/en-us/articles/33964433768215-Amplify-Gen-AI-Advanced-Use-Guide-for-Davidson-College; https://support.ti.davidson.edu/hc/en-us/articles/33874438596247-Getting-Started-with-Google-Gemini-at-Davidson-College,https://www.davidson.edu/ai; https://support.ti.davidson.edu/hc/en-us/articles/33964433768215-Amplify-Gen-AI-Advanced-Use-Guide-for-Davidson-College,https://davidson.libguides.com/generative-ai/home,https://www.davidson.edu/ai,https://www.davidson.edu/ai; https://davidson.libguides.com/generative-ai/home; https://support.ti.davidson.edu/hc/en-us/articles/33964136234903-Getting-Started-with-Amplify-Gen-AI-at-Davidson-College; https://support.ti.davidson.edu/hc/en-us/articles/33964433768215-Amplify-Gen-AI-Advanced-Use-Guide-for-Davidson-College; https://support.ti.davidson.edu/hc/en-us/articles/33874438596247-Getting-Started-with-Google-Gemini-at-Davidson-College,https://www.davidson.edu/ai; https://davidson.libguides.com/generative-ai/home; https://support.ti.davidson.edu/hc/en-us/articles/33964136234903-Getting-Started-with-Amplify-Gen-AI-at-Davidson-College; https://support.ti.davidson.edu/hc/en-us/articles/33964433768215-Amplify-Gen-AI-Advanced-Use-Guide-for-Davidson-College; https://support.ti.davidson.edu/hc/en-us/articles/33874438596247-Getting-Started-with-Google-Gemini-at-Davidson-College,https://support.ti.davidson.edu/hc/en-us/articles/33964136234903-Getting-Started-with-Amplify-Gen-AI-at-Davidson-College; https://support.ti.davidson.edu/hc/en-us/articles/33964433768215-Amplify-Gen-AI-Advanced-Use-Guide-for-Davidson-College; https://support.ti.davidson.edu/hc/en-us/articles/33874438596247-Getting-Started-with-Google-Gemini-at-Davidson-College,https://www.davidson.edu/ai; https://davidson.libguides.com/generative-ai/home; https://support.ti.davidson.edu/hc/en-us/articles/33964136234903-Getting-Started-with-Amplify-Gen-AI-at-Davidson-College; https://support.ti.davidson.edu/hc/en-us/articles/33964433768215-Amplify-Gen-AI-Advanced-Use-Guide-for-Davidson-College; https://support.ti.davidson.edu/hc/en-us/articles/33874438596247-Getting-Started-with-Google-Gemini-at-Davidson-College,https://www.davidson.edu/ai; https://davidson.libguides.com/generative-ai/home; https://support.ti.davidson.edu/hc/en-us/articles/33964136234903-Getting-Started-with-Amplify-Gen-AI-at-Davidson-College; https://support.ti.davidson.edu/hc/en-us/articles/33964433768215-Amplify-Gen-AI-Advanced-Use-Guide-for-Davidson-College; https://support.ti.davidson.edu/hc/en-us/articles/33874438596247-Getting-Started-with-Google-Gemini-at-Davidson-College,0.5833333333333334,0.6666666666666667,0.1111111111111111,0.0,34.02777777777778,65.0,37.87878787878788,63.5,24.537037037037038,65.0,40.555555555555564,63.0
U66,0.5,1.0,0.5,1.0,0.8333333333333334,0.5,0.5,0.8333333333333334,0.16666666666666666,0.0,0.5,0.0,Teaching-Oriented/Liberal Arts,-,South,~2k students,Rhodes College,"- https://catalog.rhodes.edu/educational-program/academic-regulations 
- https://sites.rhodes.edu/sites/sites/files/2025-03/Artificial_Intelligence_Guidelines.pdf ",- https://sites.rhodes.edu/faculty-development-and-mentoring/support-teaching ,- https://sites.rhodes.edu/sites/sites/files/2025-03/Artificial_Intelligence_Guidelines.pdf ,- https://libguides.rhodes.edu/GenerativeAI ,- https://catalog.rhodes.edu/educational-program/academic-regulations ,,- https://sites.rhodes.edu/sites/sites/files/2023-12/Rhodes_AI_Pamphlet_Part_1.pdf ,"- https://catalog.rhodes.edu/educational-program/academic-regulations
- https://sites.rhodes.edu/sites/sites/files/2025-03/Artificial_Intelligence_Guidelines.pdf
- https://sites.rhodes.edu/faculty-development-and-mentoring/support-teaching
- https://libguides.rhodes.edu/GenerativeAI
- https://sites.rhodes.edu/sites/sites/files/2023-12/Rhodes_AI_Pamphlet_Part_1.pdf",https://sites.rhodes.edu/sites/sites/files/2025-03/Artificial_Intelligence_Guidelines.pdf,https://sites.rhodes.edu/sites/sites/files/2023-12/Rhodes_AI_Pamphlet_Part_1.pdf; https://sites.rhodes.edu/sites/sites/files/2025-03/Artificial_Intelligence_Guidelines.pdf,https://sites.rhodes.edu/faculty-development-and-mentoring/support-teaching; https://sites.rhodes.edu/sites/sites/files/2025-03/Artificial_Intelligence_Guidelines.pdf,https://sites.rhodes.edu/sites/sites/files/2025-03/Artificial_Intelligence_Guidelines.pdf,https://sites.rhodes.edu/sites/sites/files/2025-03/Artificial_Intelligence_Guidelines.pdf,https://sites.rhodes.edu/sites/sites/files/2023-12/Rhodes_AI_Pamphlet_Part_1.pdf,https://sites.rhodes.edu/sites/sites/files/2025-03/Artificial_Intelligence_Guidelines.pdf,https://catalog.rhodes.edu/educational-program/academic-regulations,https://sites.rhodes.edu/sites/sites/files/2025-03/Artificial_Intelligence_Guidelines.pdf; https://sites.rhodes.edu/sites/sites/files/2023-12/Rhodes_AI_Pamphlet_Part_1.pdf; https://catalog.rhodes.edu/educational-program/academic-regulations; https://sites.rhodes.edu/faculty-development-and-mentoring/support-teaching; https://libguides.rhodes.edu/GenerativeAI,https://sites.rhodes.edu/sites/sites/files/2023-12/Rhodes_AI_Pamphlet_Part_1.pdf,https://sites.rhodes.edu/sites/sites/files/2023-12/Rhodes_AI_Pamphlet_Part_1.pdf; https://sites.rhodes.edu/sites/sites/files/2025-03/Artificial_Intelligence_Guidelines.pdf; https://catalog.rhodes.edu/educational-program/academic-regulations,0.75,0.7083333333333334,0.3333333333333333,0.25,51.04166666666667,42.0,53.03030303030304,42.5,43.75,46.5,55.00000000000001,44.0
U66,1.0,1.0,0.5,0.8333333333333334,0.8333333333333334,0.6666666666666666,0.5,0.5,0.16666666666666666,0.16666666666666666,0.5,0.0,Teaching-Oriented/Liberal Arts,-,South,~2k students,Rhodes College,"- https://catalog.rhodes.edu/educational-program/academic-regulations 
- https://sites.rhodes.edu/sites/sites/files/2025-03/Artificial_Intelligence_Guidelines.pdf ",- https://sites.rhodes.edu/faculty-development-and-mentoring/support-teaching ,- https://sites.rhodes.edu/sites/sites/files/2025-03/Artificial_Intelligence_Guidelines.pdf ,- https://libguides.rhodes.edu/GenerativeAI ,- https://catalog.rhodes.edu/educational-program/academic-regulations ,,- https://sites.rhodes.edu/sites/sites/files/2023-12/Rhodes_AI_Pamphlet_Part_1.pdf ,"- https://catalog.rhodes.edu/educational-program/academic-regulations
- https://sites.rhodes.edu/sites/sites/files/2025-03/Artificial_Intelligence_Guidelines.pdf
- https://sites.rhodes.edu/faculty-development-and-mentoring/support-teaching
- https://libguides.rhodes.edu/GenerativeAI
- https://sites.rhodes.edu/sites/sites/files/2023-12/Rhodes_AI_Pamphlet_Part_1.pdf",https://sites.rhodes.edu/sites/sites/files/2025-03/Artificial_Intelligence_Guidelines.pdf; https://sites.rhodes.edu/sites/sites/files/2023-12/Rhodes_AI_Pamphlet_Part_1.pdf,https://sites.rhodes.edu/sites/sites/files/2025-03/Artificial_Intelligence_Guidelines.pdf; https://sites.rhodes.edu/sites/sites/files/2023-12/Rhodes_AI_Pamphlet_Part_1.pdf,https://sites.rhodes.edu/faculty-development-and-mentoring/support-teaching; https://sites.rhodes.edu/sites/sites/files/2025-03/Artificial_Intelligence_Guidelines.pdf,https://sites.rhodes.edu/sites/sites/files/2025-03/Artificial_Intelligence_Guidelines.pdf; https://sites.rhodes.edu/sites/sites/files/2023-12/Rhodes_AI_Pamphlet_Part_1.pdf,https://sites.rhodes.edu/sites/sites/files/2023-12/Rhodes_AI_Pamphlet_Part_1.pdf; https://sites.rhodes.edu/sites/sites/files/2025-03/Artificial_Intelligence_Guidelines.pdf,https://sites.rhodes.edu/sites/sites/files/2023-12/Rhodes_AI_Pamphlet_Part_1.pdf,https://sites.rhodes.edu/sites/sites/files/2025-03/Artificial_Intelligence_Guidelines.pdf,https://sites.rhodes.edu/sites/sites/files/2025-03/Artificial_Intelligence_Guidelines.pdf; https://sites.rhodes.edu/sites/sites/files/2023-12/Rhodes_AI_Pamphlet_Part_1.pdf; https://catalog.rhodes.edu/educational-program/academic-regulations; https://sites.rhodes.edu/faculty-development-and-mentoring/support-teaching; https://libguides.rhodes.edu/GenerativeAI,https://sites.rhodes.edu/sites/sites/files/2025-03/Artificial_Intelligence_Guidelines.pdf; https://sites.rhodes.edu/sites/sites/files/2023-12/Rhodes_AI_Pamphlet_Part_1.pdf,https://sites.rhodes.edu/sites/sites/files/2023-12/Rhodes_AI_Pamphlet_Part_1.pdf,https://sites.rhodes.edu/sites/sites/files/2023-12/Rhodes_AI_Pamphlet_Part_1.pdf; https://catalog.rhodes.edu/educational-program/academic-regulations,0.75,0.7083333333333334,0.27777777777777773,0.25,49.65277777777778,45.0,51.515151515151516,46.0,41.898148148148145,49.0,53.8888888888889,46.0
U66,1.5,1.0,0.5,1.0,0.8333333333333334,0.6666666666666666,0.16666666666666666,0.5,0.5,0.16666666666666666,0.8333333333333334,0.3333333333333333,Teaching-Oriented/Liberal Arts,-,South,~2k students,Rhodes College,"- https://catalog.rhodes.edu/educational-program/academic-regulations 
- https://sites.rhodes.edu/sites/sites/files/2025-03/Artificial_Intelligence_Guidelines.pdf ",- https://sites.rhodes.edu/faculty-development-and-mentoring/support-teaching ,- https://sites.rhodes.edu/sites/sites/files/2025-03/Artificial_Intelligence_Guidelines.pdf ,- https://libguides.rhodes.edu/GenerativeAI ,- https://catalog.rhodes.edu/educational-program/academic-regulations ,,- https://sites.rhodes.edu/sites/sites/files/2023-12/Rhodes_AI_Pamphlet_Part_1.pdf ,"- https://catalog.rhodes.edu/educational-program/academic-regulations
- https://sites.rhodes.edu/sites/sites/files/2025-03/Artificial_Intelligence_Guidelines.pdf
- https://sites.rhodes.edu/faculty-development-and-mentoring/support-teaching
- https://libguides.rhodes.edu/GenerativeAI
- https://sites.rhodes.edu/sites/sites/files/2023-12/Rhodes_AI_Pamphlet_Part_1.pdf",https://sites.rhodes.edu/sites/sites/files/2025-03/Artificial_Intelligence_Guidelines.pdf; https://sites.rhodes.edu/sites/sites/files/2023-12/Rhodes_AI_Pamphlet_Part_1.pdf,https://sites.rhodes.edu/sites/sites/files/2023-12/Rhodes_AI_Pamphlet_Part_1.pdf; https://sites.rhodes.edu/sites/sites/files/2025-03/Artificial_Intelligence_Guidelines.pdf,https://sites.rhodes.edu/faculty-development-and-mentoring/support-teaching; https://sites.rhodes.edu/sites/sites/files/2025-03/Artificial_Intelligence_Guidelines.pdf; https://sites.rhodes.edu/sites/sites/files/2023-12/Rhodes_AI_Pamphlet_Part_1.pdf,https://sites.rhodes.edu/sites/sites/files/2025-03/Artificial_Intelligence_Guidelines.pdf; https://sites.rhodes.edu/sites/sites/files/2023-12/Rhodes_AI_Pamphlet_Part_1.pdf,https://sites.rhodes.edu/sites/sites/files/2023-12/Rhodes_AI_Pamphlet_Part_1.pdf,https://sites.rhodes.edu/sites/sites/files/2023-12/Rhodes_AI_Pamphlet_Part_1.pdf,https://sites.rhodes.edu/sites/sites/files/2023-12/Rhodes_AI_Pamphlet_Part_1.pdf; https://catalog.rhodes.edu/educational-program/academic-regulations,https://catalog.rhodes.edu/educational-program/academic-regulations; https://sites.rhodes.edu/sites/sites/files/2023-12/Rhodes_AI_Pamphlet_Part_1.pdf,https://sites.rhodes.edu/sites/sites/files/2025-03/Artificial_Intelligence_Guidelines.pdf; https://sites.rhodes.edu/sites/sites/files/2023-12/Rhodes_AI_Pamphlet_Part_1.pdf; https://catalog.rhodes.edu/educational-program/academic-regulations,https://sites.rhodes.edu/sites/sites/files/2023-12/Rhodes_AI_Pamphlet_Part_1.pdf,https://sites.rhodes.edu/sites/sites/files/2023-12/Rhodes_AI_Pamphlet_Part_1.pdf,0.75,0.6666666666666666,0.3888888888888889,0.5833333333333334,59.72222222222222,23.0,59.09090909090909,30.5,56.01851851851851,20.0,61.11111111111111,30.0
U67,0.5,0.5,0.0,0.6666666666666666,0.5,1.0,0.5,0.6666666666666666,0.16666666666666666,0.0,0.8333333333333334,0.5,Teaching-Oriented/Liberal Arts,-,South,~2k students,Wofford College,"- https://www.wofford.edu/about/ai-working-group 
- https://libguides.wofford.edu/AI 
- https://www.wofford.edu/Wofford.edu/Documents/student-experiences/campus-life/student-handbook.pdf 
- https://www.wofford.edu/wofford.edu/documents/student-experiences/campus-life/code-of-student-rights-and-responsibilities.pdf ",- https://www.wofford.edu/about/ai-working-group  ,- https://www.wofford.edu/about/ai-working-group,- https://libguides.wofford.edu/AI ,"- https://libguides.wofford.edu/AI   
- https://www.wofford.edu/about/ai-working-group 
- https://www.wofford.edu/Wofford.edu/Documents/student-experiences/campus-life/student-handbook.pdf 
- https://www.wofford.edu/wofford.edu/documents/student-experiences/campus-life/code-of-student-rights-and-responsibilities.pdf 
- https://www.wofford.edu/Wofford.edu/Documents/Diversity-and-Inclusion/HonorCode.pdf ","- https://www.wofford.edu/about/ai-working-group
- https://libguides.wofford.edu/c.php?g=1324410&p=9746687 ",,"- https://www.wofford.edu/about/ai-working-group
- https://libguides.wofford.edu/AI
- https://www.wofford.edu/Wofford.edu/Documents/student-experiences/campus-life/student-handbook.pdf
- https://www.wofford.edu/wofford.edu/documents/student-experiences/campus-life/code-of-student-rights-and-responsibilities.pdf
- https://www.wofford.edu/Wofford.edu/Documents/Diversity-and-Inclusion/HonorCode.pdf
- https://libguides.wofford.edu/c.php?g=1324410&p=9746687",https://www.wofford.edu/wofford.edu/documents/student-experiences/campus-life/code-of-student-rights-and-responsibilities.pdf; https://www.wofford.edu/Wofford.edu/Documents/student-experiences/campus-life/student-handbook.pdf; https://www.wofford.edu/Wofford.edu/Documents/Diversity-and-Inclusion/HonorCode.pdf,https://www.wofford.edu/about/ai-working-group/faqs; https://www.wofford.edu/wofford.edu/documents/student-experiences/campus-life/code-of-student-rights-and-responsibilities.pdf; https://www.wofford.edu/Wofford.edu/Documents/student-experiences/campus-life/student-handbook.pdf; https://www.wofford.edu/Wofford.edu/Documents/Diversity-and-Inclusion/HonorCode.pdf,https://www.wofford.edu/about/ai-working-group/faqs; https://www.wofford.edu/about/ai-working-group/resources,https://www.wofford.edu/about/ai-working-group/faqs; https://www.wofford.edu/wofford.edu/documents/student-experiences/campus-life/code-of-student-rights-and-responsibilities.pdf; https://www.wofford.edu/Wofford.edu/Documents/student-experiences/campus-life/student-handbook.pdf; https://www.wofford.edu/Wofford.edu/Documents/Diversity-and-Inclusion/HonorCode.pdf,https://www.wofford.edu/about/ai-working-group; https://www.wofford.edu/about/ai-working-group/members,https://www.wofford.edu/about/ai-working-group/faqs,https://www.wofford.edu/about/ai-working-group,https://www.wofford.edu/about/ai-working-group; https://www.wofford.edu/about/ai-working-group/members,https://www.wofford.edu/about/ai-working-group; https://www.wofford.edu/about/ai-working-group/faqs; https://www.wofford.edu/about/ai-working-group/resources,https://www.wofford.edu/about/ai-working-group/faqs,https://www.wofford.edu/about/ai-working-group/faqs; https://www.wofford.edu/wofford.edu/documents/student-experiences/campus-life/code-of-student-rights-and-responsibilities.pdf,0.25,0.6666666666666666,0.27777777777777773,0.6666666666666667,46.52777777777778,50.0,48.48484848484849,50.0,46.75925925925925,41.0,50.55555555555556,51.0
U67,1.0,0.5,0.0,0.8333333333333334,0.5,1.0,0.5,1.0,0.0,0.0,0.8333333333333334,0.6666666666666666,Teaching-Oriented/Liberal Arts,-,South,~2k students,Wofford College,"- https://www.wofford.edu/about/ai-working-group 
- https://libguides.wofford.edu/AI 
- https://www.wofford.edu/Wofford.edu/Documents/student-experiences/campus-life/student-handbook.pdf 
- https://www.wofford.edu/wofford.edu/documents/student-experiences/campus-life/code-of-student-rights-and-responsibilities.pdf ",- https://www.wofford.edu/about/ai-working-group  ,- https://www.wofford.edu/about/ai-working-group,- https://libguides.wofford.edu/AI ,"- https://libguides.wofford.edu/AI   
- https://www.wofford.edu/about/ai-working-group 
- https://www.wofford.edu/Wofford.edu/Documents/student-experiences/campus-life/student-handbook.pdf 
- https://www.wofford.edu/wofford.edu/documents/student-experiences/campus-life/code-of-student-rights-and-responsibilities.pdf 
- https://www.wofford.edu/Wofford.edu/Documents/Diversity-and-Inclusion/HonorCode.pdf ","- https://www.wofford.edu/about/ai-working-group
- https://libguides.wofford.edu/c.php?g=1324410&p=9746687 ",,"- https://www.wofford.edu/about/ai-working-group
- https://libguides.wofford.edu/AI
- https://www.wofford.edu/Wofford.edu/Documents/student-experiences/campus-life/student-handbook.pdf
- https://www.wofford.edu/wofford.edu/documents/student-experiences/campus-life/code-of-student-rights-and-responsibilities.pdf
- https://www.wofford.edu/Wofford.edu/Documents/Diversity-and-Inclusion/HonorCode.pdf
- https://libguides.wofford.edu/c.php?g=1324410&p=9746687",https://www.wofford.edu/about/ai-working-group/faqs,https://www.wofford.edu/about/ai-working-group/faqs; https://www.wofford.edu/wofford.edu/documents/diversity-and-inclusion/honorcode.pdf,https://www.wofford.edu/about/ai-working-group/faqs; https://www.wofford.edu/about/ai-working-group/resources,https://www.wofford.edu/about/ai-working-group/faqs,https://www.wofford.edu/about/ai-working-group,https://www.wofford.edu/about/ai-working-group/faqs,https://www.wofford.edu/about/ai-working-group,https://www.wofford.edu/about/ai-working-group; https://www.wofford.edu/wofford.edu/documents/student-experiences/campus-life/student-handbook.pdf; https://www.wofford.edu/wofford.edu/documents/student-experiences/campus-life/code-of-student-rights-and-responsibilities.pdf,https://www.wofford.edu/about/ai-working-group/faqs; https://www.wofford.edu/about/ai-working-group/resources,https://www.wofford.edu/about/ai-working-group/faqs,https://www.wofford.edu/about/ai-working-group/faqs,0.25,0.7083333333333334,0.3333333333333333,0.75,51.04166666666667,43.0,53.03030303030304,42.5,52.083333333333336,33.0,55.00000000000001,44.5
U67,1.5,0.3333333333333333,0.16666666666666666,0.8333333333333334,0.5,0.8333333333333334,0.5,0.8333333333333334,0.3333333333333333,0.0,1.0,0.5,Teaching-Oriented/Liberal Arts,-,South,~2k students,Wofford College,"- https://www.wofford.edu/about/ai-working-group 
- https://libguides.wofford.edu/AI 
- https://www.wofford.edu/Wofford.edu/Documents/student-experiences/campus-life/student-handbook.pdf 
- https://www.wofford.edu/wofford.edu/documents/student-experiences/campus-life/code-of-student-rights-and-responsibilities.pdf ",- https://www.wofford.edu/about/ai-working-group  ,- https://www.wofford.edu/about/ai-working-group,- https://libguides.wofford.edu/AI ,"- https://libguides.wofford.edu/AI   
- https://www.wofford.edu/about/ai-working-group 
- https://www.wofford.edu/Wofford.edu/Documents/student-experiences/campus-life/student-handbook.pdf 
- https://www.wofford.edu/wofford.edu/documents/student-experiences/campus-life/code-of-student-rights-and-responsibilities.pdf 
- https://www.wofford.edu/Wofford.edu/Documents/Diversity-and-Inclusion/HonorCode.pdf ","- https://www.wofford.edu/about/ai-working-group
- https://libguides.wofford.edu/c.php?g=1324410&p=9746687 ",,"- https://www.wofford.edu/about/ai-working-group
- https://libguides.wofford.edu/AI
- https://www.wofford.edu/Wofford.edu/Documents/student-experiences/campus-life/student-handbook.pdf
- https://www.wofford.edu/wofford.edu/documents/student-experiences/campus-life/code-of-student-rights-and-responsibilities.pdf
- https://www.wofford.edu/Wofford.edu/Documents/Diversity-and-Inclusion/HonorCode.pdf
- https://libguides.wofford.edu/c.php?g=1324410&p=9746687",https://www.wofford.edu/about/ai-working-group/faqs; https://www.wofford.edu/wofford.edu/documents/student-experiences/campus-life/code-of-student-rights-and-responsibilities.pdf; https://www.wofford.edu/Wofford.edu/Documents/Diversity-and-Inclusion/HonorCode.pdf; https://www.wofford.edu/Wofford.edu/Documents/student-experiences/campus-life/student-handbook.pdf,https://www.wofford.edu/about/ai-working-group/faqs; https://www.wofford.edu/wofford.edu/documents/student-experiences/campus-life/code-of-student-rights-and-responsibilities.pdf; https://www.wofford.edu/Wofford.edu/Documents/Diversity-and-Inclusion/HonorCode.pdf; https://www.wofford.edu/Wofford.edu/Documents/student-experiences/campus-life/student-handbook.pdf,https://www.wofford.edu/about/ai-working-group/faqs; https://www.wofford.edu/about/ai-working-group/resources,https://www.wofford.edu/about/ai-working-group/faqs; https://www.wofford.edu/wofford.edu/documents/student-experiences/campus-life/code-of-student-rights-and-responsibilities.pdf; https://www.wofford.edu/Wofford.edu/Documents/Diversity-and-Inclusion/HonorCode.pdf; https://www.wofford.edu/Wofford.edu/Documents/student-experiences/campus-life/student-handbook.pdf,https://www.wofford.edu/about/ai-working-group; https://www.wofford.edu/about/ai-working-group/members,https://www.wofford.edu/about/ai-working-group/faqs,https://www.wofford.edu/about/ai-working-group; https://www.wofford.edu/about/ai-working-group/members,https://www.wofford.edu/about/ai-working-group/members; https://www.wofford.edu/about/ai-working-group,https://www.wofford.edu/about/ai-working-group; https://www.wofford.edu/about/ai-working-group/faqs; https://www.wofford.edu/about/ai-working-group/resources,https://www.wofford.edu/about/ai-working-group/faqs,https://www.wofford.edu/about/ai-working-group/faqs,0.25,0.6666666666666667,0.3888888888888889,0.75,51.388888888888886,37.0,53.03030303030304,40.0,53.24074074074075,26.0,54.44444444444445,41.0
U68,0.5,0.0,0.0,0.0,0.0,0.0,0.0,0.0,0.0,0.0,0.0,0.0,Teaching-Oriented/Liberal Arts,-,West,~2k students,Occidental College,"- https://libguides.oxy.edu/c.php?g=1294909&p=9510697 
- https://www.oxy.edu/academics/library/research-support/ai-position-statement ",- https://libguides.oxy.edu/AI/faculty ,,"- https://www.oxy.edu/academics/library/research-support/academic-technology 
- https://libguides.oxy.edu/AI 
- https://www.oxy.edu/academics/library/research-support/ai-position-statement 
- https://libguides.oxy.edu/copyright_toolkit/AI ",- https://libguides.oxy.edu/AI/students ,,,"- https://libguides.oxy.edu/c.php?g=1294909&p=9510697
- https://www.oxy.edu/academics/library/research-support/ai-position-statement
- https://libguides.oxy.edu/AI/faculty
- https://www.oxy.edu/academics/library/research-support/academic-technology
- https://libguides.oxy.edu/AI
- https://libguides.oxy.edu/copyright_toolkit/AI
- https://libguides.oxy.edu/AI/students",https://libguides.oxy.edu/AI; https://www.oxy.edu/academics/library/research-support/ai-position-statement,https://libguides.oxy.edu/copyright_toolkit/AI; https://libguides.oxy.edu/AI,https://libguides.oxy.edu/AI/faculty; https://www.oxy.edu/academics/library/research-support/academic-technology,https://libguides.oxy.edu/AI/faculty; https://libguides.oxy.edu/AI/students,https://libguides.oxy.edu/AI/faculty; https://www.oxy.edu/academics/library/research-support/ai-position-statement,https://libguides.oxy.edu/AI/faculty; https://libguides.oxy.edu/AI,https://www.oxy.edu/academics/library/research-support/ai-position-statement; https://libguides.oxy.edu/AI,https://libguides.oxy.edu/AI/students; https://libguides.oxy.edu/AI,https://www.oxy.edu/academics/library/research-support/ai-position-statement; https://libguides.oxy.edu/AI,https://libguides.oxy.edu/AI/faculty; https://libguides.oxy.edu/AI,https://libguides.oxy.edu/AI/students; https://libguides.oxy.edu/AI,0.0,0.0,0.0,0.0,0.0,77.0,0.0,77.0,0.0,77.0,0.0,77.0
U68,1.0,0.0,0.0,0.16666666666666666,0.0,0.16666666666666666,0.0,0.0,0.0,0.0,0.0,0.0,Teaching-Oriented/Liberal Arts,-,West,~2k students,Occidental College,"- https://libguides.oxy.edu/c.php?g=1294909&p=9510697 
- https://www.oxy.edu/academics/library/research-support/ai-position-statement ",- https://libguides.oxy.edu/AI/faculty ,,"- https://www.oxy.edu/academics/library/research-support/academic-technology 
- https://libguides.oxy.edu/AI 
- https://www.oxy.edu/academics/library/research-support/ai-position-statement 
- https://libguides.oxy.edu/copyright_toolkit/AI ",- https://libguides.oxy.edu/AI/students ,,,"- https://libguides.oxy.edu/c.php?g=1294909&p=9510697
- https://www.oxy.edu/academics/library/research-support/ai-position-statement
- https://libguides.oxy.edu/AI/faculty
- https://www.oxy.edu/academics/library/research-support/academic-technology
- https://libguides.oxy.edu/AI
- https://libguides.oxy.edu/copyright_toolkit/AI
- https://libguides.oxy.edu/AI/students",https://www.oxy.edu/academics/library/research-support/ai-position-statement; https://libguides.oxy.edu/AI,https://libguides.oxy.edu/AI; https://libguides.oxy.edu/copyright_toolkit/AI,https://libguides.oxy.edu/AI/faculty; https://www.oxy.edu/academics/library/research-support/ai-position-statement,https://libguides.oxy.edu/AI/faculty; https://libguides.oxy.edu/AI/students,https://libguides.oxy.edu/AI/faculty; https://www.oxy.edu/academics/library/research-support/ai-position-statement,https://libguides.oxy.edu/AI/faculty,https://www.oxy.edu/academics/library/research-support/ai-position-statement; https://libguides.oxy.edu/AI,https://libguides.oxy.edu/AI/students; https://libguides.oxy.edu/AI,https://www.oxy.edu/academics/library/research-support/ai-position-statement; https://libguides.oxy.edu/AI,https://libguides.oxy.edu/AI; https://libguides.oxy.edu/AI/students; https://libguides.oxy.edu/AI/faculty,https://libguides.oxy.edu/AI; https://libguides.oxy.edu/AI/students; https://libguides.oxy.edu/AI/faculty,0.0,0.08333333333333333,0.0,0.0,2.083333333333333,75.0,3.03030303030303,75.0,1.3888888888888888,75.0,3.3333333333333335,75.0
U68,1.5,0.16666666666666666,0.0,0.3333333333333333,0.0,0.0,0.0,0.0,0.0,0.16666666666666666,0.0,0.0,Teaching-Oriented/Liberal Arts,-,West,~2k students,Occidental College,"- https://libguides.oxy.edu/c.php?g=1294909&p=9510697 
- https://www.oxy.edu/academics/library/research-support/ai-position-statement ",- https://libguides.oxy.edu/AI/faculty ,,"- https://www.oxy.edu/academics/library/research-support/academic-technology 
- https://libguides.oxy.edu/AI 
- https://www.oxy.edu/academics/library/research-support/ai-position-statement 
- https://libguides.oxy.edu/copyright_toolkit/AI ",- https://libguides.oxy.edu/AI/students ,,,"- https://libguides.oxy.edu/c.php?g=1294909&p=9510697
- https://www.oxy.edu/academics/library/research-support/ai-position-statement
- https://libguides.oxy.edu/AI/faculty
- https://www.oxy.edu/academics/library/research-support/academic-technology
- https://libguides.oxy.edu/AI
- https://libguides.oxy.edu/copyright_toolkit/AI
- https://libguides.oxy.edu/AI/students",https://libguides.oxy.edu/AI,https://libguides.oxy.edu/copyright_toolkit/AI; https://libguides.oxy.edu/AI/students; https://libguides.oxy.edu/AI,https://www.oxy.edu/academics/library/research-support/ai-position-statement; https://libguides.oxy.edu/AI; https://libguides.oxy.edu/AI/canvasmodule,https://libguides.oxy.edu/AI/chatgpt; https://libguides.oxy.edu/AI,https://www.oxy.edu/academics/library/research-support/ai-position-statement; https://libguides.oxy.edu/AI/faculty; https://libguides.oxy.edu/AI,https://libguides.oxy.edu/AI/faculty; https://libguides.oxy.edu/AI,https://www.oxy.edu/academics/library/research-support/ai-position-statement,https://libguides.oxy.edu/AI/students; https://libguides.oxy.edu/AI,https://libguides.oxy.edu/AI,https://libguides.oxy.edu/AI/students; https://libguides.oxy.edu/AI/faculty; https://www.oxy.edu/academics/library/research-support/ai-position-statement,https://libguides.oxy.edu/AI/students; https://libguides.oxy.edu/AI,0.08333333333333333,0.08333333333333333,0.05555555555555555,0.0,5.555555555555555,76.0,6.06060606060606,76.0,4.62962962962963,76.0,6.111111111111112,76.0
U69,0.5,0.5,0.5,1.0,1.0,0.0,0.5,0.0,0.0,0.0,0.8333333333333334,0.0,Teaching-Oriented/Liberal Arts,-,West,~1k students,Reed College,"- https://www.reed.edu/ctl/reflect-generative-ai.html 
- https://www.reed.edu/governance/title-ix-policy/ ","- https://www.reed.edu/ctl/generative-ai.html 
- https://www.reed.edu/ctl/resources.html ",,- https://libguides.reed.edu/chatgpt,,,- https://www.reed.edu/academic_support/ ,"- https://www.reed.edu/ctl/reflect-generative-ai.html
- https://www.reed.edu/governance/title-ix-policy/
- https://www.reed.edu/ctl/generative-ai.html
- https://www.reed.edu/ctl/resources.html
- https://libguides.reed.edu/chatgpt
- https://www.reed.edu/academic_support/",https://www.reed.edu/ctl/generative-ai.html; https://www.reed.edu/ctl/learn-generative-ai.html,https://www.reed.edu/ctl/reflect-generative-ai.html,https://www.reed.edu/ctl/generative-ai.html; https://www.reed.edu/ctl/learn-generative-ai.html; https://www.reed.edu/ctl/reflect-generative-ai.html; https://www.reed.edu/ctl/revise-generative-ai.html,https://www.reed.edu/ctl/reflect-generative-ai.html,https://www.reed.edu/ctl/generative-ai.html; https://www.reed.edu/ctl/reflect-generative-ai.html; https://www.reed.edu/ctl/resources.html,https://www.reed.edu/ctl/reflect-generative-ai.html; https://www.reed.edu/ctl/syllabus-policy-blurbs.html,https://www.reed.edu/ctl/generative-ai.html; https://www.reed.edu/ctl/resources.html; https://www.reed.edu/governance/title-ix-policy/,https://www.reed.edu/ctl/generative-ai.html; https://www.reed.edu/ctl/resources.html; https://www.reed.edu/governance/title-ix-policy/,https://www.reed.edu/ctl/generative-ai.html; https://www.reed.edu/ctl/reflect-generative-ai.html; https://www.reed.edu/governance/title-ix-policy/,https://www.reed.edu/ctl/revise-generative-ai.html,https://www.reed.edu/ctl/revise-generative-ai.html; https://www.reed.edu/ctl/reflect-generative-ai.html,0.5,0.625,0.0,0.4166666666666667,38.54166666666667,57.5,39.39393939393939,60.5,32.63888888888889,56.5,43.33333333333333,56.0
U69,1.0,0.8333333333333334,0.5,1.0,1.0,0.3333333333333333,0.5,0.0,0.0,1.0,0.8333333333333334,0.0,Teaching-Oriented/Liberal Arts,-,West,~1k students,Reed College,"- https://www.reed.edu/ctl/reflect-generative-ai.html 
- https://www.reed.edu/governance/title-ix-policy/ ","- https://www.reed.edu/ctl/generative-ai.html 
- https://www.reed.edu/ctl/resources.html ",,- https://libguides.reed.edu/chatgpt,,,- https://www.reed.edu/academic_support/ ,"- https://www.reed.edu/ctl/reflect-generative-ai.html
- https://www.reed.edu/governance/title-ix-policy/
- https://www.reed.edu/ctl/generative-ai.html
- https://www.reed.edu/ctl/resources.html
- https://libguides.reed.edu/chatgpt
- https://www.reed.edu/academic_support/",https://www.reed.edu/ctl/generative-ai.html; https://www.reed.edu/ctl/learn-generative-ai.html,https://www.reed.edu/ctl/reflect-generative-ai.html,https://www.reed.edu/ctl/generative-ai.html; https://www.reed.edu/ctl/resources.html; https://www.reed.edu/ctl/learn-generative-ai.html; https://www.reed.edu/ctl/reflect-generative-ai.html; https://www.reed.edu/ctl/revise-generative-ai.html,https://www.reed.edu/ctl/reflect-generative-ai.html,https://www.reed.edu/ctl/generative-ai.html; https://www.reed.edu/ctl/resources.html; https://www.reed.edu/ctl/reflect-generative-ai.html,https://www.reed.edu/ctl/reflect-generative-ai.html; https://www.reed.edu/ctl/resources.html,https://www.reed.edu/ctl/generative-ai.html; https://www.reed.edu/ctl/resources.html; https://www.reed.edu/governance/title-ix-policy/,https://www.reed.edu/ctl/generative-ai.html; https://www.reed.edu/ctl/resources.html; https://www.reed.edu/governance/title-ix-policy/,https://www.reed.edu/governance/title-ix-policy/,https://www.reed.edu/ctl/revise-generative-ai.html,https://www.reed.edu/ctl/revise-generative-ai.html; https://www.reed.edu/governance/title-ix-policy/,0.6666666666666667,0.7083333333333334,0.3333333333333333,0.4166666666666667,53.125,38.0,54.54545454545454,41.0,47.91666666666667,40.0,56.666666666666664,40.5
U69,1.5,0.5,0.5,1.0,1.0,0.0,0.5,0.0,0.0,0.0,0.6666666666666666,0.0,Teaching-Oriented/Liberal Arts,-,West,~1k students,Reed College,"- https://www.reed.edu/ctl/reflect-generative-ai.html 
- https://www.reed.edu/governance/title-ix-policy/ ","- https://www.reed.edu/ctl/generative-ai.html 
- https://www.reed.edu/ctl/resources.html ",,- https://libguides.reed.edu/chatgpt,,,- https://www.reed.edu/academic_support/ ,"- https://www.reed.edu/ctl/reflect-generative-ai.html
- https://www.reed.edu/governance/title-ix-policy/
- https://www.reed.edu/ctl/generative-ai.html
- https://www.reed.edu/ctl/resources.html
- https://libguides.reed.edu/chatgpt
- https://www.reed.edu/academic_support/",https://www.reed.edu/ctl/generative-ai.html; https://www.reed.edu/ctl/learn-generative-ai.html,https://www.reed.edu/ctl/reflect-generative-ai.html,https://www.reed.edu/ctl/generative-ai.html; https://www.reed.edu/ctl/learn-generative-ai.html; https://www.reed.edu/ctl/revise-generative-ai.html; https://www.reed.edu/ctl/resources.html,https://www.reed.edu/ctl/reflect-generative-ai.html; https://www.reed.edu/ctl/revise-generative-ai.html,https://www.reed.edu/ctl/generative-ai.html; https://www.reed.edu/ctl/reflect-generative-ai.html; https://www.reed.edu/ctl/learn-generative-ai.html; https://www.reed.edu/ctl/revise-generative-ai.html; https://www.reed.edu/ctl/resources.html,https://www.reed.edu/ctl/reflect-generative-ai.html,https://www.reed.edu/ctl/generative-ai.html; https://www.reed.edu/ctl/reflect-generative-ai.html; https://www.reed.edu/ctl/resources.html; https://www.reed.edu/governance/title-ix-policy/,https://www.reed.edu/ctl/generative-ai.html; https://www.reed.edu/ctl/reflect-generative-ai.html; https://www.reed.edu/ctl/resources.html; https://www.reed.edu/governance/title-ix-policy/,https://www.reed.edu/ctl/generative-ai.html; https://www.reed.edu/ctl/reflect-generative-ai.html; https://www.reed.edu/ctl/resources.html,https://www.reed.edu/ctl/revise-generative-ai.html; https://www.reed.edu/ctl/learn-generative-ai.html,https://www.reed.edu/ctl/generative-ai.html; https://www.reed.edu/ctl/reflect-generative-ai.html; https://www.reed.edu/ctl/learn-generative-ai.html; https://www.reed.edu/ctl/revise-generative-ai.html,0.5,0.625,0.0,0.3333333333333333,36.45833333333333,63.0,37.87878787878788,63.5,29.86111111111111,59.0,41.66666666666667,61.0
U7,0.5,0.0,0.0,0.0,0.0,0.0,0.0,0.0,0.0,0.0,0.0,0.0,Public Research-Oriented,R2,South,~8k students,Southern University and A & M College,,,,- https://subr.libguides.com/AI ,,,,- https://subr.libguides.com/AI,https://subr.libguides.com/AI,https://subr.libguides.com/AI,https://subr.libguides.com/AI,https://subr.libguides.com/AI,https://subr.libguides.com/AI,https://subr.libguides.com/AI,https://subr.libguides.com/AI,https://subr.libguides.com/AI,https://subr.libguides.com/AI,https://subr.libguides.com/AI,https://subr.libguides.com/AI,0.0,0.0,0.0,0.0,0.0,77.0,0.0,77.0,0.0,77.0,0.0,77.0
U7,1.0,0.0,0.0,0.0,0.0,0.0,0.0,0.0,0.0,0.0,0.0,0.0,Public Research-Oriented,R2,South,~8k students,Southern University and A & M College,,,,- https://subr.libguides.com/AI ,,,,- https://subr.libguides.com/AI,https://subr.libguides.com/AI,https://subr.libguides.com/AI,https://subr.libguides.com/AI,https://subr.libguides.com/AI,https://subr.libguides.com/AI,https://subr.libguides.com/AI,https://subr.libguides.com/AI,https://subr.libguides.com/AI,https://subr.libguides.com/AI,https://subr.libguides.com/AI,https://subr.libguides.com/AI,0.0,0.0,0.0,0.0,0.0,77.5,0.0,77.5,0.0,77.5,0.0,77.5
U7,1.5,0.0,0.0,0.0,0.0,0.0,0.0,0.0,0.0,0.0,0.0,0.0,Public Research-Oriented,R2,South,~8k students,Southern University and A & M College,,,,- https://subr.libguides.com/AI ,,,,- https://subr.libguides.com/AI,https://subr.libguides.com/AI,https://subr.libguides.com/AI,https://subr.libguides.com/AI,https://subr.libguides.com/AI,https://subr.libguides.com/AI,https://subr.libguides.com/AI,https://subr.libguides.com/AI,https://subr.libguides.com/AI,https://subr.libguides.com/AI,https://subr.libguides.com/AI,https://subr.libguides.com/AI,0.0,0.0,0.0,0.0,0.0,78.0,0.0,78.0,0.0,78.0,0.0,78.0
U70,0.5,1.0,0.0,1.0,0.5,0.5,0.0,1.0,0.5,0.5,0.0,0.0,Teaching-Oriented/Liberal Arts,-,West,~2k students,Lewis & Clark College,"- https://www.lclark.edu/live/profiles/21485-generative-ai-and-use-of-college-data-policy 
- https://library.lclark.edu/ai 
- https://www.lclark.edu/information_technology/AI_Advisory_Group/index/ ",,,- https://library.lclark.edu/ai ,- https://library.lclark.edu/ai ,- https://www.lclark.edu/information_technology/AI_Advisory_Group/index/ ,,"- https://www.lclark.edu/live/profiles/21485-generative-ai-and-use-of-college-data-policy
- https://library.lclark.edu/ai
- https://www.lclark.edu/information_technology/AI_Advisory_Group/index/",https://www.lclark.edu/live/profiles/21485-generative-ai-and-use-of-college-data-policy,https://www.lclark.edu/live/profiles/21485-generative-ai-and-use-of-college-data-policy; https://www.lclark.edu/information_technology/AI_Advisory_Group/index/; https://college.lclark.edu/student_life/community-accountability/student-code-of-conduct/college-policies/academic-integrity-policy/,https://www.lclark.edu/information_technology/AI_Advisory_Group/index/,https://www.lclark.edu/live/profiles/21485-generative-ai-and-use-of-college-data-policy; https://www.lclark.edu/information_technology/AI_Advisory_Group/index/,https://www.lclark.edu/information_technology/AI_Advisory_Group/index/,https://www.lclark.edu/information_technology/AI_Advisory_Group/index/; https://www.lclark.edu/live/profiles/21485-generative-ai-and-use-of-college-data-policy,https://www.lclark.edu/information_technology/AI_Advisory_Group/index/,https://www.lclark.edu/information_technology/AI_Advisory_Group/index/,https://www.lclark.edu/live/profiles/21485-generative-ai-and-use-of-college-data-policy; https://college.lclark.edu/student_life/community-accountability/student-code-of-conduct/college-policies/academic-integrity-policy/,https://www.lclark.edu/live/profiles/21485-generative-ai-and-use-of-college-data-policy; https://www.lclark.edu/information_technology/AI_Advisory_Group/index/; https://college.lclark.edu/student_life/community-accountability/student-code-of-conduct/college-policies/academic-integrity-policy/,https://college.lclark.edu/student_life/community-accountability/student-code-of-conduct/college-policies/academic-integrity-policy/,0.5,0.5,0.6666666666666666,0.0,41.666666666666664,54.0,45.45454545454545,53.5,38.888888888888886,52.0,43.33333333333333,56.0
U70,1.0,1.0,0.0,0.8333333333333334,0.5,0.5,0.3333333333333333,1.0,0.5,0.5,0.0,0.0,Teaching-Oriented/Liberal Arts,-,West,~2k students,Lewis & Clark College,"- https://www.lclark.edu/live/profiles/21485-generative-ai-and-use-of-college-data-policy 
- https://library.lclark.edu/ai 
- https://www.lclark.edu/information_technology/AI_Advisory_Group/index/ ",,,- https://library.lclark.edu/ai ,- https://library.lclark.edu/ai ,- https://www.lclark.edu/information_technology/AI_Advisory_Group/index/ ,,"- https://www.lclark.edu/live/profiles/21485-generative-ai-and-use-of-college-data-policy
- https://library.lclark.edu/ai
- https://www.lclark.edu/information_technology/AI_Advisory_Group/index/",https://www.lclark.edu/live/profiles/21485-generative-ai-and-use-of-college-data-policy,https://www.lclark.edu/live/profiles/21485-generative-ai-and-use-of-college-data-policy; https://www.lclark.edu/information_technology/AI_Advisory_Group/index/; https://college.lclark.edu/student_life/community-accountability/student-code-of-conduct/college-policies/academic-integrity-policy/,https://www.lclark.edu/information_technology/AI_Advisory_Group/index/,https://www.lclark.edu/live/profiles/21485-generative-ai-and-use-of-college-data-policy; https://www.lclark.edu/information_technology/AI_Advisory_Group/index/,https://www.lclark.edu/information_technology/AI_Advisory_Group/index/,https://www.lclark.edu/information_technology/AI_Advisory_Group/index/,https://www.lclark.edu/information_technology/AI_Advisory_Group/index/,https://www.lclark.edu/information_technology/AI_Advisory_Group/index/,https://www.lclark.edu/live/profiles/21485-generative-ai-and-use-of-college-data-policy,https://www.lclark.edu/live/profiles/21485-generative-ai-and-use-of-college-data-policy; https://www.lclark.edu/information_technology/AI_Advisory_Group/index/; https://college.lclark.edu/student_life/community-accountability/student-code-of-conduct/college-policies/academic-integrity-policy/,https://college.lclark.edu/student_life/community-accountability/student-code-of-conduct/college-policies/academic-integrity-policy/; https://www.lclark.edu/live/profiles/21485-generative-ai-and-use-of-college-data-policy; https://www.lclark.edu/information_technology/AI_Advisory_Group/index/,0.5,0.5416666666666667,0.6666666666666666,0.0,42.708333333333336,52.0,46.96969696969697,50.5,39.58333333333333,51.0,45.0,54.5
U70,1.5,1.0,0.0,0.6666666666666666,0.5,0.6666666666666666,0.16666666666666666,1.0,0.3333333333333333,0.5,0.0,0.0,Teaching-Oriented/Liberal Arts,-,West,~2k students,Lewis & Clark College,"- https://www.lclark.edu/live/profiles/21485-generative-ai-and-use-of-college-data-policy 
- https://library.lclark.edu/ai 
- https://www.lclark.edu/information_technology/AI_Advisory_Group/index/ ",,,- https://library.lclark.edu/ai ,- https://library.lclark.edu/ai ,- https://www.lclark.edu/information_technology/AI_Advisory_Group/index/ ,,"- https://www.lclark.edu/live/profiles/21485-generative-ai-and-use-of-college-data-policy
- https://library.lclark.edu/ai
- https://www.lclark.edu/information_technology/AI_Advisory_Group/index/",https://www.lclark.edu/live/profiles/21485-generative-ai-and-use-of-college-data-policy,https://www.lclark.edu/live/profiles/21485-generative-ai-and-use-of-college-data-policy; https://www.lclark.edu/information_technology/AI_Advisory_Group/index/,https://www.lclark.edu/information_technology/AI_Advisory_Group/index/,https://www.lclark.edu/live/profiles/21485-generative-ai-and-use-of-college-data-policy; https://www.lclark.edu/information_technology/AI_Advisory_Group/index/,https://www.lclark.edu/information_technology/AI_Advisory_Group/index/,https://www.lclark.edu/information_technology/AI_Advisory_Group/index/,https://www.lclark.edu/information_technology/AI_Advisory_Group/index/,https://www.lclark.edu/information_technology/AI_Advisory_Group/index/; https://library.lclark.edu/ai,https://www.lclark.edu/live/profiles/21485-generative-ai-and-use-of-college-data-policy,https://www.lclark.edu/live/profiles/21485-generative-ai-and-use-of-college-data-policy; https://www.lclark.edu/information_technology/AI_Advisory_Group/index/,https://www.lclark.edu/live/profiles/21485-generative-ai-and-use-of-college-data-policy; https://www.lclark.edu/information_technology/AI_Advisory_Group/index/,0.5,0.49999999999999994,0.611111111111111,0.0,40.27777777777778,57.0,43.93939393939394,55.0,37.03703703703704,53.0,42.22222222222222,60.0
U71,0.5,1.0,0.5,0.0,1.0,0.0,0.0,0.0,0.0,0.0,0.5,0.0,Teaching-Oriented/Liberal Arts,-,West,~1k students,Westminster University,,,,- https://westminsteru.edu/academics/giovale-library/citation-resources.html ,,,,- https://westminsteru.edu/academics/giovale-library/citation-resources.html,https://westminsteru.edu/_resources/files/default-source/using-ai-in-writing-handout.pdf; https://westminsteru.edu/academics/giovale-library/citation-resources.html,https://westminsteru.edu/_resources/files/default-source/using-ai-in-writing-handout.pdf; https://westminsteru.edu/academics/giovale-library/citation-resources.html,https://westminsteru.edu/academics/giovale-library/citation-resources.html; https://westminsteru.edu/_resources/files/default-source/using-ai-in-writing-handout.pdf,https://westminsteru.edu/_resources/files/default-source/using-ai-in-writing-handout.pdf,https://westminsteru.edu/academics/giovale-library/citation-resources.html; https://westminsteru.edu/_resources/files/default-source/using-ai-in-writing-handout.pdf,https://westminsteru.edu/academics/giovale-library/citation-resources.html; https://westminsteru.edu/_resources/files/default-source/using-ai-in-writing-handout.pdf,https://westminsteru.edu/academics/giovale-library/citation-resources.html; https://westminsteru.edu/_resources/files/default-source/using-ai-in-writing-handout.pdf,https://westminsteru.edu/academics/giovale-library/citation-resources.html; https://westminsteru.edu/_resources/files/default-source/using-ai-in-writing-handout.pdf,https://westminsteru.edu/academics/giovale-library/citation-resources.html; https://westminsteru.edu/_resources/files/default-source/using-ai-in-writing-handout.pdf,https://westminsteru.edu/_resources/files/default-source/using-ai-in-writing-handout.pdf,https://westminsteru.edu/_resources/files/default-source/using-ai-in-writing-handout.pdf; https://westminsteru.edu/academics/giovale-library/citation-resources.html,0.75,0.25,0.0,0.25,31.25,63.5,27.27272727272727,67.0,25.0,63.5,30.0,67.0
U71,1.0,0.6666666666666666,0.3333333333333333,0.0,0.6666666666666666,0.0,0.16666666666666666,0.0,0.0,0.0,0.3333333333333333,0.0,Teaching-Oriented/Liberal Arts,-,West,~1k students,Westminster University,,,,- https://westminsteru.edu/academics/giovale-library/citation-resources.html ,,,,- https://westminsteru.edu/academics/giovale-library/citation-resources.html,https://westminsteru.edu/_resources/files/default-source/using-ai-in-writing-handout.pdf; https://westminsteru.edu/academics/giovale-library/citation-resources.html,https://westminsteru.edu/_resources/files/default-source/using-ai-in-writing-handout.pdf; https://westminsteru.edu/academics/giovale-library/citation-resources.html,https://westminsteru.edu/academics/giovale-library/citation-resources.html; https://westminsteru.edu/_resources/files/default-source/using-ai-in-writing-handout.pdf,https://westminsteru.edu/_resources/files/default-source/using-ai-in-writing-handout.pdf,https://westminsteru.edu/academics/giovale-library/citation-resources.html; https://westminsteru.edu/_resources/files/default-source/using-ai-in-writing-handout.pdf,https://westminsteru.edu/_resources/files/default-source/using-ai-in-writing-handout.pdf; https://westminsteru.edu/academics/giovale-library/citation-resources.html,https://westminsteru.edu/academics/giovale-library/citation-resources.html; https://westminsteru.edu/_resources/files/default-source/using-ai-in-writing-handout.pdf,https://westminsteru.edu/academics/giovale-library/citation-resources.html; https://westminsteru.edu/_resources/files/default-source/using-ai-in-writing-handout.pdf,https://westminsteru.edu/academics/giovale-library/citation-resources.html; https://westminsteru.edu/_resources/files/default-source/using-ai-in-writing-handout.pdf,https://westminsteru.edu/_resources/files/default-source/using-ai-in-writing-handout.pdf,https://westminsteru.edu/_resources/files/default-source/using-ai-in-writing-handout.pdf; https://westminsteru.edu/academics/giovale-library/citation-resources.html,0.5,0.20833333333333331,0.0,0.16666666666666666,21.874999999999996,67.0,19.696969696969695,67.0,17.361111111111107,68.0,21.666666666666664,67.0
U71,1.5,0.6666666666666666,0.3333333333333333,0.0,0.6666666666666666,0.0,0.0,0.0,0.0,0.0,0.3333333333333333,0.0,Teaching-Oriented/Liberal Arts,-,West,~1k students,Westminster University,,,,- https://westminsteru.edu/academics/giovale-library/citation-resources.html ,,,,- https://westminsteru.edu/academics/giovale-library/citation-resources.html,https://westminsteru.edu/_resources/files/default-source/using-ai-in-writing-handout.pdf; https://westminsteru.edu/academics/giovale-library/citation-resources.html,https://westminsteru.edu/_resources/files/default-source/using-ai-in-writing-handout.pdf,https://westminsteru.edu/academics/giovale-library/citation-resources.html; https://westminsteru.edu/_resources/files/default-source/using-ai-in-writing-handout.pdf,https://westminsteru.edu/_resources/files/default-source/using-ai-in-writing-handout.pdf,https://westminsteru.edu/academics/giovale-library/citation-resources.html; https://westminsteru.edu/_resources/files/default-source/using-ai-in-writing-handout.pdf,https://westminsteru.edu/_resources/files/default-source/using-ai-in-writing-handout.pdf; https://westminsteru.edu/academics/giovale-library/citation-resources.html,https://westminsteru.edu/academics/giovale-library/citation-resources.html; https://westminsteru.edu/_resources/files/default-source/using-ai-in-writing-handout.pdf,https://westminsteru.edu/academics/giovale-library/citation-resources.html; https://westminsteru.edu/_resources/files/default-source/using-ai-in-writing-handout.pdf,https://westminsteru.edu/academics/giovale-library/citation-resources.html; https://westminsteru.edu/_resources/files/default-source/using-ai-in-writing-handout.pdf,https://westminsteru.edu/_resources/files/default-source/using-ai-in-writing-handout.pdf,https://westminsteru.edu/_resources/files/default-source/using-ai-in-writing-handout.pdf; https://westminsteru.edu/academics/giovale-library/citation-resources.html,0.5,0.16666666666666666,0.0,0.16666666666666666,20.833333333333332,67.0,18.18181818181818,69.0,16.666666666666664,67.0,20.0,68.0
U72,0.5,0.5,0.5,1.0,0.6666666666666666,0.3333333333333333,0.8333333333333334,0.16666666666666666,0.0,0.0,1.0,0.5,Teaching-Oriented/Liberal Arts,-,Midwest,~2k students,Grinnell College,,"- https://www.grinnell.edu/academics/centers-programs-resources/center-teaching-learning-assessment/teaching-resources
- https://www.grinnell.edu/sites/default/files/docs/2025-07/Grinnell%20Syllabus%20Design%20Guidelines_Version%207_7-14-25.pdf",,- https://grinnell.libguides.com/ai_in_library_tools,"- https://www.grinnell.edu/doc/academic-honesty-booklet   
- https://catalog.grinnell.edu/content.php?catoid=38&navoid=6372#honest-academic",,,"- https://www.grinnell.edu/academics/centers-programs-resources/center-teaching-learning-assessment/teaching-resources
- https://www.grinnell.edu/sites/default/files/docs/2025-07/Grinnell%20Syllabus%20Design%20Guidelines_Version%207_7-14-25.pdf
- https://grinnell.libguides.com/ai_in_library_tools
- https://www.grinnell.edu/doc/academic-honesty-booklet
- https://catalog.grinnell.edu/content.php?catoid=38&navoid=6372#honest-academic",https://www.grinnell.edu/doc/academic-honesty-booklet; https://www.grinnell.edu/sites/default/files/docs/2025-07/Grinnell%20Syllabus%20Design%20Guidelines_Version%207_7-14-25.pdf,https://www.grinnell.edu/doc/academic-honesty-booklet; https://www.grinnell.edu/doc/academic-honesty-ai-grinnell,https://www.grinnell.edu/academics/centers-programs-resources/center-teaching-learning-assessment/teaching-resources; https://www.grinnell.edu/doc/academic-honesty-ai-grinnell,https://www.grinnell.edu/doc/academic-honesty-ai-grinnell; https://www.grinnell.edu/sites/default/files/docs/2025-07/Grinnell%20Syllabus%20Design%20Guidelines_Version%207_7-14-25.pdf,https://www.grinnell.edu/doc/academic-honesty-booklet,https://www.grinnell.edu/sites/default/files/docs/2025-07/Grinnell%20Syllabus%20Design%20Guidelines_Version%207_7-14-25.pdf; https://www.grinnell.edu/doc/academic-honesty-ai-grinnell,,,,https://www.grinnell.edu/doc/academic-honesty-ai-grinnell,https://www.grinnell.edu/doc/academic-honesty-ai-grinnell; https://www.grinnell.edu/doc/academic-honesty-booklet,0.5,0.7083333333333333,0.05555555555555555,0.75,50.34722222222222,44.0,50.0,48.0,46.99074074074075,40.0,54.44444444444445,46.5
U72,1.0,0.8333333333333334,1.0,1.0,0.5,0.3333333333333333,0.6666666666666666,0.3333333333333333,0.16666666666666666,0.0,1.0,0.6666666666666666,Teaching-Oriented/Liberal Arts,-,Midwest,~2k students,Grinnell College,,"- https://www.grinnell.edu/academics/centers-programs-resources/center-teaching-learning-assessment/teaching-resources
- https://www.grinnell.edu/sites/default/files/docs/2025-07/Grinnell%20Syllabus%20Design%20Guidelines_Version%207_7-14-25.pdf",,- https://grinnell.libguides.com/ai_in_library_tools,"- https://www.grinnell.edu/doc/academic-honesty-booklet   
- https://catalog.grinnell.edu/content.php?catoid=38&navoid=6372#honest-academic",,,"- https://www.grinnell.edu/academics/centers-programs-resources/center-teaching-learning-assessment/teaching-resources
- https://www.grinnell.edu/sites/default/files/docs/2025-07/Grinnell%20Syllabus%20Design%20Guidelines_Version%207_7-14-25.pdf
- https://grinnell.libguides.com/ai_in_library_tools
- https://www.grinnell.edu/doc/academic-honesty-booklet
- https://catalog.grinnell.edu/content.php?catoid=38&navoid=6372#honest-academic",https://www.grinnell.edu/doc/academic-honesty-booklet; https://www.grinnell.edu/doc/academic-honesty-ai-grinnell,https://www.grinnell.edu/doc/academic-honesty-booklet; https://www.grinnell.edu/doc/academic-honesty-ai-grinnell,https://www.grinnell.edu/academics/centers-programs-resources/center-teaching-learning-assessment/teaching-resources; https://www.grinnell.edu/doc/academic-honesty-ai-grinnell,https://www.grinnell.edu/doc/academic-honesty-booklet; https://www.grinnell.edu/doc/academic-honesty-ai-grinnell,https://www.grinnell.edu/academics/centers-programs-resources/center-teaching-learning-assessment/teaching-resources; https://www.grinnell.edu/doc/academic-honesty-ai-grinnell,https://www.grinnell.edu/doc/academic-honesty-ai-grinnell; https://www.grinnell.edu/sites/default/files/docs/2025-07/Grinnell%20Syllabus%20Design%20Guidelines_Version%207_7-14-25.pdf,https://www.grinnell.edu/doc/academic-honesty-booklet; https://www.grinnell.edu/doc/academic-honesty-ai-grinnell,https://www.grinnell.edu/doc/academic-honesty-booklet,https://www.grinnell.edu/doc/academic-honesty-ai-grinnell; https://www.grinnell.edu/doc/academic-honesty-booklet,https://www.grinnell.edu/doc/academic-honesty-ai-grinnell,https://www.grinnell.edu/doc/academic-honesty-ai-grinnell; https://www.grinnell.edu/doc/academic-honesty-booklet,0.9166666666666667,0.625,0.16666666666666666,0.8333333333333333,63.54166666666667,18.0,59.09090909090909,32.5,59.02777777777778,19.5,63.33333333333334,29.0
U72,1.5,0.5,0.5,1.0,0.5,0.3333333333333333,1.0,0.16666666666666666,0.0,0.16666666666666666,0.6666666666666666,0.6666666666666666,Teaching-Oriented/Liberal Arts,-,Midwest,~2k students,Grinnell College,,"- https://www.grinnell.edu/academics/centers-programs-resources/center-teaching-learning-assessment/teaching-resources
- https://www.grinnell.edu/sites/default/files/docs/2025-07/Grinnell%20Syllabus%20Design%20Guidelines_Version%207_7-14-25.pdf",,- https://grinnell.libguides.com/ai_in_library_tools,"- https://www.grinnell.edu/doc/academic-honesty-booklet   
- https://catalog.grinnell.edu/content.php?catoid=38&navoid=6372#honest-academic",,,"- https://www.grinnell.edu/academics/centers-programs-resources/center-teaching-learning-assessment/teaching-resources
- https://www.grinnell.edu/sites/default/files/docs/2025-07/Grinnell%20Syllabus%20Design%20Guidelines_Version%207_7-14-25.pdf
- https://grinnell.libguides.com/ai_in_library_tools
- https://www.grinnell.edu/doc/academic-honesty-booklet
- https://catalog.grinnell.edu/content.php?catoid=38&navoid=6372#honest-academic",https://www.grinnell.edu/doc/academic-honesty-booklet; https://www.grinnell.edu/sites/default/files/docs/2025-07/Grinnell%20Syllabus%20Design%20Guidelines_Version%207_7-14-25.pdf,https://www.grinnell.edu/sites/default/files/docs/2025-07/Grinnell%20Syllabus%20Design%20Guidelines_Version%207_7-14-25.pdf; https://www.grinnell.edu/doc/academic-honesty-booklet,https://www.grinnell.edu/academics/centers-programs-resources/center-teaching-learning-assessment/teaching-resources; https://www.grinnell.edu/sites/default/files/docs/2025-07/Grinnell%20Syllabus%20Design%20Guidelines_Version%207_7-14-25.pdf,https://www.grinnell.edu/sites/default/files/docs/2025-07/Grinnell%20Syllabus%20Design%20Guidelines_Version%207_7-14-25.pdf,https://www.grinnell.edu/sites/default/files/docs/2025-07/Grinnell%20Syllabus%20Design%20Guidelines_Version%207_7-14-25.pdf,https://www.grinnell.edu/sites/default/files/docs/2025-07/Grinnell%20Syllabus%20Design%20Guidelines_Version%207_7-14-25.pdf,https://www.grinnell.edu/sites/default/files/docs/2025-07/Grinnell%20Syllabus%20Design%20Guidelines_Version%207_7-14-25.pdf,https://www.grinnell.edu/academics/centers-programs-resources/center-teaching-learning-assessment/teaching-resources; https://www.grinnell.edu/sites/default/files/docs/2025-07/Grinnell%20Syllabus%20Design%20Guidelines_Version%207_7-14-25.pdf; https://www.grinnell.edu/doc/academic-honesty-booklet,https://www.grinnell.edu/sites/default/files/docs/2025-07/Grinnell%20Syllabus%20Design%20Guidelines_Version%207_7-14-25.pdf; https://www.grinnell.edu/doc/academic-honesty-booklet,https://www.grinnell.edu/sites/default/files/docs/2025-07/Grinnell%20Syllabus%20Design%20Guidelines_Version%207_7-14-25.pdf; https://www.grinnell.edu/doc/academic-honesty-booklet,https://www.grinnell.edu/doc/academic-honesty-booklet,0.5,0.7083333333333333,0.1111111111111111,0.6666666666666666,49.65277777777778,41.0,49.99999999999999,45.5,46.06481481481481,38.0,53.888888888888886,42.0
U73,0.5,1.0,0.5,1.0,1.0,0.6666666666666666,0.8333333333333334,1.0,0.6666666666666666,0.5,0.16666666666666666,0.0,Teaching-Oriented/Liberal Arts,-,Midwest,~2k students,Carleton College,"- https://www.carleton.edu/ai/policies/ 
- https://www.carleton.edu/its/services/generative-ai/",,- https://www.carleton.edu/ai/,- https://gouldguides.carleton.edu/c.php?g=146832&p=10719071,- https://www.carleton.edu/writing/plagiarism/plagiarism-and-ai/,- https://www.carleton.edu/ai/ai-coordinating-team/,- https://www.carleton.edu/writing/resources-for-faculty/working-with-ai/,"- https://www.carleton.edu/ai/policies/
- https://www.carleton.edu/its/services/generative-ai/
- https://www.carleton.edu/ai/
- https://gouldguides.carleton.edu/c.php?g=146832&p=10719071
- https://www.carleton.edu/writing/plagiarism/plagiarism-and-ai/
- https://www.carleton.edu/ai/ai-coordinating-team/
- https://www.carleton.edu/writing/resources-for-faculty/working-with-ai/",https://www.carleton.edu/its/services/generative-ai/; https://www.carleton.edu/writing/plagiarism/plagiarism-and-ai/,https://www.carleton.edu/writing/resources-for-faculty/working-with-ai/ai-course-policies/; https://www.carleton.edu/writing/plagiarism/plagiarism-and-ai/,https://www.carleton.edu/writing/resources-for-faculty/working-with-ai/; https://www.carleton.edu/its/services/generative-ai/,https://www.carleton.edu/its/services/generative-ai/; https://www.carleton.edu/writing/resources-for-faculty/working-with-ai/incorporating-ai-tools/; https://www.carleton.edu/writing/plagiarism/plagiarism-and-ai/,https://www.carleton.edu/writing/resources-for-faculty/working-with-ai/,https://www.carleton.edu/writing/resources-for-faculty/working-with-ai/ai-course-policies/,https://www.carleton.edu/ai/ai-coordinating-team/,https://www.carleton.edu/ai/ai-coordinating-team/,https://www.carleton.edu/ai/policies/,https://www.carleton.edu/writing/resources-for-faculty/working-with-ai/ai-course-policies/,https://www.carleton.edu/ai/policies/; https://www.carleton.edu/writing/plagiarism/plagiarism-and-ai/; https://www.carleton.edu/writing/resources-for-faculty/working-with-ai/ai-course-policies/,0.75,0.875,0.7222222222222222,0.08333333333333333,60.76388888888889,22.0,66.66666666666666,21.0,53.93518518518518,27.0,66.11111111111111,25.0
U73,1.0,1.0,0.5,1.0,1.0,0.8333333333333334,0.8333333333333334,1.0,1.0,0.6666666666666666,0.16666666666666666,0.16666666666666666,Teaching-Oriented/Liberal Arts,-,Midwest,~2k students,Carleton College,"- https://www.carleton.edu/ai/policies/ 
- https://www.carleton.edu/its/services/generative-ai/",,- https://www.carleton.edu/ai/,- https://gouldguides.carleton.edu/c.php?g=146832&p=10719071,- https://www.carleton.edu/writing/plagiarism/plagiarism-and-ai/,- https://www.carleton.edu/ai/ai-coordinating-team/,- https://www.carleton.edu/writing/resources-for-faculty/working-with-ai/,"- https://www.carleton.edu/ai/policies/
- https://www.carleton.edu/its/services/generative-ai/
- https://www.carleton.edu/ai/
- https://gouldguides.carleton.edu/c.php?g=146832&p=10719071
- https://www.carleton.edu/writing/plagiarism/plagiarism-and-ai/
- https://www.carleton.edu/ai/ai-coordinating-team/
- https://www.carleton.edu/writing/resources-for-faculty/working-with-ai/",https://www.carleton.edu/its/services/generative-ai/; https://www.carleton.edu/writing/plagiarism/plagiarism-and-ai/,https://www.carleton.edu/writing/resources-for-faculty/working-with-ai/ai-course-policies/,https://www.carleton.edu/writing/resources-for-faculty/working-with-ai/; https://www.carleton.edu/writing/resources-for-faculty/working-with-ai/ai-course-policies/; https://www.carleton.edu/its/services/generative-ai/,https://www.carleton.edu/its/services/generative-ai/; https://www.carleton.edu/writing/plagiarism/plagiarism-and-ai/; https://www.carleton.edu/writing/resources-for-faculty/working-with-ai/incorporating-ai-tools/,https://www.carleton.edu/ai/ai-coordinating-team/,https://www.carleton.edu/writing/resources-for-faculty/working-with-ai/ai-course-policies/,https://www.carleton.edu/ai/ai-coordinating-team/,https://www.carleton.edu/ai/ai-coordinating-team/,https://www.carleton.edu/ai/policies/,https://www.carleton.edu/ai/policies/; https://www.carleton.edu/its/services/generative-ai/; https://www.carleton.edu/writing/plagiarism/plagiarism-and-ai/; https://www.carleton.edu/writing/resources-for-faculty/working-with-ai/ai-course-policies/,https://www.carleton.edu/ai/policies/; https://www.carleton.edu/writing/plagiarism/plagiarism-and-ai/; https://www.carleton.edu/writing/resources-for-faculty/working-with-ai/ai-course-policies/,0.75,0.9166666666666667,0.8888888888888888,0.16666666666666666,68.05555555555554,10.0,74.24242424242425,6.5,62.96296296296296,10.0,72.77777777777777,11.5
U73,1.5,0.8333333333333334,0.5,1.0,1.0,0.6666666666666666,0.6666666666666666,1.0,0.5,0.5,0.16666666666666666,0.0,Teaching-Oriented/Liberal Arts,-,Midwest,~2k students,Carleton College,"- https://www.carleton.edu/ai/policies/ 
- https://www.carleton.edu/its/services/generative-ai/",,- https://www.carleton.edu/ai/,- https://gouldguides.carleton.edu/c.php?g=146832&p=10719071,- https://www.carleton.edu/writing/plagiarism/plagiarism-and-ai/,- https://www.carleton.edu/ai/ai-coordinating-team/,- https://www.carleton.edu/writing/resources-for-faculty/working-with-ai/,"- https://www.carleton.edu/ai/policies/
- https://www.carleton.edu/its/services/generative-ai/
- https://www.carleton.edu/ai/
- https://gouldguides.carleton.edu/c.php?g=146832&p=10719071
- https://www.carleton.edu/writing/plagiarism/plagiarism-and-ai/
- https://www.carleton.edu/ai/ai-coordinating-team/
- https://www.carleton.edu/writing/resources-for-faculty/working-with-ai/",https://www.carleton.edu/writing/plagiarism/plagiarism-and-ai/; https://www.carleton.edu/its/services/generative-ai/,https://www.carleton.edu/writing/resources-for-faculty/working-with-ai/ai-course-policies/,https://www.carleton.edu/writing/resources-for-faculty/working-with-ai/; https://www.carleton.edu/its/services/generative-ai/,https://www.carleton.edu/its/services/generative-ai/; https://www.carleton.edu/writing/plagiarism/plagiarism-and-ai/,https://www.carleton.edu/writing/resources-for-faculty/working-with-ai/,https://www.carleton.edu/writing/resources-for-faculty/working-with-ai/ai-course-policies/,https://www.carleton.edu/ai/ai-coordinating-team/; https://www.carleton.edu/ai/policies/,https://www.carleton.edu/ai/ai-coordinating-team/,https://www.carleton.edu/ai/policies/,https://www.carleton.edu/ai/policies/; https://www.carleton.edu/its/services/generative-ai/; https://www.carleton.edu/writing/plagiarism/plagiarism-and-ai/; https://www.carleton.edu/writing/resources-for-faculty/working-with-ai/; https://www.carleton.edu/writing/resources-for-faculty/working-with-ai/ai-course-policies/,https://www.carleton.edu/ai/policies/; https://www.carleton.edu/writing/plagiarism/plagiarism-and-ai/; https://www.carleton.edu/writing/resources-for-faculty/working-with-ai/ai-course-policies/,0.6666666666666667,0.8333333333333333,0.6666666666666666,0.08333333333333333,56.25,30.0,62.121212121212125,23.5,49.99999999999999,32.0,61.66666666666666,29.0
U74,0.5,0.0,0.0,0.0,0.0,0.0,0.0,0.0,0.0,0.0,0.0,0.0,Teaching-Oriented/Liberal Arts,-,Midwest,~1k students,Beloit College,,,- None,- https://guides.beloit.edu/c.php?g=1340175 ,,,,"- None
- https://guides.beloit.edu/c.php?g=1340175",https://guides.beloit.edu/c.php?g=1340175,https://guides.beloit.edu/c.php?g=1340175,https://guides.beloit.edu/c.php?g=1340175,https://guides.beloit.edu/c.php?g=1340175,https://guides.beloit.edu/c.php?g=1340175,https://guides.beloit.edu/c.php?g=1340175,https://guides.beloit.edu/c.php?g=1340175,https://guides.beloit.edu/c.php?g=1340175,https://guides.beloit.edu/c.php?g=1340175,https://guides.beloit.edu/c.php?g=1340175,https://guides.beloit.edu/c.php?g=1340175,0.0,0.0,0.0,0.0,0.0,77.0,0.0,77.0,0.0,77.0,0.0,77.0
U74,1.0,0.0,0.0,0.0,0.0,0.0,0.0,0.0,0.0,0.0,0.0,0.0,Teaching-Oriented/Liberal Arts,-,Midwest,~1k students,Beloit College,,,- None,- https://guides.beloit.edu/c.php?g=1340175 ,,,,"- None
- https://guides.beloit.edu/c.php?g=1340175",https://guides.beloit.edu/c.php?g=1340175,https://guides.beloit.edu/c.php?g=1340175,https://guides.beloit.edu/c.php?g=1340175,https://guides.beloit.edu/c.php?g=1340175,https://guides.beloit.edu/c.php?g=1340175,https://guides.beloit.edu/c.php?g=1340175,https://guides.beloit.edu/c.php?g=1340175,https://guides.beloit.edu/c.php?g=1340175,https://guides.beloit.edu/c.php?g=1340175,https://guides.beloit.edu/c.php?g=1340175,https://guides.beloit.edu/c.php?g=1340175,0.0,0.0,0.0,0.0,0.0,77.5,0.0,77.5,0.0,77.5,0.0,77.5
U74,1.5,0.0,0.0,0.0,0.0,0.0,0.0,0.0,0.0,0.0,0.0,0.0,Teaching-Oriented/Liberal Arts,-,Midwest,~1k students,Beloit College,,,- None,- https://guides.beloit.edu/c.php?g=1340175 ,,,,"- None
- https://guides.beloit.edu/c.php?g=1340175",https://guides.beloit.edu/c.php?g=1340175,https://guides.beloit.edu/c.php?g=1340175,https://guides.beloit.edu/c.php?g=1340175,https://guides.beloit.edu/c.php?g=1340175,https://guides.beloit.edu/c.php?g=1340175,https://guides.beloit.edu/c.php?g=1340175,https://guides.beloit.edu/c.php?g=1340175,https://guides.beloit.edu/c.php?g=1340175,https://guides.beloit.edu/c.php?g=1340175,https://guides.beloit.edu/c.php?g=1340175,https://guides.beloit.edu/c.php?g=1340175,0.0,0.0,0.0,0.0,0.0,78.0,0.0,78.0,0.0,78.0,0.0,78.0
U75,0.5,0.6666666666666666,1.0,0.0,1.0,0.5,0.0,0.0,0.0,0.0,0.0,0.0,Teaching-Oriented/Liberal Arts,-,Midwest,~2k students,Lake Forest College,"- https://www.lakeforest.edu/its/policies
- https://www.lakeforest.edu/academic-resources/writing-center/ai-use-and-resources/ai-resources-for-students",,,,,,"- https://www.lakeforest.edu/academics/majors-and-minors/artificial-intelligence   
- https://www.lakeforest.edu/academics/human-grant","- https://www.lakeforest.edu/its/policies
- https://www.lakeforest.edu/academic-resources/writing-center/ai-use-and-resources/ai-resources-for-students
- https://www.lakeforest.edu/academics/majors-and-minors/artificial-intelligence
- https://www.lakeforest.edu/academics/human-grant",https://www.lakeforest.edu/academic-resources/writing-center/ai-use-and-resources/ai-resources-for-students,https://www.lakeforest.edu/academic-resources/writing-center/ai-use-and-resources/ai-resources-for-students,https://www.lakeforest.edu/academic-resources/writing-center/ai-use-and-resources/ai-resources-for-students; https://www.lakeforest.edu/academic-resources/writing-center/ai-use-and-resources/ai-resources-for-faculty; https://www.lakeforest.edu/academic-resources/writing-center/ai-use-and-resources/ai-resources-for-tutors,https://www.lakeforest.edu/academic-resources/writing-center/ai-use-and-resources/ai-resources-for-students,https://www.lakeforest.edu/academics/human-grant,https://www.lakeforest.edu/academic-resources/writing-center/ai-use-and-resources/ai-resources-for-students; https://www.lakeforest.edu/academic-resources/writing-center/ai-use-and-resources/ai-resources-for-faculty,https://www.lakeforest.edu/its/policies/ai-and-llm-use-policy; https://www.lakeforest.edu/its/policies,https://www.lakeforest.edu/its/policies; https://www.lakeforest.edu/academic-resources/writing-center/ai-use-and-resources/ai-resources-for-students; https://www.lakeforest.edu/academics/majors-and-minors/artificial-intelligence; https://www.lakeforest.edu/academics/human-grant,https://www.lakeforest.edu/its/policies/ai-and-llm-use-policy; https://www.lakeforest.edu/its/policies,https://www.lakeforest.edu/academic-resources/writing-center/ai-use-and-resources/ai-resources-for-students; https://www.lakeforest.edu/its/policies/ai-and-llm-use-policy,https://www.lakeforest.edu/academic-resources/writing-center/ai-use-and-resources/ai-resources-for-students; https://www.lakeforest.edu/its/policies/ai-and-llm-use-policy,0.8333333333333333,0.375,0.0,0.0,30.208333333333332,66.0,28.787878787878785,66.0,20.138888888888886,68.0,31.666666666666664,66.0
U75,1.0,0.6666666666666666,0.8333333333333334,0.16666666666666666,1.0,0.0,0.16666666666666666,0.0,0.0,0.16666666666666666,0.0,0.0,Teaching-Oriented/Liberal Arts,-,Midwest,~2k students,Lake Forest College,"- https://www.lakeforest.edu/its/policies
- https://www.lakeforest.edu/academic-resources/writing-center/ai-use-and-resources/ai-resources-for-students",,,,,,"- https://www.lakeforest.edu/academics/majors-and-minors/artificial-intelligence   
- https://www.lakeforest.edu/academics/human-grant","- https://www.lakeforest.edu/its/policies
- https://www.lakeforest.edu/academic-resources/writing-center/ai-use-and-resources/ai-resources-for-students
- https://www.lakeforest.edu/academics/majors-and-minors/artificial-intelligence
- https://www.lakeforest.edu/academics/human-grant",https://www.lakeforest.edu/academic-resources/writing-center/ai-use-and-resources/ai-resources-for-students,https://www.lakeforest.edu/academic-resources/writing-center/ai-use-and-resources/ai-resources-for-students,https://www.lakeforest.edu/academic-resources/writing-center/ai-use-and-resources/ai-resources-for-students,https://www.lakeforest.edu/academic-resources/writing-center/ai-use-and-resources/ai-resources-for-students,https://www.lakeforest.edu/academic-resources/writing-center/ai-use-and-resources/ai-resources-for-students; https://www.lakeforest.edu/academics/majors-and-minors/artificial-intelligence; https://www.lakeforest.edu/academics/human-grant; https://www.lakeforest.edu/its/policies,https://www.lakeforest.edu/academic-resources/writing-center/ai-use-and-resources/ai-resources-for-students; https://www.lakeforest.edu/its/policies,https://www.lakeforest.edu/its/policies; https://www.lakeforest.edu/academics/majors-and-minors/artificial-intelligence; https://www.lakeforest.edu/academics/human-grant; https://www.lakeforest.edu/academic-resources/writing-center/ai-use-and-resources/ai-resources-for-students,https://www.lakeforest.edu/its/policies; https://www.lakeforest.edu/academics/majors-and-minors/artificial-intelligence; https://www.lakeforest.edu/academics/human-grant; https://www.lakeforest.edu/academic-resources/writing-center/ai-use-and-resources/ai-resources-for-students,https://www.lakeforest.edu/academic-resources/writing-center/ai-use-and-resources/ai-resources-for-students,https://www.lakeforest.edu/academic-resources/writing-center/ai-use-and-resources/ai-resources-for-students; https://www.lakeforest.edu/its/policies,https://www.lakeforest.edu/academic-resources/writing-center/ai-use-and-resources/ai-resources-for-students; https://www.lakeforest.edu/its/policies,0.75,0.33333333333333337,0.05555555555555555,0.0,28.472222222222225,64.5,27.27272727272727,66.0,19.90740740740741,65.5,29.444444444444446,66.0
U75,1.5,0.6666666666666666,1.0,0.0,1.0,0.16666666666666666,0.16666666666666666,0.0,0.16666666666666666,0.5,0.0,0.16666666666666666,Teaching-Oriented/Liberal Arts,-,Midwest,~2k students,Lake Forest College,"- https://www.lakeforest.edu/its/policies
- https://www.lakeforest.edu/academic-resources/writing-center/ai-use-and-resources/ai-resources-for-students",,,,,,"- https://www.lakeforest.edu/academics/majors-and-minors/artificial-intelligence   
- https://www.lakeforest.edu/academics/human-grant","- https://www.lakeforest.edu/its/policies
- https://www.lakeforest.edu/academic-resources/writing-center/ai-use-and-resources/ai-resources-for-students
- https://www.lakeforest.edu/academics/majors-and-minors/artificial-intelligence
- https://www.lakeforest.edu/academics/human-grant",https://www.lakeforest.edu/academic-resources/writing-center/ai-use-and-resources/ai-resources-for-students,https://www.lakeforest.edu/academic-resources/writing-center/ai-use-and-resources; https://www.lakeforest.edu/academic-resources/writing-center/ai-use-and-resources/ai-resources-for-students,https://www.lakeforest.edu/academic-resources/writing-center/ai-use-and-resources; https://www.lakeforest.edu/academic-resources/writing-center/ai-use-and-resources/ai-resources-for-faculty,https://www.lakeforest.edu/academic-resources/writing-center/ai-use-and-resources/ai-resources-for-students,https://www.lakeforest.edu/academics/human-grant,https://www.lakeforest.edu/academic-resources/writing-center/ai-use-and-resources/ai-resources-for-faculty; https://www.lakeforest.edu/academic-resources/writing-center/ai-use-and-resources/ai-use-and-resources,https://www.lakeforest.edu/its/policies/ai-and-llm-use-policy; https://www.lakeforest.edu/its/policies,https://www.lakeforest.edu/its/policies; https://www.lakeforest.edu/academic-resources/writing-center/ai-use-and-resources/ai-resources-for-students; https://www.lakeforest.edu/academics/majors-and-minors/artificial-intelligence; https://www.lakeforest.edu/academics/human-grant,https://www.lakeforest.edu/its/policies; https://www.lakeforest.edu/academic-resources/writing-center/ai-use-and-resources/ai-resources-for-students,https://www.lakeforest.edu/academic-resources/writing-center/ai-use-and-resources/ai-resources-for-students; https://www.lakeforest.edu/its/policies,https://www.lakeforest.edu/academic-resources/writing-center/ai-use-and-resources/ai-resources-for-students; https://www.lakeforest.edu/its/policies,0.8333333333333333,0.33333333333333337,0.2222222222222222,0.08333333333333333,36.80555555555555,62.0,34.848484848484844,65.0,29.629629629629626,60.0,36.11111111111111,65.0
U76,0.5,1.0,0.6666666666666666,1.0,0.6666666666666666,0.5,0.5,0.16666666666666666,0.0,0.5,0.0,0.0,Teaching-Oriented/Liberal Arts,-,Northeast,~2k students,Colby College,"- https://life.colby.edu/your-safety/community-values-conflict-resolution-and-restorative-practice/student-handbook/   
- https://docs.google.com/document/d/1YEzjDQjBBcs0mVumcDlALn6I248ZzyAnmXaRQajy3IE/edit?tab=t.0#heading=h.1fjrc1sqdrqn","- https://www.colby.edu/center-for-teaching-and-learning/resources/
- https://sites.google.com/colby.edu/explore-ai/teach-with-ai
- https://sites.google.com/colby.edu/explore-ai/ 
- https://docs.google.com/document/d/1Ti2TXYoe4PbjjYWwgoJvZRU5rK_7HSl6d8iK-3-2TMg/edit?tab=t.0","- https://sites.google.com/colby.edu/explore-ai
- https://davisinstituteai.colby.edu/",- https://libguides.colby.edu/ai,- https://life.colby.edu/your-safety/community-values-conflict-resolution-and-restorative-practice/student-handbook/,,- https://www.colby.edu/people/offices-directory/farnham-writers-center/fwc-ai-guidelines/ ,"- https://life.colby.edu/your-safety/community-values-conflict-resolution-and-restorative-practice/student-handbook/
- https://docs.google.com/document/d/1YEzjDQjBBcs0mVumcDlALn6I248ZzyAnmXaRQajy3IE/edit?tab=t.0#heading=h.1fjrc1sqdrqn
- https://www.colby.edu/center-for-teaching-and-learning/resources/
- https://sites.google.com/colby.edu/explore-ai/teach-with-ai
- https://sites.google.com/colby.edu/explore-ai/
- https://docs.google.com/document/d/1Ti2TXYoe4PbjjYWwgoJvZRU5rK_7HSl6d8iK-3-2TMg/edit?tab=t.0
- https://sites.google.com/colby.edu/explore-ai
- https://davisinstituteai.colby.edu/
- https://libguides.colby.edu/ai
- https://www.colby.edu/people/offices-directory/farnham-writers-center/fwc-ai-guidelines/",https://sites.google.com/colby.edu/explore-ai,https://www.colby.edu/people/offices-directory/farnham-writers-center/fwc-ai-guidelines/,https://www.colby.edu/center-for-teaching-and-learning/resources/; https://sites.google.com/colby.edu/explore-ai/teach-with-ai,https://sites.google.com/colby.edu/explore-ai/teach-with-ai,https://sites.google.com/colby.edu/explore-ai/teach-with-ai,https://sites.google.com/colby.edu/explore-ai/teach-with-ai,https://sites.google.com/colby.edu/explore-ai; https://sites.google.com/colby.edu/explore-ai/institutional-documentation,https://sites.google.com/colby.edu/explore-ai; https://life.colby.edu/your-safety/community-values-conflict-resolution-and-restorative-practice/student-handbook/,https://sites.google.com/colby.edu/explore-ai,https://sites.google.com/colby.edu/explore-ai/teach-with-ai; https://life.colby.edu/your-safety/community-values-conflict-resolution-and-restorative-practice/student-handbook/,https://life.colby.edu/your-safety/community-values-conflict-resolution-and-restorative-practice/student-handbook/,0.8333333333333333,0.6666666666666666,0.2222222222222222,0.0,43.05555555555556,52.0,45.45454545454545,53.5,32.407407407407405,58.0,47.77777777777777,53.0
U76,1.0,0.6666666666666666,0.6666666666666666,1.0,0.5,0.5,0.5,0.0,0.0,0.5,0.0,0.0,Teaching-Oriented/Liberal Arts,-,Northeast,~2k students,Colby College,"- https://life.colby.edu/your-safety/community-values-conflict-resolution-and-restorative-practice/student-handbook/   
- https://docs.google.com/document/d/1YEzjDQjBBcs0mVumcDlALn6I248ZzyAnmXaRQajy3IE/edit?tab=t.0#heading=h.1fjrc1sqdrqn","- https://www.colby.edu/center-for-teaching-and-learning/resources/
- https://sites.google.com/colby.edu/explore-ai/teach-with-ai
- https://sites.google.com/colby.edu/explore-ai/ 
- https://docs.google.com/document/d/1Ti2TXYoe4PbjjYWwgoJvZRU5rK_7HSl6d8iK-3-2TMg/edit?tab=t.0","- https://sites.google.com/colby.edu/explore-ai
- https://davisinstituteai.colby.edu/",- https://libguides.colby.edu/ai,- https://life.colby.edu/your-safety/community-values-conflict-resolution-and-restorative-practice/student-handbook/,,- https://www.colby.edu/people/offices-directory/farnham-writers-center/fwc-ai-guidelines/ ,"- https://life.colby.edu/your-safety/community-values-conflict-resolution-and-restorative-practice/student-handbook/
- https://docs.google.com/document/d/1YEzjDQjBBcs0mVumcDlALn6I248ZzyAnmXaRQajy3IE/edit?tab=t.0#heading=h.1fjrc1sqdrqn
- https://www.colby.edu/center-for-teaching-and-learning/resources/
- https://sites.google.com/colby.edu/explore-ai/teach-with-ai
- https://sites.google.com/colby.edu/explore-ai/
- https://docs.google.com/document/d/1Ti2TXYoe4PbjjYWwgoJvZRU5rK_7HSl6d8iK-3-2TMg/edit?tab=t.0
- https://sites.google.com/colby.edu/explore-ai
- https://davisinstituteai.colby.edu/
- https://libguides.colby.edu/ai
- https://www.colby.edu/people/offices-directory/farnham-writers-center/fwc-ai-guidelines/",https://sites.google.com/colby.edu/explore-ai/,https://www.colby.edu/people/offices-directory/farnham-writers-center/fwc-ai-guidelines/,https://www.colby.edu/center-for-teaching-and-learning/resources/; https://sites.google.com/colby.edu/explore-ai/teach-with-ai,https://sites.google.com/colby.edu/explore-ai/teach-with-ai,https://sites.google.com/colby.edu/explore-ai/teach-with-ai,https://sites.google.com/colby.edu/explore-ai/teach-with-ai,https://sites.google.com/colby.edu/explore-ai/institutional-documentation; https://davisinstituteai.colby.edu/,https://sites.google.com/colby.edu/explore-ai/institutional-documentation; https://davisinstituteai.colby.edu/,https://sites.google.com/colby.edu/explore-ai/institutional-documentation,https://life.colby.edu/your-safety/community-values-conflict-resolution-and-restorative-practice/student-handbook/; https://sites.google.com/colby.edu/explore-ai/teach-with-ai,https://life.colby.edu/your-safety/community-values-conflict-resolution-and-restorative-practice/student-handbook/,0.6666666666666666,0.625,0.16666666666666666,0.0,36.45833333333333,60.0,39.39393939393939,60.0,27.083333333333332,62.0,41.666666666666664,60.0
U76,1.5,0.5,0.3333333333333333,1.0,0.5,0.5,0.5,0.5,0.3333333333333333,0.16666666666666666,0.0,0.0,Teaching-Oriented/Liberal Arts,-,Northeast,~2k students,Colby College,"- https://life.colby.edu/your-safety/community-values-conflict-resolution-and-restorative-practice/student-handbook/   
- https://docs.google.com/document/d/1YEzjDQjBBcs0mVumcDlALn6I248ZzyAnmXaRQajy3IE/edit?tab=t.0#heading=h.1fjrc1sqdrqn","- https://www.colby.edu/center-for-teaching-and-learning/resources/
- https://sites.google.com/colby.edu/explore-ai/teach-with-ai
- https://sites.google.com/colby.edu/explore-ai/ 
- https://docs.google.com/document/d/1Ti2TXYoe4PbjjYWwgoJvZRU5rK_7HSl6d8iK-3-2TMg/edit?tab=t.0","- https://sites.google.com/colby.edu/explore-ai
- https://davisinstituteai.colby.edu/",- https://libguides.colby.edu/ai,- https://life.colby.edu/your-safety/community-values-conflict-resolution-and-restorative-practice/student-handbook/,,- https://www.colby.edu/people/offices-directory/farnham-writers-center/fwc-ai-guidelines/ ,"- https://life.colby.edu/your-safety/community-values-conflict-resolution-and-restorative-practice/student-handbook/
- https://docs.google.com/document/d/1YEzjDQjBBcs0mVumcDlALn6I248ZzyAnmXaRQajy3IE/edit?tab=t.0#heading=h.1fjrc1sqdrqn
- https://www.colby.edu/center-for-teaching-and-learning/resources/
- https://sites.google.com/colby.edu/explore-ai/teach-with-ai
- https://sites.google.com/colby.edu/explore-ai/
- https://docs.google.com/document/d/1Ti2TXYoe4PbjjYWwgoJvZRU5rK_7HSl6d8iK-3-2TMg/edit?tab=t.0
- https://sites.google.com/colby.edu/explore-ai
- https://davisinstituteai.colby.edu/
- https://libguides.colby.edu/ai
- https://www.colby.edu/people/offices-directory/farnham-writers-center/fwc-ai-guidelines/",https://sites.google.com/colby.edu/explore-ai/teach-with-ai; https://sites.google.com/colby.edu/explore-ai/institutional-documentation; https://www.colby.edu/center-for-teaching-and-learning/resources/,https://sites.google.com/colby.edu/explore-ai/teach-with-ai; https://www.colby.edu/center-for-teaching-and-learning/resources/; https://www.colby.edu/academics/academic-integrity/faq/,https://sites.google.com/colby.edu/explore-ai/teach-with-ai; https://www.colby.edu/center-for-teaching-and-learning/resources/; https://sites.google.com/colby.edu/explore-ai/,https://sites.google.com/colby.edu/explore-ai/teach-with-ai,https://www.colby.edu/academics/academic-integrity/faq/; https://sites.google.com/colby.edu/explore-ai/teach-with-ai,https://www.colby.edu/center-for-teaching-and-learning/resources/; https://sites.google.com/colby.edu/explore-ai/teach-with-ai,https://sites.google.com/colby.edu/explore-ai/institutional-documentation,https://www.colby.edu/academics/academic-integrity/faq/,https://sites.google.com/colby.edu/explore-ai/institutional-documentation; https://life.colby.edu/your-safety/community-values-conflict-resolution-and-restorative-practice/student-handbook/,https://www.colby.edu/academics/academic-integrity/faq/; https://sites.google.com/colby.edu/explore-ai/teach-with-ai; https://life.colby.edu/your-safety/community-values-conflict-resolution-and-restorative-practice/student-handbook/,https://www.colby.edu/academics/academic-integrity/faq/; https://life.colby.edu/your-safety/community-values-conflict-resolution-and-restorative-practice/student-handbook/,0.41666666666666663,0.625,0.3333333333333333,0.0,34.37499999999999,64.0,39.39393939393939,61.5,28.472222222222214,62.0,40.0,64.0
U77,0.5,0.5,0.5,1.0,0.6666666666666666,0.0,0.5,0.16666666666666666,0.0,0.6666666666666666,0.5,0.6666666666666666,Teaching-Oriented/Liberal Arts,-,Northeast,~3k students,Wesleyan University,- https://www.wesleyan.edu/its/policies/Generative%20AI%20Policy.html ,- https://www.wesleyan.edu/cfcd/Generative%20AI%20Statement.html,,- https://libguides.wesleyan.edu/chatgpt   ,- https://www.wesleyan.edu/studentaffairs/studenthandbook/honor-code.html   ,,,"- https://www.wesleyan.edu/its/policies/Generative%20AI%20Policy.html
- https://www.wesleyan.edu/cfcd/Generative%20AI%20Statement.html
- https://libguides.wesleyan.edu/chatgpt
- https://www.wesleyan.edu/studentaffairs/studenthandbook/honor-code.html",https://www.wesleyan.edu/its/policies/Generative%20AI%20Policy.html; https://www.wesleyan.edu/cfcd/Generative%20AI%20Statement.html,https://www.wesleyan.edu/studentaffairs/studenthandbook/honor-code.html; https://www.wesleyan.edu/cfcd/Generative%20AI%20Statement.html; https://libguides.wesleyan.edu/chatgpt,https://www.wesleyan.edu/cfcd/Generative%20AI%20Statement.html; https://www.wesleyan.edu/its/policies/Generative%20AI%20Policy.html,https://www.wesleyan.edu/cfcd/Generative%20AI%20Statement.html; https://www.wesleyan.edu/its/policies/Generative%20AI%20Policy.html; https://www.wesleyan.edu/studentaffairs/studenthandbook/honor-code.html,https://www.wesleyan.edu/cfcd/Generative%20AI%20Statement.html; https://www.wesleyan.edu/its/policies/Generative%20AI%20Policy.html; https://libguides.wesleyan.edu/chatgpt; https://www.wesleyan.edu/studentaffairs/studenthandbook/honor-code.html,https://www.wesleyan.edu/cfcd/Generative%20AI%20Statement.html; https://www.wesleyan.edu/cfcd/syllabus-template.html,https://www.wesleyan.edu/its/policies/Generative%20AI%20Policy.html; https://www.wesleyan.edu/cfcd/Generative%20AI%20Statement.html; https://www.wesleyan.edu/studentaffairs/studenthandbook/honor-code.html; https://libguides.wesleyan.edu/chatgpt,https://www.wesleyan.edu/its/policies/Generative%20AI%20Policy.html; https://www.wesleyan.edu/cfcd/Generative%20AI%20Statement.html; https://www.wesleyan.edu/studentaffairs/studenthandbook/honor-code.html; https://libguides.wesleyan.edu/chatgpt,https://www.wesleyan.edu/its/policies/Generative%20AI%20Policy.html,https://www.wesleyan.edu/cfcd/Generative%20AI%20Statement.html,https://www.wesleyan.edu/cfcd/Generative%20AI%20Statement.html,0.5,0.5416666666666666,0.27777777777777773,0.5833333333333333,47.569444444444436,48.0,46.96969696969697,52.0,46.06481481481481,43.0,48.88888888888888,52.0
U77,1.0,0.5,0.5,0.8333333333333334,0.5,0.0,0.5,0.16666666666666666,0.16666666666666666,0.6666666666666666,0.5,0.5,Teaching-Oriented/Liberal Arts,-,Northeast,~3k students,Wesleyan University,- https://www.wesleyan.edu/its/policies/Generative%20AI%20Policy.html ,- https://www.wesleyan.edu/cfcd/Generative%20AI%20Statement.html,,- https://libguides.wesleyan.edu/chatgpt   ,- https://www.wesleyan.edu/studentaffairs/studenthandbook/honor-code.html   ,,,"- https://www.wesleyan.edu/its/policies/Generative%20AI%20Policy.html
- https://www.wesleyan.edu/cfcd/Generative%20AI%20Statement.html
- https://libguides.wesleyan.edu/chatgpt
- https://www.wesleyan.edu/studentaffairs/studenthandbook/honor-code.html",https://www.wesleyan.edu/its/policies/Generative%20AI%20Policy.html; https://www.wesleyan.edu/studentaffairs/studenthandbook/honor-code.html,https://www.wesleyan.edu/studentaffairs/studenthandbook/honor-code.html; https://www.wesleyan.edu/cfcd/Generative%20AI%20Statement.html,https://www.wesleyan.edu/cfcd/Generative%20AI%20Statement.html,https://www.wesleyan.edu/cfcd/Generative%20AI%20Statement.html; https://www.wesleyan.edu/its/policies/Generative%20AI%20Policy.html,https://www.wesleyan.edu/cfcd/Generative%20AI%20Statement.html; https://www.wesleyan.edu/its/policies/Generative%20AI%20Policy.html,https://www.wesleyan.edu/cfcd/syllabus-template.html; https://www.wesleyan.edu/cfcd/Generative%20AI%20Statement.html,https://www.wesleyan.edu/its/policies/Generative%20AI%20Policy.html; https://www.wesleyan.edu/cfcd/Generative%20AI%20Statement.html,https://www.wesleyan.edu/its/policies/Generative%20AI%20Policy.html; https://www.wesleyan.edu/studentaffairs/studenthandbook/honor-code.html,https://www.wesleyan.edu/its/policies/Generative%20AI%20Policy.html,https://www.wesleyan.edu/cfcd/Generative%20AI%20Statement.html,https://www.wesleyan.edu/cfcd/Generative%20AI%20Statement.html,0.5,0.45833333333333337,0.3333333333333333,0.5,44.79166666666667,50.0,43.939393939393945,54.0,43.75,45.0,45.0,54.5
U77,1.5,0.5,0.5,0.8333333333333334,0.6666666666666666,0.0,0.3333333333333333,0.16666666666666666,0.0,0.6666666666666666,0.6666666666666666,0.8333333333333334,Teaching-Oriented/Liberal Arts,-,Northeast,~3k students,Wesleyan University,- https://www.wesleyan.edu/its/policies/Generative%20AI%20Policy.html ,- https://www.wesleyan.edu/cfcd/Generative%20AI%20Statement.html,,- https://libguides.wesleyan.edu/chatgpt   ,- https://www.wesleyan.edu/studentaffairs/studenthandbook/honor-code.html   ,,,"- https://www.wesleyan.edu/its/policies/Generative%20AI%20Policy.html
- https://www.wesleyan.edu/cfcd/Generative%20AI%20Statement.html
- https://libguides.wesleyan.edu/chatgpt
- https://www.wesleyan.edu/studentaffairs/studenthandbook/honor-code.html",https://www.wesleyan.edu/its/policies/Generative%20AI%20Policy.html; https://www.wesleyan.edu/cfcd/Generative%20AI%20Statement.html,https://www.wesleyan.edu/cfcd/Generative%20AI%20Statement.html,https://www.wesleyan.edu/cfcd/Generative%20AI%20Statement.html; https://libguides.wesleyan.edu/chatgpt,https://www.wesleyan.edu/cfcd/Generative%20AI%20Statement.html; https://www.wesleyan.edu/its/policies/Generative%20AI%20Policy.html,https://www.wesleyan.edu/cfcd/Generative%20AI%20Statement.html; https://www.wesleyan.edu/its/policies/Generative%20AI%20Policy.html; https://libguides.wesleyan.edu/chatgpt; https://www.wesleyan.edu/studentaffairs/studenthandbook/honor-code.html,https://www.wesleyan.edu/cfcd/Generative%20AI%20Statement.html; https://www.wesleyan.edu/cfcd/syllabus-template.html,https://www.wesleyan.edu/its/about/governance.html; https://www.wesleyan.edu/its/policies/Generative%20AI%20Policy.html,https://www.wesleyan.edu/studentaffairs/studenthandbook/honor-code.html; https://www.wesleyan.edu/its/policies/Generative%20AI%20Policy.html; https://www.wesleyan.edu/cfcd/Generative%20AI%20Statement.html; https://libguides.wesleyan.edu/chatgpt,https://www.wesleyan.edu/its/policies/Generative%20AI%20Policy.html; https://www.wesleyan.edu/studentaffairs/studenthandbook/honor-code.html,https://www.wesleyan.edu/cfcd/Generative%20AI%20Statement.html,https://www.wesleyan.edu/cfcd/Generative%20AI%20Statement.html,0.5,0.4583333333333333,0.27777777777777773,0.75,49.65277777777777,42.0,46.96969696969697,51.0,50.231481481481474,31.0,48.88888888888888,52.0
U78,0.5,1.0,0.5,1.0,1.0,0.5,1.0,0.0,0.0,0.0,0.16666666666666666,0.16666666666666666,Teaching-Oriented/Liberal Arts,-,Northeast,~3k students,Skidmore College,"- https://leds.domains.skidmore.edu/ethical-considerations-for-ai/ 
- https://leds.domains.skidmore.edu/generative-ai-tools-and-their-uses-for-teaching-learning/",- https://www.skidmore.edu/cltl/pedagogical-resources/gen-ai-pedagogical-resources.php,,,- https://leds.domains.skidmore.edu/sample-ai-syllabi-statements/,,- https://ai.domains.skidmore.edu/   ,"- https://leds.domains.skidmore.edu/ethical-considerations-for-ai/
- https://leds.domains.skidmore.edu/generative-ai-tools-and-their-uses-for-teaching-learning/
- https://www.skidmore.edu/cltl/pedagogical-resources/gen-ai-pedagogical-resources.php
- https://leds.domains.skidmore.edu/sample-ai-syllabi-statements/
- https://ai.domains.skidmore.edu/",https://leds.domains.skidmore.edu/generative-ai-tools-and-their-uses-for-teaching-learning/,https://leds.domains.skidmore.edu/sample-ai-syllabi-statements/,https://leds.domains.skidmore.edu/generative-ai-tools-and-their-uses-for-teaching-learning/; https://www.skidmore.edu/cltl/events/index.php,https://leds.domains.skidmore.edu/generative-ai-tools-and-their-uses-for-teaching-learning/; https://leds.domains.skidmore.edu/sample-ai-syllabi-statements/,https://leds.domains.skidmore.edu/generative-ai-tools-and-their-uses-for-teaching-learning/; https://www.skidmore.edu/cltl/events/index.php,https://leds.domains.skidmore.edu/sample-ai-syllabi-statements/,https://ai.domains.skidmore.edu/; https://leds.domains.skidmore.edu/ethical-considerations-for-ai/; https://leds.domains.skidmore.edu/generative-ai-tools-and-their-uses-for-teaching-learning/; https://www.skidmore.edu/cltl/pedagogical-resources/gen-ai-pedagogical-resources.php; https://leds.domains.skidmore.edu/sample-ai-syllabi-statements/,https://ai.domains.skidmore.edu/; https://leds.domains.skidmore.edu/ethical-considerations-for-ai/; https://leds.domains.skidmore.edu/generative-ai-tools-and-their-uses-for-teaching-learning/; https://www.skidmore.edu/cltl/pedagogical-resources/gen-ai-pedagogical-resources.php; https://leds.domains.skidmore.edu/sample-ai-syllabi-statements/,https://ai.domains.skidmore.edu/; https://leds.domains.skidmore.edu/ethical-considerations-for-ai/; https://leds.domains.skidmore.edu/generative-ai-tools-and-their-uses-for-teaching-learning/; https://www.skidmore.edu/cltl/pedagogical-resources/gen-ai-pedagogical-resources.php; https://leds.domains.skidmore.edu/sample-ai-syllabi-statements/,https://leds.domains.skidmore.edu/ethical-considerations-for-ai/; https://leds.domains.skidmore.edu/generative-ai-tools-and-their-uses-for-teaching-learning/; https://leds.domains.skidmore.edu/sample-ai-syllabi-statements/,https://leds.domains.skidmore.edu/ethical-considerations-for-ai/; https://leds.domains.skidmore.edu/generative-ai-tools-and-their-uses-for-teaching-learning/; https://leds.domains.skidmore.edu/sample-ai-syllabi-statements/,0.75,0.875,0.0,0.16666666666666666,44.79166666666667,51.0,48.48484848484848,51.0,32.63888888888889,56.5,53.333333333333336,49.0
U78,1.0,1.0,0.5,1.0,1.0,0.16666666666666666,1.0,0.16666666666666666,0.0,0.0,0.6666666666666666,0.3333333333333333,Teaching-Oriented/Liberal Arts,-,Northeast,~3k students,Skidmore College,"- https://leds.domains.skidmore.edu/ethical-considerations-for-ai/ 
- https://leds.domains.skidmore.edu/generative-ai-tools-and-their-uses-for-teaching-learning/",- https://www.skidmore.edu/cltl/pedagogical-resources/gen-ai-pedagogical-resources.php,,,- https://leds.domains.skidmore.edu/sample-ai-syllabi-statements/,,- https://ai.domains.skidmore.edu/   ,"- https://leds.domains.skidmore.edu/ethical-considerations-for-ai/
- https://leds.domains.skidmore.edu/generative-ai-tools-and-their-uses-for-teaching-learning/
- https://www.skidmore.edu/cltl/pedagogical-resources/gen-ai-pedagogical-resources.php
- https://leds.domains.skidmore.edu/sample-ai-syllabi-statements/
- https://ai.domains.skidmore.edu/",https://leds.domains.skidmore.edu/generative-ai-tools-and-their-uses-for-teaching-learning/,https://leds.domains.skidmore.edu/sample-ai-syllabi-statements/,https://www.skidmore.edu/cltl/pedagogical-resources/gen-ai-pedagogical-resources.php; https://leds.domains.skidmore.edu/generative-ai-tools-and-their-uses-for-teaching-learning/; https://leds.domains.skidmore.edu/ethical-considerations-for-ai/,https://leds.domains.skidmore.edu/sample-ai-syllabi-statements/; https://leds.domains.skidmore.edu/generative-ai-tools-and-their-uses-for-teaching-learning/,https://ai.domains.skidmore.edu/; https://www.skidmore.edu/cltl/pedagogical-resources/gen-ai-pedagogical-resources.php; https://leds.domains.skidmore.edu/generative-ai-tools-and-their-uses-for-teaching-learning/; https://leds.domains.skidmore.edu/ethical-considerations-for-ai/; https://leds.domains.skidmore.edu/sample-ai-syllabi-statements/,https://leds.domains.skidmore.edu/sample-ai-syllabi-statements/,https://ai.domains.skidmore.edu/; https://www.skidmore.edu/cltl/pedagogical-resources/gen-ai-pedagogical-resources.php; https://leds.domains.skidmore.edu/generative-ai-tools-and-their-uses-for-teaching-learning/; https://leds.domains.skidmore.edu/ethical-considerations-for-ai/; https://leds.domains.skidmore.edu/sample-ai-syllabi-statements/,https://ai.domains.skidmore.edu/; https://www.skidmore.edu/cltl/pedagogical-resources/gen-ai-pedagogical-resources.php; https://leds.domains.skidmore.edu/generative-ai-tools-and-their-uses-for-teaching-learning/; https://leds.domains.skidmore.edu/ethical-considerations-for-ai/; https://leds.domains.skidmore.edu/sample-ai-syllabi-statements/,https://ai.domains.skidmore.edu/; https://leds.domains.skidmore.edu/generative-ai-tools-and-their-uses-for-teaching-learning/; https://leds.domains.skidmore.edu/ethical-considerations-for-ai/; https://www.skidmore.edu/cltl/pedagogical-resources/gen-ai-pedagogical-resources.php,https://leds.domains.skidmore.edu/generative-ai-tools-and-their-uses-for-teaching-learning/,https://leds.domains.skidmore.edu/generative-ai-tools-and-their-uses-for-teaching-learning/,0.75,0.7916666666666666,0.05555555555555555,0.5,52.43055555555556,40.0,53.03030303030303,44.0,44.21296296296296,44.0,57.77777777777777,38.5
U78,1.5,1.0,0.6666666666666666,1.0,1.0,0.0,1.0,0.0,0.0,0.0,0.16666666666666666,0.0,Teaching-Oriented/Liberal Arts,-,Northeast,~3k students,Skidmore College,"- https://leds.domains.skidmore.edu/ethical-considerations-for-ai/ 
- https://leds.domains.skidmore.edu/generative-ai-tools-and-their-uses-for-teaching-learning/",- https://www.skidmore.edu/cltl/pedagogical-resources/gen-ai-pedagogical-resources.php,,,- https://leds.domains.skidmore.edu/sample-ai-syllabi-statements/,,- https://ai.domains.skidmore.edu/   ,"- https://leds.domains.skidmore.edu/ethical-considerations-for-ai/
- https://leds.domains.skidmore.edu/generative-ai-tools-and-their-uses-for-teaching-learning/
- https://www.skidmore.edu/cltl/pedagogical-resources/gen-ai-pedagogical-resources.php
- https://leds.domains.skidmore.edu/sample-ai-syllabi-statements/
- https://ai.domains.skidmore.edu/",https://leds.domains.skidmore.edu/generative-ai-tools-and-their-uses-for-teaching-learning/,https://leds.domains.skidmore.edu/sample-ai-syllabi-statements/,https://www.skidmore.edu/cltl/pedagogical-resources/gen-ai-pedagogical-resources.php; https://leds.domains.skidmore.edu/generative-ai-tools-and-their-uses-for-teaching-learning/; https://leds.domains.skidmore.edu/ethical-considerations-for-ai/,https://leds.domains.skidmore.edu/sample-ai-syllabi-statements/; https://leds.domains.skidmore.edu/generative-ai-tools-and-their-uses-for-teaching-learning/,https://www.skidmore.edu/cltl/pedagogical-resources/gen-ai-pedagogical-resources.php; https://ai.domains.skidmore.edu/; https://leds.domains.skidmore.edu/generative-ai-tools-and-their-uses-for-teaching-learning/; https://leds.domains.skidmore.edu/ethical-considerations-for-ai/,https://leds.domains.skidmore.edu/sample-ai-syllabi-statements/,https://ai.domains.skidmore.edu/; https://leds.domains.skidmore.edu/ethical-considerations-for-ai/; https://www.skidmore.edu/cltl/pedagogical-resources/gen-ai-pedagogical-resources.php,https://ai.domains.skidmore.edu/; https://www.skidmore.edu/cltl/pedagogical-resources/gen-ai-pedagogical-resources.php,https://ai.domains.skidmore.edu/; https://leds.domains.skidmore.edu/ethical-considerations-for-ai/,https://leds.domains.skidmore.edu/sample-ai-syllabi-statements/,https://leds.domains.skidmore.edu/sample-ai-syllabi-statements/; https://www.skidmore.edu/cltl/pedagogical-resources/gen-ai-pedagogical-resources.php,0.8333333333333333,0.75,0.0,0.08333333333333333,41.666666666666664,55.5,43.93939393939394,55.0,29.166666666666668,61.0,48.33333333333333,53.0
U79,0.5,1.0,0.3333333333333333,1.0,0.8333333333333334,1.0,0.5,0.5,0.3333333333333333,0.0,1.0,0.16666666666666666,Teaching-Oriented/Liberal Arts,-,Northeast,~3k students,Lafayette College,- https://citls.lafayette.edu/generative-ai-in-higher-education/  ,"- https://citls.lafayette.edu/teaching-and-generative-ai/   
- https://citls.lafayette.edu/2024/10/28/generative-ai-resources/ ",,,,- https://citls.lafayette.edu/generative-ai/,- https://cwp.lafayette.edu/writing-and-generative-artificial-intelligence/ ,"- https://citls.lafayette.edu/generative-ai-in-higher-education/
- https://citls.lafayette.edu/teaching-and-generative-ai/
- https://citls.lafayette.edu/2024/10/28/generative-ai-resources/
- https://citls.lafayette.edu/generative-ai/
- https://cwp.lafayette.edu/writing-and-generative-artificial-intelligence/",https://citls.lafayette.edu/generative-ai-in-higher-education/; https://cwp.lafayette.edu/writing-and-generative-artificial-intelligence/,https://citls.lafayette.edu/wp-content/uploads/sites/205/2024/04/Infographic-for-Students-Navigating-Generative-AI-1.pdf,https://citls.lafayette.edu/teaching-and-generative-ai/; https://citls.lafayette.edu/2024/10/28/generative-ai-resources/; https://citls.lafayette.edu/generative-ai-in-higher-education/,https://citls.lafayette.edu/generative-ai-in-higher-education/; https://citls.lafayette.edu/wp-content/uploads/sites/205/2024/04/Infographic-for-Students-Navigating-Generative-AI-1.pdf,https://citls.lafayette.edu/generative-ai/; https://citls.lafayette.edu/2024/10/28/generative-ai-resources/,https://citls.lafayette.edu/teaching-and-generative-ai/; https://citls.lafayette.edu/2024/10/28/generative-ai-resources/,https://citls.lafayette.edu/teaching-and-generative-ai/; https://citls.lafayette.edu/2024/10/28/generative-ai-resources/,https://citls.lafayette.edu/teaching-and-generative-ai/; https://citls.lafayette.edu/2024/10/28/generative-ai-resources/,https://citls.lafayette.edu/generative-ai-in-higher-education/; https://citls.lafayette.edu/teaching-and-generative-ai/; https://citls.lafayette.edu/2024/10/28/generative-ai-resources/; https://citls.lafayette.edu/generative-ai/; https://cwp.lafayette.edu/writing-and-generative-artificial-intelligence/,https://cwp.lafayette.edu/writing-and-generative-artificial-intelligence/,https://citls.lafayette.edu/generative-ai-in-higher-education/; https://citls.lafayette.edu/teaching-and-generative-ai/; https://citls.lafayette.edu/2024/10/28/generative-ai-resources/; https://citls.lafayette.edu/generative-ai/; https://cwp.lafayette.edu/writing-and-generative-artificial-intelligence/,0.6666666666666666,0.8333333333333334,0.27777777777777773,0.5833333333333334,59.02777777777778,29.0,60.60606060606061,30.5,53.70370370370371,29.0,63.88888888888889,29.5
U79,1.0,1.0,0.3333333333333333,1.0,0.6666666666666666,1.0,0.5,0.5,0.3333333333333333,0.0,1.0,0.16666666666666666,Teaching-Oriented/Liberal Arts,-,Northeast,~3k students,Lafayette College,- https://citls.lafayette.edu/generative-ai-in-higher-education/  ,"- https://citls.lafayette.edu/teaching-and-generative-ai/   
- https://citls.lafayette.edu/2024/10/28/generative-ai-resources/ ",,,,- https://citls.lafayette.edu/generative-ai/,- https://cwp.lafayette.edu/writing-and-generative-artificial-intelligence/ ,"- https://citls.lafayette.edu/generative-ai-in-higher-education/
- https://citls.lafayette.edu/teaching-and-generative-ai/
- https://citls.lafayette.edu/2024/10/28/generative-ai-resources/
- https://citls.lafayette.edu/generative-ai/
- https://cwp.lafayette.edu/writing-and-generative-artificial-intelligence/",https://citls.lafayette.edu/generative-ai-in-higher-education/; https://cwp.lafayette.edu/writing-and-generative-artificial-intelligence/,https://citls.lafayette.edu/wp-content/uploads/sites/205/2024/04/Infographic-for-Students-Navigating-Generative-AI-1.pdf,https://citls.lafayette.edu/teaching-and-generative-ai/; https://citls.lafayette.edu/2024/10/28/generative-ai-resources/,https://citls.lafayette.edu/generative-ai-in-higher-education/; https://citls.lafayette.edu/fostering-equitable-learning-experiences-in-the-age-of-generative-ai-a-collaborative-approach-between-instructors-and-students/,https://citls.lafayette.edu/generative-ai/,https://citls.lafayette.edu/teaching-and-generative-ai/,https://citls.lafayette.edu/2024/10/28/generative-ai-resources/; https://citls.lafayette.edu/teaching-and-generative-ai/,https://citls.lafayette.edu/2024/10/28/generative-ai-resources/; https://citls.lafayette.edu/fostering-equitable-learning-experiences-in-the-age-of-generative-ai-a-collaborative-approach-between-instructors-and-students/,https://citls.lafayette.edu/generative-ai-in-higher-education/; https://citls.lafayette.edu/teaching-and-generative-ai/; https://citls.lafayette.edu/2024/10/28/generative-ai-resources/; https://citls.lafayette.edu/generative-ai/; https://cwp.lafayette.edu/writing-and-generative-artificial-intelligence/,https://cwp.lafayette.edu/writing-and-generative-artificial-intelligence/,https://citls.lafayette.edu/fostering-equitable-learning-experiences-in-the-age-of-generative-ai-a-collaborative-approach-between-instructors-and-students/,0.6666666666666666,0.7916666666666666,0.27777777777777773,0.5833333333333334,57.98611111111111,30.5,59.09090909090909,32.5,53.00925925925925,30.0,62.22222222222222,32.0
U79,1.5,0.8333333333333334,0.0,1.0,0.6666666666666666,1.0,0.5,0.5,0.0,0.0,1.0,0.0,Teaching-Oriented/Liberal Arts,-,Northeast,~3k students,Lafayette College,- https://citls.lafayette.edu/generative-ai-in-higher-education/  ,"- https://citls.lafayette.edu/teaching-and-generative-ai/   
- https://citls.lafayette.edu/2024/10/28/generative-ai-resources/ ",,,,- https://citls.lafayette.edu/generative-ai/,- https://cwp.lafayette.edu/writing-and-generative-artificial-intelligence/ ,"- https://citls.lafayette.edu/generative-ai-in-higher-education/
- https://citls.lafayette.edu/teaching-and-generative-ai/
- https://citls.lafayette.edu/2024/10/28/generative-ai-resources/
- https://citls.lafayette.edu/generative-ai/
- https://cwp.lafayette.edu/writing-and-generative-artificial-intelligence/",https://citls.lafayette.edu/generative-ai-in-higher-education/; https://cwp.lafayette.edu/writing-and-generative-artificial-intelligence/,https://citls.lafayette.edu/generative-ai-in-higher-education/; https://citls.lafayette.edu/teaching-and-generative-ai/; https://citls.lafayette.edu/2024/10/28/generative-ai-resources/; https://citls.lafayette.edu/generative-ai/; https://cwp.lafayette.edu/writing-and-generative-artificial-intelligence/,https://citls.lafayette.edu/teaching-and-generative-ai/; https://citls.lafayette.edu/2024/10/28/generative-ai-resources/; https://citls.lafayette.edu/generative-ai-in-higher-education/,https://citls.lafayette.edu/generative-ai-in-higher-education/,https://citls.lafayette.edu/generative-ai/,https://citls.lafayette.edu/teaching-and-generative-ai/; https://citls.lafayette.edu/generative-ai-in-higher-education/; https://citls.lafayette.edu/2024/10/28/generative-ai-resources/,https://citls.lafayette.edu/teaching-and-generative-ai/; https://citls.lafayette.edu/2024/10/28/generative-ai-resources/; https://cwp.lafayette.edu/writing-and-generative-artificial-intelligence/,https://citls.lafayette.edu/generative-ai-in-higher-education/; https://citls.lafayette.edu/teaching-and-generative-ai/; https://citls.lafayette.edu/2024/10/28/generative-ai-resources/; https://citls.lafayette.edu/generative-ai/; https://cwp.lafayette.edu/writing-and-generative-artificial-intelligence/,https://citls.lafayette.edu/generative-ai-in-higher-education/; https://citls.lafayette.edu/teaching-and-generative-ai/; https://citls.lafayette.edu/2024/10/28/generative-ai-resources/; https://citls.lafayette.edu/generative-ai/; https://cwp.lafayette.edu/writing-and-generative-artificial-intelligence/,https://cwp.lafayette.edu/writing-and-generative-artificial-intelligence/,https://citls.lafayette.edu/generative-ai-in-higher-education/; https://citls.lafayette.edu/teaching-and-generative-ai/; https://citls.lafayette.edu/2024/10/28/generative-ai-resources/; https://citls.lafayette.edu/generative-ai/; https://cwp.lafayette.edu/writing-and-generative-artificial-intelligence/,0.4166666666666667,0.7916666666666666,0.16666666666666666,0.5,46.875,48.0,50.0,44.0,42.36111111111111,45.0,53.333333333333336,43.0
U8,0.5,0.8333333333333334,0.0,1.0,1.0,0.5,0.0,0.0,0.0,0.3333333333333333,0.0,0.0,Public Research-Oriented,R2,South,~16k students,University of South Alabama,"- https://www.southalabama.edu/departments/compliance/policylibrary/policy.html?doc=5D8D5472-5518-47A9-88C6-6344FD772CD2 
- https://libguides.southalabama.edu/c.php?g=1395847&p=10876813 ","- https://www.southalabama.edu/departments/ilc/minicourses.html  
- https://jagworks.southalabama.edu/southalabama-aialive/   
- https://libguides.southalabama.edu/ai_for_educators ","- https://sites.google.com/southalabama.edu/iaim/   
- https://www.southalabama.edu/departments/research/research-centers/ ",- https://jagworks.southalabama.edu/southalabama-aialive/ ,- https://els-bib.southalabama.edu/departments/ilc/minicourses.html ,,,"- https://www.southalabama.edu/departments/compliance/policylibrary/policy.html?doc=5D8D5472-5518-47A9-88C6-6344FD772CD2
- https://libguides.southalabama.edu/c.php?g=1395847&p=10876813
- https://www.southalabama.edu/departments/ilc/minicourses.html
- https://jagworks.southalabama.edu/southalabama-aialive/
- https://libguides.southalabama.edu/ai_for_educators
- https://sites.google.com/southalabama.edu/iaim/
- https://www.southalabama.edu/departments/research/research-centers/
- https://els-bib.southalabama.edu/departments/ilc/minicourses.html",https://www.southalabama.edu/departments/compliance/policylibrary/policy.html?doc=5D8D5472-5518-47A9-88C6-6344FD772CD2,https://www.southalabama.edu/departments/compliance/policylibrary/policy.html?doc=5D8D5472-5518-47A9-88C6-6344FD772CD2; https://www.southalabama.edu/departments/ilc/minicourses.html; https://jagworks.southalabama.edu/southalabama-aialive/; https://sites.google.com/southalabama.edu/iaim/,https://www.southalabama.edu/departments/ilc/minicourses.html; https://jagworks.southalabama.edu/southalabama-aialive/,https://www.southalabama.edu/departments/compliance/policylibrary/policy.html?doc=5D8D5472-5518-47A9-88C6-6344FD772CD2,https://jagworks.southalabama.edu/southalabama-aialive/,https://www.southalabama.edu/departments/ilc/minicourses.html; https://jagworks.southalabama.edu/southalabama-aialive/; https://www.southalabama.edu/departments/compliance/policylibrary/policy.html?doc=5D8D5472-5518-47A9-88C6-6344FD772CD2,https://www.southalabama.edu/departments/compliance/policylibrary/policy.html?doc=5D8D5472-5518-47A9-88C6-6344FD772CD2; https://www.southalabama.edu/departments/research/research-centers/; https://sites.google.com/southalabama.edu/iaim/,https://www.southalabama.edu/departments/compliance/policylibrary/policy.html?doc=5D8D5472-5518-47A9-88C6-6344FD772CD2; https://jagworks.southalabama.edu/southalabama-aialive/,https://www.southalabama.edu/departments/compliance/policylibrary/policyupdates.html,https://www.southalabama.edu/departments/compliance/policylibrary/policy.html?doc=5D8D5472-5518-47A9-88C6-6344FD772CD2,https://www.southalabama.edu/departments/compliance/policylibrary/policy.html?doc=5D8D5472-5518-47A9-88C6-6344FD772CD2,0.4166666666666667,0.625,0.1111111111111111,0.0,28.819444444444446,67.0,33.333333333333336,64.0,21.064814814814813,66.0,35.55555555555556,64.0
U8,1.0,1.0,0.0,1.0,0.8333333333333334,0.5,0.0,0.0,0.0,0.16666666666666666,0.0,0.0,Public Research-Oriented,R2,South,~16k students,University of South Alabama,"- https://www.southalabama.edu/departments/compliance/policylibrary/policy.html?doc=5D8D5472-5518-47A9-88C6-6344FD772CD2 
- https://libguides.southalabama.edu/c.php?g=1395847&p=10876813 ","- https://www.southalabama.edu/departments/ilc/minicourses.html  
- https://jagworks.southalabama.edu/southalabama-aialive/   
- https://libguides.southalabama.edu/ai_for_educators ","- https://sites.google.com/southalabama.edu/iaim/   
- https://www.southalabama.edu/departments/research/research-centers/ ",- https://jagworks.southalabama.edu/southalabama-aialive/ ,- https://els-bib.southalabama.edu/departments/ilc/minicourses.html ,,,"- https://www.southalabama.edu/departments/compliance/policylibrary/policy.html?doc=5D8D5472-5518-47A9-88C6-6344FD772CD2
- https://libguides.southalabama.edu/c.php?g=1395847&p=10876813
- https://www.southalabama.edu/departments/ilc/minicourses.html
- https://jagworks.southalabama.edu/southalabama-aialive/
- https://libguides.southalabama.edu/ai_for_educators
- https://sites.google.com/southalabama.edu/iaim/
- https://www.southalabama.edu/departments/research/research-centers/
- https://els-bib.southalabama.edu/departments/ilc/minicourses.html",https://www.southalabama.edu/departments/compliance/policylibrary/policy.html?doc=5D8D5472-5518-47A9-88C6-6344FD772CD2,https://www.southalabama.edu/departments/compliance/policylibrary/policy.html?doc=5D8D5472-5518-47A9-88C6-6344FD772CD2; https://www.southalabama.edu/departments/ilc/minicourses.html; https://jagworks.southalabama.edu/southalabama-aialive/; https://sites.google.com/southalabama.edu/iaim/; https://www.southalabama.edu/departments/research/research-centers/,https://www.southalabama.edu/departments/ilc/minicourses.html; https://jagworks.southalabama.edu/southalabama-aialive/,https://www.southalabama.edu/departments/compliance/policylibrary/policy.html?doc=5D8D5472-5518-47A9-88C6-6344FD772CD2,https://jagworks.southalabama.edu/southalabama-aialive/,https://www.southalabama.edu/departments/compliance/policylibrary/policy.html?doc=5D8D5472-5518-47A9-88C6-6344FD772CD2; https://www.southalabama.edu/departments/ilc/minicourses.html; https://jagworks.southalabama.edu/southalabama-aialive/,https://www.southalabama.edu/departments/compliance/policylibrary/policy.html?doc=5D8D5472-5518-47A9-88C6-6344FD772CD2; https://www.southalabama.edu/departments/research/research-centers/; https://sites.google.com/southalabama.edu/iaim/,https://www.southalabama.edu/departments/compliance/policylibrary/policy.html?doc=5D8D5472-5518-47A9-88C6-6344FD772CD2; https://www.southalabama.edu/departments/research/research-centers/; https://sites.google.com/southalabama.edu/iaim/,https://www.southalabama.edu/departments/compliance/policylibrary/policy.html?doc=5D8D5472-5518-47A9-88C6-6344FD772CD2,https://www.southalabama.edu/departments/compliance/policylibrary/policy.html?doc=5D8D5472-5518-47A9-88C6-6344FD772CD2; https://www.southalabama.edu/departments/ilc/minicourses.html; https://jagworks.southalabama.edu/southalabama-aialive/,https://www.southalabama.edu/departments/compliance/policylibrary/policy.html?doc=5D8D5472-5518-47A9-88C6-6344FD772CD2; https://www.southalabama.edu/departments/ilc/minicourses.html; https://jagworks.southalabama.edu/southalabama-aialive/,0.5,0.5833333333333334,0.05555555555555555,0.0,28.472222222222225,64.5,31.818181818181817,64.0,19.90740740740741,65.5,34.44444444444444,64.0
U8,1.5,1.0,0.16666666666666666,1.0,0.8333333333333334,0.16666666666666666,0.0,0.0,0.0,0.3333333333333333,0.0,0.0,Public Research-Oriented,R2,South,~16k students,University of South Alabama,"- https://www.southalabama.edu/departments/compliance/policylibrary/policy.html?doc=5D8D5472-5518-47A9-88C6-6344FD772CD2 
- https://libguides.southalabama.edu/c.php?g=1395847&p=10876813 ","- https://www.southalabama.edu/departments/ilc/minicourses.html  
- https://jagworks.southalabama.edu/southalabama-aialive/   
- https://libguides.southalabama.edu/ai_for_educators ","- https://sites.google.com/southalabama.edu/iaim/   
- https://www.southalabama.edu/departments/research/research-centers/ ",- https://jagworks.southalabama.edu/southalabama-aialive/ ,- https://els-bib.southalabama.edu/departments/ilc/minicourses.html ,,,"- https://www.southalabama.edu/departments/compliance/policylibrary/policy.html?doc=5D8D5472-5518-47A9-88C6-6344FD772CD2
- https://libguides.southalabama.edu/c.php?g=1395847&p=10876813
- https://www.southalabama.edu/departments/ilc/minicourses.html
- https://jagworks.southalabama.edu/southalabama-aialive/
- https://libguides.southalabama.edu/ai_for_educators
- https://sites.google.com/southalabama.edu/iaim/
- https://www.southalabama.edu/departments/research/research-centers/
- https://els-bib.southalabama.edu/departments/ilc/minicourses.html",https://www.southalabama.edu/departments/compliance/policylibrary/policy.html?doc=5D8D5472-5518-47A9-88C6-6344FD772CD2,https://www.southalabama.edu/departments/compliance/policylibrary/policy.html?doc=5D8D5472-5518-47A9-88C6-6344FD772CD2,https://www.southalabama.edu/departments/ilc/minicourses.html,https://www.southalabama.edu/departments/compliance/policylibrary/policy.html?doc=5D8D5472-5518-47A9-88C6-6344FD772CD2,https://jagworks.southalabama.edu/southalabama-aialive/,https://www.southalabama.edu/departments/ilc/minicourses.html; https://jagworks.southalabama.edu/southalabama-aialive/; https://www.southalabama.edu/departments/compliance/policylibrary/policy.html?doc=5D8D5472-5518-47A9-88C6-6344FD772CD2,https://www.southalabama.edu/departments/compliance/policylibrary/policy.html?doc=5D8D5472-5518-47A9-88C6-6344FD772CD2; https://jagworks.southalabama.edu/southalabama-aialive/; https://sites.google.com/southalabama.edu/iaim/,https://www.southalabama.edu/departments/compliance/policylibrary/policy.html?doc=5D8D5472-5518-47A9-88C6-6344FD772CD2; https://jagworks.southalabama.edu/southalabama-aialive/; https://sites.google.com/southalabama.edu/iaim/,https://www.southalabama.edu/departments/compliance/policylibrary/policy.html?doc=5D8D5472-5518-47A9-88C6-6344FD772CD2,https://www.southalabama.edu/departments/compliance/policylibrary/policy.html?doc=5D8D5472-5518-47A9-88C6-6344FD772CD2,https://www.southalabama.edu/departments/compliance/policylibrary/policy.html?doc=5D8D5472-5518-47A9-88C6-6344FD772CD2,0.5833333333333334,0.5,0.1111111111111111,0.0,29.861111111111114,66.0,31.818181818181824,66.0,21.759259259259263,66.0,33.88888888888889,66.0
U9,0.5,0.5,0.5,1.0,0.5,0.3333333333333333,0.16666666666666666,0.0,0.0,0.5,0.16666666666666666,0.0,Public Research-Oriented,R2,South,~6k students,Jackson State University,"- https://www.jsums.edu/theepathway/common-syllabus-links-for-students/ 
- https://www.jsums.edu/ai/ ","- https://www.jsums.edu/scholars/main/teaching-learning/ 
- https://www.jsums.edu/scholars/main/teaching-research-writing-balance/ 
- https://www.jsums.edu/scholars/#AIONRAMP ","- https://www.jsums.edu/ai/   
- https://www.jsums.edu/ai-agency/   
- https://www.jsums.edu/scholars/faculty-ai-literacy-hub/ ",- https://drive.google.com/file/d/182Ra2GDW5cBWbL7zThSsWI4nA7xNuW_w/view ,- https://www.jsums.edu/theepathway/common-syllabus-links-for-students/ ,,"- https://www.jsums.edu/ai/   
- https://www.jsums.edu/ai-agency/   
- https://www.jsums.edu/www.jsums.edu/ai-agency/   
- https://www.jsums.edu/scholars/faculty-ai-literacy-hub/   
- https://www.jsums.edu/informationtechnology/dit-software/ ","- https://www.jsums.edu/theepathway/common-syllabus-links-for-students/
- https://www.jsums.edu/ai/
- https://www.jsums.edu/scholars/main/teaching-learning/
- https://www.jsums.edu/scholars/main/teaching-research-writing-balance/
- https://www.jsums.edu/scholars/#AIONRAMP
- https://www.jsums.edu/ai-agency/
- https://www.jsums.edu/scholars/faculty-ai-literacy-hub/
- https://drive.google.com/file/d/182Ra2GDW5cBWbL7zThSsWI4nA7xNuW_w/view
- https://www.jsums.edu/www.jsums.edu/ai-agency/
- https://www.jsums.edu/informationtechnology/dit-software/",https://www.jsums.edu/theepathway/common-syllabus-links-for-students/; https://www.jsums.edu/ai/,https://www.jsums.edu/theepathway/common-syllabus-links-for-students/; https://www.jsums.edu/ai/,https://www.jsums.edu/scholars/faculty-ai-literacy-hub/; https://www.jsums.edu/scholars/main/teaching-learning/; https://www.jsums.edu/scholars/main/teaching-research-writing-balance/; https://www.jsums.edu/scholars/#AIONRAMP,https://www.jsums.edu/theepathway/common-syllabus-links-for-students/; https://www.jsums.edu/ai/; https://www.jsums.edu/scholars/faculty-ai-literacy-hub/,https://www.jsums.edu/scholars/faculty-ai-literacy-hub/; https://www.jsums.edu/scholars/main/teaching-learning/; https://www.jsums.edu/scholars/#AIONRAMP; https://www.jsums.edu/ai/,https://www.jsums.edu/theepathway/common-syllabus-links-for-students/; https://www.jsums.edu/scholars/faculty-ai-literacy-hub/; https://www.jsums.edu/scholars/main/teaching-learning/,https://www.jsums.edu/ai/; https://www.jsums.edu/ai-agency/; https://www.jsums.edu/scholars/#AIONRAMP,https://www.jsums.edu/ai/; https://www.jsums.edu/ai-agency/,https://www.jsums.edu/theepathway/common-syllabus-links-for-students/,https://www.jsums.edu/theepathway/common-syllabus-links-for-students/; https://www.jsums.edu/ai/,https://www.jsums.edu/theepathway/common-syllabus-links-for-students/; https://www.jsums.edu/ai/,0.5,0.5,0.16666666666666666,0.08333333333333333,31.25,63.5,33.33333333333333,65.0,25.0,63.5,35.0,65.0
U9,1.0,0.6666666666666666,0.8333333333333334,1.0,0.5,0.3333333333333333,0.5,0.0,0.0,0.5,0.16666666666666666,0.0,Public Research-Oriented,R2,South,~6k students,Jackson State University,"- https://www.jsums.edu/theepathway/common-syllabus-links-for-students/ 
- https://www.jsums.edu/ai/ ","- https://www.jsums.edu/scholars/main/teaching-learning/ 
- https://www.jsums.edu/scholars/main/teaching-research-writing-balance/ 
- https://www.jsums.edu/scholars/#AIONRAMP ","- https://www.jsums.edu/ai/   
- https://www.jsums.edu/ai-agency/   
- https://www.jsums.edu/scholars/faculty-ai-literacy-hub/ ",- https://drive.google.com/file/d/182Ra2GDW5cBWbL7zThSsWI4nA7xNuW_w/view ,- https://www.jsums.edu/theepathway/common-syllabus-links-for-students/ ,,"- https://www.jsums.edu/ai/   
- https://www.jsums.edu/ai-agency/   
- https://www.jsums.edu/www.jsums.edu/ai-agency/   
- https://www.jsums.edu/scholars/faculty-ai-literacy-hub/   
- https://www.jsums.edu/informationtechnology/dit-software/ ","- https://www.jsums.edu/theepathway/common-syllabus-links-for-students/
- https://www.jsums.edu/ai/
- https://www.jsums.edu/scholars/main/teaching-learning/
- https://www.jsums.edu/scholars/main/teaching-research-writing-balance/
- https://www.jsums.edu/scholars/#AIONRAMP
- https://www.jsums.edu/ai-agency/
- https://www.jsums.edu/scholars/faculty-ai-literacy-hub/
- https://drive.google.com/file/d/182Ra2GDW5cBWbL7zThSsWI4nA7xNuW_w/view
- https://www.jsums.edu/www.jsums.edu/ai-agency/
- https://www.jsums.edu/informationtechnology/dit-software/",https://www.jsums.edu/theepathway/common-syllabus-links-for-students/; https://www.jsums.edu/ai/,https://www.jsums.edu/theepathway/common-syllabus-links-for-students/; https://www.jsums.edu/ai/,https://www.jsums.edu/scholars/; https://www.jsums.edu/scholars/faculty-ai-literacy-hub/,https://www.jsums.edu/theepathway/common-syllabus-links-for-students/; https://www.jsums.edu/ai/,https://www.jsums.edu/scholars/,https://www.jsums.edu/theepathway/common-syllabus-links-for-students/,https://www.jsums.edu/ai/; https://www.jsums.edu/theepathway/common-syllabus-links-for-students/; https://www.jsums.edu/scholars/; https://www.jsums.edu/ai-agency/,https://www.jsums.edu/ai/; https://www.jsums.edu/theepathway/common-syllabus-links-for-students/; https://www.jsums.edu/scholars/; https://www.jsums.edu/ai-agency/,https://www.jsums.edu/theepathway/common-syllabus-links-for-students/,https://www.jsums.edu/ai/; https://www.jsums.edu/theepathway/common-syllabus-links-for-students/; https://www.jsums.edu/informationtechnology/dit-software/,https://www.jsums.edu/ai/; https://www.jsums.edu/theepathway/common-syllabus-links-for-students/,0.75,0.5833333333333333,0.16666666666666666,0.08333333333333333,39.58333333333333,55.5,40.909090909090914,57.5,30.555555555555554,57.0,43.33333333333333,57.0
U9,1.5,0.5,0.8333333333333334,1.0,0.8333333333333334,0.3333333333333333,0.3333333333333333,0.0,0.0,0.5,0.16666666666666666,0.0,Public Research-Oriented,R2,South,~6k students,Jackson State University,"- https://www.jsums.edu/theepathway/common-syllabus-links-for-students/ 
- https://www.jsums.edu/ai/ ","- https://www.jsums.edu/scholars/main/teaching-learning/ 
- https://www.jsums.edu/scholars/main/teaching-research-writing-balance/ 
- https://www.jsums.edu/scholars/#AIONRAMP ","- https://www.jsums.edu/ai/   
- https://www.jsums.edu/ai-agency/   
- https://www.jsums.edu/scholars/faculty-ai-literacy-hub/ ",- https://drive.google.com/file/d/182Ra2GDW5cBWbL7zThSsWI4nA7xNuW_w/view ,- https://www.jsums.edu/theepathway/common-syllabus-links-for-students/ ,,"- https://www.jsums.edu/ai/   
- https://www.jsums.edu/ai-agency/   
- https://www.jsums.edu/www.jsums.edu/ai-agency/   
- https://www.jsums.edu/scholars/faculty-ai-literacy-hub/   
- https://www.jsums.edu/informationtechnology/dit-software/ ","- https://www.jsums.edu/theepathway/common-syllabus-links-for-students/
- https://www.jsums.edu/ai/
- https://www.jsums.edu/scholars/main/teaching-learning/
- https://www.jsums.edu/scholars/main/teaching-research-writing-balance/
- https://www.jsums.edu/scholars/#AIONRAMP
- https://www.jsums.edu/ai-agency/
- https://www.jsums.edu/scholars/faculty-ai-literacy-hub/
- https://drive.google.com/file/d/182Ra2GDW5cBWbL7zThSsWI4nA7xNuW_w/view
- https://www.jsums.edu/www.jsums.edu/ai-agency/
- https://www.jsums.edu/informationtechnology/dit-software/",https://www.jsums.edu/theepathway/common-syllabus-links-for-students/,https://www.jsums.edu/theepathway/common-syllabus-links-for-students/,https://www.jsums.edu/scholars/faculty-ai-literacy-hub/; https://www.jsums.edu/scholars/,https://www.jsums.edu/theepathway/common-syllabus-links-for-students/,https://www.jsums.edu/scholars/faculty-ai-literacy-hub/; https://www.jsums.edu/scholars/; https://www.jsums.edu/ai/,https://www.jsums.edu/scholars/faculty-ai-literacy-hub/; https://www.jsums.edu/theepathway/common-syllabus-links-for-students/,https://www.jsums.edu/ai/; https://www.jsums.edu/ai-agency/,https://www.jsums.edu/ai/; https://www.jsums.edu/theepathway/common-syllabus-links-for-students/,https://www.jsums.edu/theepathway/common-syllabus-links-for-students/,https://www.jsums.edu/theepathway/common-syllabus-links-for-students/; https://www.jsums.edu/ai/,https://www.jsums.edu/theepathway/common-syllabus-links-for-students/; https://www.jsums.edu/studentsuccess/,0.6666666666666667,0.6250000000000001,0.16666666666666666,0.08333333333333333,38.54166666666667,58.0,40.90909090909092,59.0,29.861111111111114,58.0,43.33333333333334,57.0
